factorLayer,months,averageMonthlyReturn,monthlyVolatility,annualizedReturn,annualizedVolatility,annualizedSharpe,cumulativeReturn,monthlyWinRate,topMinusBottomCumulativeSpread
1,53,0.00804682166,0.088110526129,0.05549289505,0.305223815874,0.316364106904,0.269387754823,0.547169811321,0.398008544426
2,53,0.011552402601,0.082492602065,0.106174981254,0.28576275605,0.485118610717,0.561547705306,0.603773584906,0.398008544426
3,53,0.012399738121,0.081723094366,0.118068230985,0.283097103189,0.525603603051,0.637074177586,0.547169811321,0.398008544426
4,53,0.01174382368,0.076197980327,0.114452777313,0.263957546722,0.533896021961,0.613822302343,0.566037735849,0.398008544426
5,53,0.01182416643,0.06849586566,0.122723836882,0.237276638862,0.597993961126,0.667396299249,0.547169811321,0.398008544426
