monthCount,averageMonthlyReturn,monthlyVolatility,annualizedReturn,annualizedVolatility,annualizedSharpe,cumulativeReturn,eligibleUniverseCumulativeReturn,maxDrawdown,averageOneWayTurnover,worstMonth,bestMonth
53,0.012684704980792449,0.06809448665369698,0.13436994035081296,0.23588622119904798,0.6452961050279596,0.7451521669779644,0.5478193151645419,-0.14770261731283674,0.2701923076923076,-0.117867524241,0.32218814572
