tradeDate,factor,label,category,ic,coverage,universe
2015-01-05,roe,ROE,盈利,0.09918363851777741,1912,2038
2015-01-05,grossMargin,毛利率,盈利,0.09748622811350509,1912,2038
2015-01-05,ocfToRevenue,经营现金流/营收,现金流,-0.04369181281850592,1912,2038
2015-01-05,fcfToEv,自由现金流/企业价值,现金流,0.006454728371079814,1874,2038
2015-01-05,debtToAssets,资产负债率,质量,0.09450843242262286,1912,2038
2015-01-05,receivablesTurnover,应收账款周转率,质量,0.07456247027958858,1877,2038
2015-01-05,inventoryTurnover,存货周转率,质量,0.03621370629719009,1869,2038
2015-01-05,logMarketCap,总市值(对数),规模,-0.040504728234162776,2038,2038
2015-01-05,logRevenue,营业收入(对数),规模,-0.11117094770801358,1912,2038
2015-01-05,logAssets,总资产(对数),规模,-0.11588253209932868,1912,2038
2015-01-05,turnover,换手率,换手率,0.1085061885853769,2038,2038
2015-01-05,turnover20,20日平均换手率,换手率,0.09970338359648559,2038,2038
2015-01-05,turnoverStd20,20日换手率标准差,换手率,0.11951003886519006,2038,2038
2015-01-12,roe,ROE,盈利,0.08699256899990611,1917,2040
2015-01-12,grossMargin,毛利率,盈利,0.07514361983362687,1917,2040
2015-01-12,ocfToRevenue,经营现金流/营收,现金流,-0.09217136860826097,1917,2040
2015-01-12,fcfToEv,自由现金流/企业价值,现金流,-0.027473005295574206,1879,2040
2015-01-12,debtToAssets,资产负债率,质量,0.10189704076532562,1917,2040
2015-01-12,receivablesTurnover,应收账款周转率,质量,0.02136399848808888,1882,2040
2015-01-12,inventoryTurnover,存货周转率,质量,-0.028550103555017862,1874,2040
2015-01-12,logMarketCap,总市值(对数),规模,-0.20123242860368895,2040,2040
2015-01-12,logRevenue,营业收入(对数),规模,-0.23847442893511403,1917,2040
2015-01-12,logAssets,总资产(对数),规模,-0.25747930780760553,1917,2040
2015-01-12,turnover,换手率,换手率,0.0928124476642047,2040,2040
2015-01-12,turnover20,20日平均换手率,换手率,0.08397420311915493,2040,2040
2015-01-12,turnoverStd20,20日换手率标准差,换手率,0.10359779565755653,2040,2040
2015-01-19,roe,ROE,盈利,-0.04638068695534494,1910,2030
2015-01-19,grossMargin,毛利率,盈利,-0.11533664597828401,1910,2030
2015-01-19,ocfToRevenue,经营现金流/营收,现金流,-0.07281647924184959,1910,2030
2015-01-19,fcfToEv,自由现金流/企业价值,现金流,-0.008276378830187038,1873,2030
2015-01-19,debtToAssets,资产负债率,质量,-0.08969191062783391,1910,2030
2015-01-19,receivablesTurnover,应收账款周转率,质量,-0.0314669846442397,1876,2030
2015-01-19,inventoryTurnover,存货周转率,质量,-0.006166647227315756,1869,2030
2015-01-19,logMarketCap,总市值(对数),规模,-0.036304256752064626,2030,2030
2015-01-19,logRevenue,营业收入(对数),规模,0.010972033111196003,1910,2030
2015-01-19,logAssets,总资产(对数),规模,-0.006098646604491041,1910,2030
2015-01-19,turnover,换手率,换手率,0.08280506237490504,2030,2030
2015-01-19,turnover20,20日平均换手率,换手率,0.00891682889883363,2030,2030
2015-01-19,turnoverStd20,20日换手率标准差,换手率,0.025663075815447495,2030,2030
2015-01-26,roe,ROE,盈利,0.053619410084896804,1923,2044
2015-01-26,grossMargin,毛利率,盈利,0.021407248361585172,1923,2044
2015-01-26,ocfToRevenue,经营现金流/营收,现金流,-0.06724312023705031,1923,2044
2015-01-26,fcfToEv,自由现金流/企业价值,现金流,-0.016211312139815658,1886,2044
2015-01-26,debtToAssets,资产负债率,质量,0.0591153744664245,1923,2044
2015-01-26,receivablesTurnover,应收账款周转率,质量,-0.049447326888006626,1889,2044
2015-01-26,inventoryTurnover,存货周转率,质量,-0.02272151511337289,1881,2044
2015-01-26,logMarketCap,总市值(对数),规模,-0.2503893961222299,2044,2044
2015-01-26,logRevenue,营业收入(对数),规模,-0.18916751492748296,1923,2044
2015-01-26,logAssets,总资产(对数),规模,-0.2164759669392478,1923,2044
2015-01-26,turnover,换手率,换手率,0.12870516741756988,2044,2044
2015-01-26,turnover20,20日平均换手率,换手率,0.16358261566861862,2044,2044
2015-01-26,turnoverStd20,20日换手率标准差,换手率,0.1667816890537909,2044,2044
2015-02-02,roe,ROE,盈利,0.018996377886947267,1935,2060
2015-02-02,grossMargin,毛利率,盈利,0.06267155435636303,1935,2060
2015-02-02,ocfToRevenue,经营现金流/营收,现金流,-0.01300775389963852,1935,2060
2015-02-02,fcfToEv,自由现金流/企业价值,现金流,0.02080678500336663,1899,2060
2015-02-02,debtToAssets,资产负债率,质量,0.034467329533347094,1935,2060
2015-02-02,receivablesTurnover,应收账款周转率,质量,0.04883039928313454,1902,2060
2015-02-02,inventoryTurnover,存货周转率,质量,0.005476499525982342,1895,2060
2015-02-02,logMarketCap,总市值(对数),规模,-0.04150044945197951,2060,2060
2015-02-02,logRevenue,营业收入(对数),规模,-0.08505887663232524,1935,2060
2015-02-02,logAssets,总资产(对数),规模,-0.08487593281408948,1935,2060
2015-02-02,turnover,换手率,换手率,0.07123889721488853,2060,2060
2015-02-02,turnover20,20日平均换手率,换手率,0.08332261910892028,2060,2060
2015-02-02,turnoverStd20,20日换手率标准差,换手率,0.0910012889842832,2060,2060
2015-02-09,roe,ROE,盈利,0.025698114139858712,1939,2063
2015-02-09,grossMargin,毛利率,盈利,0.08156003692795326,1939,2063
2015-02-09,ocfToRevenue,经营现金流/营收,现金流,0.021319134792254675,1939,2063
2015-02-09,fcfToEv,自由现金流/企业价值,现金流,-0.007500790010848963,1902,2063
2015-02-09,debtToAssets,资产负债率,质量,0.09971372549516497,1939,2063
2015-02-09,receivablesTurnover,应收账款周转率,质量,-0.03671332267852018,1905,2063
2015-02-09,inventoryTurnover,存货周转率,质量,-0.049969289921863905,1899,2063
2015-02-09,logMarketCap,总市值(对数),规模,-0.04658092646144913,2063,2063
2015-02-09,logRevenue,营业收入(对数),规模,-0.11269662196056245,1939,2063
2015-02-09,logAssets,总资产(对数),规模,-0.08801089505057076,1939,2063
2015-02-09,turnover,换手率,换手率,0.026800216195014423,2063,2063
2015-02-09,turnover20,20日平均换手率,换手率,-0.06718840886781371,2063,2063
2015-02-09,turnoverStd20,20日换手率标准差,换手率,-0.034656851628752,2063,2063
2015-02-16,roe,ROE,盈利,-0.06628290542996579,1951,2080
2015-02-16,grossMargin,毛利率,盈利,-0.04018909687432678,1951,2080
2015-02-16,ocfToRevenue,经营现金流/营收,现金流,-0.03519720410315391,1951,2080
2015-02-16,fcfToEv,自由现金流/企业价值,现金流,-0.038366901619616235,1914,2080
2015-02-16,debtToAssets,资产负债率,质量,-0.08999564525539967,1951,2080
2015-02-16,receivablesTurnover,应收账款周转率,质量,-0.011733238839780535,1916,2080
2015-02-16,inventoryTurnover,存货周转率,质量,-0.006769290677615427,1909,2080
2015-02-16,logMarketCap,总市值(对数),规模,-0.05287608835277868,2080,2080
2015-02-16,logRevenue,营业收入(对数),规模,-0.024735371121575304,1951,2080
2015-02-16,logAssets,总资产(对数),规模,-0.012007336348269573,1951,2080
2015-02-16,turnover,换手率,换手率,0.021596398151678096,2080,2080
2015-02-16,turnover20,20日平均换手率,换手率,0.005625030740182149,2080,2080
2015-02-16,turnoverStd20,20日换手率标准差,换手率,0.0032911826861911795,2080,2080
2015-03-02,roe,ROE,盈利,-0.015647603899533822,1948,2077
2015-03-02,grossMargin,毛利率,盈利,-0.05656559423850682,1948,2077
2015-03-02,ocfToRevenue,经营现金流/营收,现金流,-0.022573481022084837,1948,2077
2015-03-02,fcfToEv,自由现金流/企业价值,现金流,-0.0228646180572816,1910,2077
2015-03-02,debtToAssets,资产负债率,质量,-0.001386566208659672,1948,2077
2015-03-02,receivablesTurnover,应收账款周转率,质量,-0.05243592384115628,1912,2077
2015-03-02,inventoryTurnover,存货周转率,质量,-0.006105138941482522,1905,2077
2015-03-02,logMarketCap,总市值(对数),规模,-0.25721198696242736,2077,2077
2015-03-02,logRevenue,营业收入(对数),规模,-0.13852916734077647,1948,2077
2015-03-02,logAssets,总资产(对数),规模,-0.16215501683599456,1948,2077
2015-03-02,turnover,换手率,换手率,0.07595184380215585,2077,2077
2015-03-02,turnover20,20日平均换手率,换手率,0.09641993677368021,2077,2077
2015-03-02,turnoverStd20,20日换手率标准差,换手率,0.09696698317886658,2077,2077
2015-03-09,roe,ROE,盈利,0.020254365646816777,1929,2058
2015-03-09,grossMargin,毛利率,盈利,0.05758969854157558,1929,2058
2015-03-09,ocfToRevenue,经营现金流/营收,现金流,0.0012229938312803368,1929,2058
2015-03-09,fcfToEv,自由现金流/企业价值,现金流,0.03801606507811375,1893,2058
2015-03-09,debtToAssets,资产负债率,质量,0.057688935001741506,1929,2058
2015-03-09,receivablesTurnover,应收账款周转率,质量,-0.036015502263730625,1894,2058
2015-03-09,inventoryTurnover,存货周转率,质量,-0.07877039885322432,1887,2058
2015-03-09,logMarketCap,总市值(对数),规模,-0.06708337073089876,2058,2058
2015-03-09,logRevenue,营业收入(对数),规模,-0.08180369450363796,1929,2058
2015-03-09,logAssets,总资产(对数),规模,-0.07003857324748324,1929,2058
2015-03-09,turnover,换手率,换手率,0.06072820885777884,2058,2058
2015-03-09,turnover20,20日平均换手率,换手率,0.04087797057728419,2058,2058
2015-03-09,turnoverStd20,20日换手率标准差,换手率,0.07780922823490749,2058,2058
2015-03-16,roe,ROE,盈利,-0.014923768618026575,1914,2041
2015-03-16,grossMargin,毛利率,盈利,-0.008126751003663942,1914,2041
2015-03-16,ocfToRevenue,经营现金流/营收,现金流,0.008157584180366668,1914,2041
2015-03-16,fcfToEv,自由现金流/企业价值,现金流,-0.021540513599680438,1877,2041
2015-03-16,debtToAssets,资产负债率,质量,-0.021617270383599844,1914,2041
2015-03-16,receivablesTurnover,应收账款周转率,质量,-0.056911114165353695,1878,2041
2015-03-16,inventoryTurnover,存货周转率,质量,-0.06461749545021875,1871,2041
2015-03-16,logMarketCap,总市值(对数),规模,-0.06816791934807485,2041,2041
2015-03-16,logRevenue,营业收入(对数),规模,-0.03766527043975439,1914,2041
2015-03-16,logAssets,总资产(对数),规模,-0.02982968712529391,1914,2041
2015-03-16,turnover,换手率,换手率,-0.010537173463178437,2041,2041
2015-03-16,turnover20,20日平均换手率,换手率,-0.008531970946702548,2041,2041
2015-03-16,turnoverStd20,20日换手率标准差,换手率,0.02270481022096898,2041,2041
2015-03-23,roe,ROE,盈利,0.009605469682930886,1896,2019
2015-03-23,grossMargin,毛利率,盈利,-0.031282991932449794,1896,2019
2015-03-23,ocfToRevenue,经营现金流/营收,现金流,-0.02041358487101667,1896,2019
2015-03-23,fcfToEv,自由现金流/企业价值,现金流,-0.030031228534109927,1859,2019
2015-03-23,debtToAssets,资产负债率,质量,-0.09248721124263723,1896,2019
2015-03-23,receivablesTurnover,应收账款周转率,质量,0.027674281533171672,1860,2019
2015-03-23,inventoryTurnover,存货周转率,质量,0.07060046517426526,1853,2019
2015-03-23,logMarketCap,总市值(对数),规模,-0.0021873348082679838,2019,2019
2015-03-23,logRevenue,营业收入(对数),规模,0.09809618632036675,1896,2019
2015-03-23,logAssets,总资产(对数),规模,0.12151995874017556,1896,2019
2015-03-23,turnover,换手率,换手率,0.08657014287098268,2019,2019
2015-03-23,turnover20,20日平均换手率,换手率,0.09777722410431662,2019,2019
2015-03-23,turnoverStd20,20日换手率标准差,换手率,0.08984503213008448,2019,2019
2015-03-30,roe,ROE,盈利,0.04702365786059011,1884,2002
2015-03-30,grossMargin,毛利率,盈利,0.06900727065018959,1884,2002
2015-03-30,ocfToRevenue,经营现金流/营收,现金流,-0.04175333301755567,1884,2002
2015-03-30,fcfToEv,自由现金流/企业价值,现金流,-0.001193264200575625,1848,2002
2015-03-30,debtToAssets,资产负债率,质量,0.10592105037401656,1884,2002
2015-03-30,receivablesTurnover,应收账款周转率,质量,-0.003796208342797256,1849,2002
2015-03-30,inventoryTurnover,存货周转率,质量,0.011481878753835113,1842,2002
2015-03-30,logMarketCap,总市值(对数),规模,-0.19996419002584878,2002,2002
2015-03-30,logRevenue,营业收入(对数),规模,-0.18907987330818712,1884,2002
2015-03-30,logAssets,总资产(对数),规模,-0.19367878007671108,1884,2002
2015-03-30,turnover,换手率,换手率,0.07602045816134807,2002,2002
2015-03-30,turnover20,20日平均换手率,换手率,0.030917280582827576,2002,2002
2015-03-30,turnoverStd20,20日换手率标准差,换手率,0.057749412179012125,2002,2002
2015-04-07,roe,ROE,盈利,-0.05168864543218663,1885,2006
2015-04-07,grossMargin,毛利率,盈利,-0.060141154783903826,1885,2006
2015-04-07,ocfToRevenue,经营现金流/营收,现金流,0.017554144856026396,1885,2006
2015-04-07,fcfToEv,自由现金流/企业价值,现金流,0.0020021023671822178,1849,2006
2015-04-07,debtToAssets,资产负债率,质量,-0.05721257532852757,1885,2006
2015-04-07,receivablesTurnover,应收账款周转率,质量,-0.07460438336587875,1850,2006
2015-04-07,inventoryTurnover,存货周转率,质量,-0.04449468742090423,1842,2006
2015-04-07,logMarketCap,总市值(对数),规模,-0.07478818271753297,2006,2006
2015-04-07,logRevenue,营业收入(对数),规模,0.0019193842843232777,1885,2006
2015-04-07,logAssets,总资产(对数),规模,0.006166083761395615,1885,2006
2015-04-07,turnover,换手率,换手率,0.12244787944588785,2006,2006
2015-04-07,turnover20,20日平均换手率,换手率,0.10375990379693788,2006,2006
2015-04-07,turnoverStd20,20日换手率标准差,换手率,0.10242846887490858,2006,2006
2015-04-14,roe,ROE,盈利,-0.03774591927581774,1884,2007
2015-04-14,grossMargin,毛利率,盈利,-0.051133764326019376,1884,2007
2015-04-14,ocfToRevenue,经营现金流/营收,现金流,0.016894761390838026,1884,2007
2015-04-14,fcfToEv,自由现金流/企业价值,现金流,-0.019344636817650043,1847,2007
2015-04-14,debtToAssets,资产负债率,质量,-0.08690477597755213,1884,2007
2015-04-14,receivablesTurnover,应收账款周转率,质量,0.058016866890560535,1848,2007
2015-04-14,inventoryTurnover,存货周转率,质量,0.00122163144101248,1840,2007
2015-04-14,logMarketCap,总市值(对数),规模,0.09884312087636947,2007,2007
2015-04-14,logRevenue,营业收入(对数),规模,0.14625123390512057,1884,2007
2015-04-14,logAssets,总资产(对数),规模,0.17827990546496245,1884,2007
2015-04-14,turnover,换手率,换手率,0.12431464221976583,2007,2007
2015-04-14,turnover20,20日平均换手率,换手率,0.09564466812465168,2007,2007
2015-04-14,turnoverStd20,20日换手率标准差,换手率,0.06397118729155533,2007,2007
2015-04-21,roe,ROE,盈利,-0.10781519223370177,1888,2010
2015-04-21,grossMargin,毛利率,盈利,-0.0337790383035969,1888,2010
2015-04-21,ocfToRevenue,经营现金流/营收,现金流,-0.039198326738375255,1888,2010
2015-04-21,fcfToEv,自由现金流/企业价值,现金流,-0.008206256543379128,1851,2010
2015-04-21,debtToAssets,资产负债率,质量,-0.03049937620151831,1888,2010
2015-04-21,receivablesTurnover,应收账款周转率,质量,-0.009639664652548605,1852,2010
2015-04-21,inventoryTurnover,存货周转率,质量,-0.06475213932887727,1844,2010
2015-04-21,logMarketCap,总市值(对数),规模,-0.060335181126221486,2010,2010
2015-04-21,logRevenue,营业收入(对数),规模,-0.024097273992770833,1888,2010
2015-04-21,logAssets,总资产(对数),规模,0.007422523570026774,1888,2010
2015-04-21,turnover,换手率,换手率,0.15106767486755876,2010,2010
2015-04-21,turnover20,20日平均换手率,换手率,0.10958209490881181,2010,2010
2015-04-21,turnoverStd20,20日换手率标准差,换手率,0.10047659722456864,2010,2010
2015-04-28,roe,ROE,盈利,0.006633319752609907,1891,2015
2015-04-28,grossMargin,毛利率,盈利,0.08255195105196171,1891,2015
2015-04-28,ocfToRevenue,经营现金流/营收,现金流,0.010012639604059537,1891,2015
2015-04-28,fcfToEv,自由现金流/企业价值,现金流,0.004563467432637113,1856,2015
2015-04-28,debtToAssets,资产负债率,质量,0.08978355577333456,1891,2015
2015-04-28,receivablesTurnover,应收账款周转率,质量,0.01343021957772696,1857,2015
2015-04-28,inventoryTurnover,存货周转率,质量,-0.04192745073610829,1852,2015
2015-04-28,logMarketCap,总市值(对数),规模,-0.1316651621338797,2015,2015
2015-04-28,logRevenue,营业收入(对数),规模,-0.19893014877926954,1891,2015
2015-04-28,logAssets,总资产(对数),规模,-0.1811296630215138,1891,2015
2015-04-28,turnover,换手率,换手率,0.11864731173269484,2015,2015
2015-04-28,turnover20,20日平均换手率,换手率,0.06860076804721199,2015,2015
2015-04-28,turnoverStd20,20日换手率标准差,换手率,0.08409001847921832,2015,2015
2015-05-06,roe,ROE,盈利,0.03623528950901999,1878,1999
2015-05-06,grossMargin,毛利率,盈利,0.0739894188506537,1878,1999
2015-05-06,ocfToRevenue,经营现金流/营收,现金流,0.02196894343415149,1878,1999
2015-05-06,fcfToEv,自由现金流/企业价值,现金流,-0.009739184665007911,1842,1999
2015-05-06,debtToAssets,资产负债率,质量,0.1002324498392923,1878,1999
2015-05-06,receivablesTurnover,应收账款周转率,质量,0.024290105662508193,1843,1999
2015-05-06,inventoryTurnover,存货周转率,质量,-0.04206692840656061,1838,1999
2015-05-06,logMarketCap,总市值(对数),规模,-0.12495648452212144,1999,1999
2015-05-06,logRevenue,营业收入(对数),规模,-0.2032374894445045,1878,1999
2015-05-06,logAssets,总资产(对数),规模,-0.21735999833106756,1878,1999
2015-05-06,turnover,换手率,换手率,0.04843211340266034,1999,1999
2015-05-06,turnover20,20日平均换手率,换手率,0.01880966220456285,1999,1999
2015-05-06,turnoverStd20,20日换手率标准差,换手率,0.0016338681691297889,1999,1999
2015-05-13,roe,ROE,盈利,0.04120221268022434,1890,2011
2015-05-13,grossMargin,毛利率,盈利,0.04990832018286055,1890,2011
2015-05-13,ocfToRevenue,经营现金流/营收,现金流,0.06710355369736834,1890,2011
2015-05-13,fcfToEv,自由现金流/企业价值,现金流,-0.04361953395119039,1855,2011
2015-05-13,debtToAssets,资产负债率,质量,0.089216930892355,1890,2011
2015-05-13,receivablesTurnover,应收账款周转率,质量,-0.013568339375447425,1856,2011
2015-05-13,inventoryTurnover,存货周转率,质量,-0.002014280011286244,1851,2011
2015-05-13,logMarketCap,总市值(对数),规模,-0.2529252764154022,2011,2011
2015-05-13,logRevenue,营业收入(对数),规模,-0.26807406248652016,1890,2011
2015-05-13,logAssets,总资产(对数),规模,-0.27741145486875207,1890,2011
2015-05-13,turnover,换手率,换手率,0.08559436363989681,2011,2011
2015-05-13,turnover20,20日平均换手率,换手率,0.043668429462458275,2011,2011
2015-05-13,turnoverStd20,20日换手率标准差,换手率,0.061041163309922125,2011,2011
2015-05-20,roe,ROE,盈利,0.02232165917586134,1880,2001
2015-05-20,grossMargin,毛利率,盈利,-0.045956830234906744,1880,2001
2015-05-20,ocfToRevenue,经营现金流/营收,现金流,0.11646607853519417,1880,2001
2015-05-20,fcfToEv,自由现金流/企业价值,现金流,-0.035520468148229026,1843,2001
2015-05-20,debtToAssets,资产负债率,质量,-0.025341018498417623,1880,2001
2015-05-20,receivablesTurnover,应收账款周转率,质量,-0.06040725715857297,1844,2001
2015-05-20,inventoryTurnover,存货周转率,质量,-0.02349698435530081,1840,2001
2015-05-20,logMarketCap,总市值(对数),规模,-0.20051145356979,2001,2001
2015-05-20,logRevenue,营业收入(对数),规模,-0.06871150916963922,1880,2001
2015-05-20,logAssets,总资产(对数),规模,-0.09109982303648227,1880,2001
2015-05-20,turnover,换手率,换手率,0.07247082424660489,2001,2001
2015-05-20,turnover20,20日平均换手率,换手率,0.07519312509999303,2001,2001
2015-05-20,turnoverStd20,20日换手率标准差,换手率,0.0868582650505952,2001,2001
2015-05-27,roe,ROE,盈利,0.008996272532383491,1849,1969
2015-05-27,grossMargin,毛利率,盈利,0.02782784544197745,1849,1969
2015-05-27,ocfToRevenue,经营现金流/营收,现金流,0.09572445325740855,1849,1969
2015-05-27,fcfToEv,自由现金流/企业价值,现金流,-0.009316184552524727,1813,1969
2015-05-27,debtToAssets,资产负债率,质量,0.019184866575063127,1849,1969
2015-05-27,receivablesTurnover,应收账款周转率,质量,-0.040776732599870955,1814,1969
2015-05-27,inventoryTurnover,存货周转率,质量,0.001290762532723887,1810,1969
2015-05-27,logMarketCap,总市值(对数),规模,-0.20708735240006118,1969,1969
2015-05-27,logRevenue,营业收入(对数),规模,-0.12939404490938408,1849,1969
2015-05-27,logAssets,总资产(对数),规模,-0.12757910614584755,1849,1969
2015-05-27,turnover,换手率,换手率,0.1258707692608139,1969,1969
2015-05-27,turnover20,20日平均换手率,换手率,0.0684077555270767,1969,1969
2015-05-27,turnoverStd20,20日换手率标准差,换手率,0.08313577249303312,1969,1969
2015-06-03,roe,ROE,盈利,-0.022823560777724298,1828,1942
2015-06-03,grossMargin,毛利率,盈利,-0.08217641271129894,1828,1942
2015-06-03,ocfToRevenue,经营现金流/营收,现金流,0.09328124116341685,1828,1942
2015-06-03,fcfToEv,自由现金流/企业价值,现金流,-0.015851113356764184,1791,1942
2015-06-03,debtToAssets,资产负债率,质量,-0.10543363473423661,1828,1942
2015-06-03,receivablesTurnover,应收账款周转率,质量,-0.10060244890741585,1792,1942
2015-06-03,inventoryTurnover,存货周转率,质量,-0.03025997685133118,1788,1942
2015-06-03,logMarketCap,总市值(对数),规模,-0.10061196367202974,1942,1942
2015-06-03,logRevenue,营业收入(对数),规模,0.09578170298471216,1828,1942
2015-06-03,logAssets,总资产(对数),规模,0.08388999944299974,1828,1942
2015-06-03,turnover,换手率,换手率,0.1008448019144045,1942,1942
2015-06-03,turnover20,20日平均换手率,换手率,0.06206088090626553,1942,1942
2015-06-03,turnoverStd20,20日换手率标准差,换手率,0.04601482276754559,1942,1942
2015-06-10,roe,ROE,盈利,-0.013220643545590006,1819,1935
2015-06-10,grossMargin,毛利率,盈利,-0.04379776550674151,1819,1935
2015-06-10,ocfToRevenue,经营现金流/营收,现金流,0.09685289261571457,1819,1935
2015-06-10,fcfToEv,自由现金流/企业价值,现金流,-0.040733814867059695,1784,1935
2015-06-10,debtToAssets,资产负债率,质量,-0.04637160787809761,1819,1935
2015-06-10,receivablesTurnover,应收账款周转率,质量,-0.08937345829237364,1785,1935
2015-06-10,inventoryTurnover,存货周转率,质量,-0.01706828169836278,1781,1935
2015-06-10,logMarketCap,总市值(对数),规模,-0.2027545474105746,1935,1935
2015-06-10,logRevenue,营业收入(对数),规模,-0.04711624355197168,1819,1935
2015-06-10,logAssets,总资产(对数),规模,-0.05304372858444971,1819,1935
2015-06-10,turnover,换手率,换手率,0.0043095470200233115,1935,1935
2015-06-10,turnover20,20日平均换手率,换手率,0.01206100571654678,1935,1935
2015-06-10,turnoverStd20,20日换手率标准差,换手率,0.019744580928339917,1935,1935
2015-06-17,roe,ROE,盈利,0.036681632965872596,1815,1930
2015-06-17,grossMargin,毛利率,盈利,-0.019499604310337208,1815,1930
2015-06-17,ocfToRevenue,经营现金流/营收,现金流,0.0002760775817563147,1815,1930
2015-06-17,fcfToEv,自由现金流/企业价值,现金流,-0.007229207129142646,1779,1930
2015-06-17,debtToAssets,资产负债率,质量,-0.06358221699183748,1815,1930
2015-06-17,receivablesTurnover,应收账款周转率,质量,-0.031493817423871265,1780,1930
2015-06-17,inventoryTurnover,存货周转率,质量,0.02587000732931132,1776,1930
2015-06-17,logMarketCap,总市值(对数),规模,0.10534112393736315,1930,1930
2015-06-17,logRevenue,营业收入(对数),规模,0.1641075440686848,1815,1930
2015-06-17,logAssets,总资产(对数),规模,0.17266191776241957,1815,1930
2015-06-17,turnover,换手率,换手率,0.1122102924549753,1930,1930
2015-06-17,turnover20,20日平均换手率,换手率,0.10993095336097813,1930,1930
2015-06-17,turnoverStd20,20日换手率标准差,换手率,0.06045935794288894,1930,1930
2015-06-25,roe,ROE,盈利,0.15512050075469597,1828,1951
2015-06-25,grossMargin,毛利率,盈利,0.0639024330901522,1828,1951
2015-06-25,ocfToRevenue,经营现金流/营收,现金流,-0.0813458083173653,1828,1951
2015-06-25,fcfToEv,自由现金流/企业价值,现金流,0.007210715725854298,1791,1951
2015-06-25,debtToAssets,资产负债率,质量,-0.017212217559707782,1828,1951
2015-06-25,receivablesTurnover,应收账款周转率,质量,0.020399183636657135,1792,1951
2015-06-25,inventoryTurnover,存货周转率,质量,0.062080022803664106,1788,1951
2015-06-25,logMarketCap,总市值(对数),规模,0.26327504030001186,1951,1951
2015-06-25,logRevenue,营业收入(对数),规模,0.24830829698460696,1828,1951
2015-06-25,logAssets,总资产(对数),规模,0.2696054480578529,1828,1951
2015-06-25,turnover,换手率,换手率,0.09956479878239569,1951,1951
2015-06-25,turnover20,20日平均换手率,换手率,0.12730820425677322,1951,1951
2015-06-25,turnoverStd20,20日换手率标准差,换手率,0.0323854849198939,1951,1951
2015-07-02,roe,ROE,盈利,0.15897337977105117,1791,1908
2015-07-02,grossMargin,毛利率,盈利,0.12335498369807335,1791,1908
2015-07-02,ocfToRevenue,经营现金流/营收,现金流,-0.12469394149920644,1791,1908
2015-07-02,fcfToEv,自由现金流/企业价值,现金流,0.04863174974275031,1754,1908
2015-07-02,debtToAssets,资产负债率,质量,0.07045330312277921,1791,1908
2015-07-02,receivablesTurnover,应收账款周转率,质量,0.1193596832451991,1755,1908
2015-07-02,inventoryTurnover,存货周转率,质量,0.0697241703871715,1751,1908
2015-07-02,logMarketCap,总市值(对数),规模,0.3558825519176673,1908,1908
2015-07-02,logRevenue,营业收入(对数),规模,0.2640721787277621,1791,1908
2015-07-02,logAssets,总资产(对数),规模,0.29617906512075287,1791,1908
2015-07-02,turnover,换手率,换手率,0.05126222458304405,1908,1908
2015-07-02,turnover20,20日平均换手率,换手率,0.12799232473547098,1908,1908
2015-07-02,turnoverStd20,20日换手率标准差,换手率,0.0593297670870767,1908,1908
2015-07-09,roe,ROE,盈利,0.11543750165049041,1048,1098
2015-07-09,grossMargin,毛利率,盈利,0.06340555755997794,1048,1098
2015-07-09,ocfToRevenue,经营现金流/营收,现金流,0.1410819498031771,1048,1098
2015-07-09,fcfToEv,自由现金流/企业价值,现金流,-0.02568955731001369,1011,1098
2015-07-09,debtToAssets,资产负债率,质量,0.07225351019758335,1048,1098
2015-07-09,receivablesTurnover,应收账款周转率,质量,0.04044275265079084,1013,1098
2015-07-09,inventoryTurnover,存货周转率,质量,-0.04575017263831242,1010,1098
2015-07-09,logMarketCap,总市值(对数),规模,-0.24122033595898143,1098,1098
2015-07-09,logRevenue,营业收入(对数),规模,-0.18075333296060364,1048,1098
2015-07-09,logAssets,总资产(对数),规模,-0.18540977351499663,1048,1098
2015-07-09,turnover,换手率,换手率,0.2130141248594348,1098,1098
2015-07-09,turnover20,20日平均换手率,换手率,-0.005397360398461928,1098,1098
2015-07-09,turnoverStd20,20日换手率标准差,换手率,0.08826705704067203,1098,1098
2015-07-16,roe,ROE,盈利,-0.08595550421679339,1644,1737
2015-07-16,grossMargin,毛利率,盈利,-0.06749179709503171,1644,1737
2015-07-16,ocfToRevenue,经营现金流/营收,现金流,0.11659475378047311,1644,1737
2015-07-16,fcfToEv,自由现金流/企业价值,现金流,-0.04864827800792338,1607,1737
2015-07-16,debtToAssets,资产负债率,质量,-0.03290270900399604,1644,1737
2015-07-16,receivablesTurnover,应收账款周转率,质量,-0.06994917523398464,1607,1737
2015-07-16,inventoryTurnover,存货周转率,质量,-0.09450290259170699,1602,1737
2015-07-16,logMarketCap,总市值(对数),规模,-0.3188443848728552,1737,1737
2015-07-16,logRevenue,营业收入(对数),规模,-0.27512057936782724,1644,1737
2015-07-16,logAssets,总资产(对数),规模,-0.30571378064702864,1644,1737
2015-07-16,turnover,换手率,换手率,-0.14451838414122117,1737,1737
2015-07-16,turnover20,20日平均换手率,换手率,0.014414358949613584,1737,1737
2015-07-16,turnoverStd20,20日换手率标准差,换手率,-0.03964124675947277,1737,1737
2015-07-23,roe,ROE,盈利,-0.0072786307419942416,1750,1857
2015-07-23,grossMargin,毛利率,盈利,-0.0860881078937425,1750,1857
2015-07-23,ocfToRevenue,经营现金流/营收,现金流,-0.0008509521627064332,1750,1857
2015-07-23,fcfToEv,自由现金流/企业价值,现金流,-0.031668567691758555,1713,1857
2015-07-23,debtToAssets,资产负债率,质量,-0.07565577920994043,1750,1857
2015-07-23,receivablesTurnover,应收账款周转率,质量,-0.009111771122445366,1713,1857
2015-07-23,inventoryTurnover,存货周转率,质量,0.0070816383947896345,1708,1857
2015-07-23,logMarketCap,总市值(对数),规模,0.06643350309453668,1857,1857
2015-07-23,logRevenue,营业收入(对数),规模,0.13470073634372637,1750,1857
2015-07-23,logAssets,总资产(对数),规模,0.12235100839944867,1750,1857
2015-07-23,turnover,换手率,换手率,0.1672832677484421,1857,1857
2015-07-23,turnover20,20日平均换手率,换手率,0.12549139601911213,1857,1857
2015-07-23,turnoverStd20,20日换手率标准差,换手率,0.11227163897432345,1857,1857
2015-07-30,roe,ROE,盈利,0.06018281189929458,1762,1870
2015-07-30,grossMargin,毛利率,盈利,0.0305769037704345,1762,1870
2015-07-30,ocfToRevenue,经营现金流/营收,现金流,0.006575518217113457,1762,1870
2015-07-30,fcfToEv,自由现金流/企业价值,现金流,0.006986293017302284,1725,1870
2015-07-30,debtToAssets,资产负债率,质量,0.06694352833882598,1762,1870
2015-07-30,receivablesTurnover,应收账款周转率,质量,0.034216074316660315,1725,1870
2015-07-30,inventoryTurnover,存货周转率,质量,0.06988470265256545,1720,1870
2015-07-30,logMarketCap,总市值(对数),规模,-0.013274069905328012,1870,1870
2015-07-30,logRevenue,营业收入(对数),规模,0.09505166556791135,1762,1870
2015-07-30,logAssets,总资产(对数),规模,0.10760369875917675,1762,1870
2015-07-30,turnover,换手率,换手率,0.2466109607419765,1870,1870
2015-07-30,turnover20,20日平均换手率,换手率,0.11131955553638016,1870,1870
2015-07-30,turnoverStd20,20日换手率标准差,换手率,0.15068007764631142,1870,1870
2015-08-06,roe,ROE,盈利,-0.08337891110090838,1763,1875
2015-08-06,grossMargin,毛利率,盈利,-0.09520656118732587,1763,1875
2015-08-06,ocfToRevenue,经营现金流/营收,现金流,0.06052927305760557,1763,1875
2015-08-06,fcfToEv,自由现金流/企业价值,现金流,-0.03320309232144955,1726,1875
2015-08-06,debtToAssets,资产负债率,质量,-0.02534458640015579,1763,1875
2015-08-06,receivablesTurnover,应收账款周转率,质量,-0.09399822654427473,1725,1875
2015-08-06,inventoryTurnover,存货周转率,质量,-0.1417628098346508,1719,1875
2015-08-06,logMarketCap,总市值(对数),规模,-0.254605400975771,1875,1875
2015-08-06,logRevenue,营业收入(对数),规模,-0.1651749363861851,1763,1875
2015-08-06,logAssets,总资产(对数),规模,-0.20764505866195979,1763,1875
2015-08-06,turnover,换手率,换手率,0.11138797889786954,1875,1875
2015-08-06,turnover20,20日平均换手率,换手率,0.001762856120972454,1875,1875
2015-08-06,turnoverStd20,20日换手率标准差,换手率,0.05387943884117194,1875,1875
2015-08-13,roe,ROE,盈利,-0.07502672436820401,1773,1884
2015-08-13,grossMargin,毛利率,盈利,-0.05416473494545847,1773,1884
2015-08-13,ocfToRevenue,经营现金流/营收,现金流,0.0575811834122819,1773,1884
2015-08-13,fcfToEv,自由现金流/企业价值,现金流,-0.021829954852824348,1736,1884
2015-08-13,debtToAssets,资产负债率,质量,-0.037829826324914446,1773,1884
2015-08-13,receivablesTurnover,应收账款周转率,质量,-0.12513157752222379,1735,1884
2015-08-13,inventoryTurnover,存货周转率,质量,-0.07659053710663366,1730,1884
2015-08-13,logMarketCap,总市值(对数),规模,-0.178434598849692,1884,1884
2015-08-13,logRevenue,营业收入(对数),规模,-0.05875362347303035,1773,1884
2015-08-13,logAssets,总资产(对数),规模,-0.06062626259836154,1773,1884
2015-08-13,turnover,换手率,换手率,0.14222423300513523,1884,1884
2015-08-13,turnover20,20日平均换手率,换手率,0.11337803025939454,1884,1884
2015-08-13,turnoverStd20,20日换手率标准差,换手率,0.12832118826261302,1884,1884
2015-08-20,roe,ROE,盈利,0.14891302217771835,1795,1907
2015-08-20,grossMargin,毛利率,盈利,0.07299086164242075,1795,1907
2015-08-20,ocfToRevenue,经营现金流/营收,现金流,-0.028688968860286507,1795,1907
2015-08-20,fcfToEv,自由现金流/企业价值,现金流,0.021640825620146343,1758,1907
2015-08-20,debtToAssets,资产负债率,质量,0.0011649934308726635,1795,1907
2015-08-20,receivablesTurnover,应收账款周转率,质量,0.0570183151013129,1757,1907
2015-08-20,inventoryTurnover,存货周转率,质量,0.09335715047290025,1752,1907
2015-08-20,logMarketCap,总市值(对数),规模,0.08458907991576003,1907,1907
2015-08-20,logRevenue,营业收入(对数),规模,0.19467826938793314,1795,1907
2015-08-20,logAssets,总资产(对数),规模,0.1793020638093841,1795,1907
2015-08-20,turnover,换手率,换手率,0.23008597104466097,1907,1907
2015-08-20,turnover20,20日平均换手率,换手率,0.1582813979515142,1907,1907
2015-08-20,turnoverStd20,20日换手率标准差,换手率,0.13757940408115524,1907,1907
2015-08-27,roe,ROE,盈利,0.07194628081962576,1787,1889
2015-08-27,grossMargin,毛利率,盈利,-0.0016714397295191272,1787,1889
2015-08-27,ocfToRevenue,经营现金流/营收,现金流,-0.007997736192303193,1787,1889
2015-08-27,fcfToEv,自由现金流/企业价值,现金流,0.008897967263919105,1749,1889
2015-08-27,debtToAssets,资产负债率,质量,0.03618209455874621,1787,1889
2015-08-27,receivablesTurnover,应收账款周转率,质量,0.0702229738599418,1749,1889
2015-08-27,inventoryTurnover,存货周转率,质量,0.0482419640105067,1743,1889
2015-08-27,logMarketCap,总市值(对数),规模,0.25141303367662504,1889,1889
2015-08-27,logRevenue,营业收入(对数),规模,0.28511059686097584,1787,1889
2015-08-27,logAssets,总资产(对数),规模,0.3084794025580803,1787,1889
2015-08-27,turnover,换手率,换手率,0.21000862435480205,1889,1889
2015-08-27,turnover20,20日平均换手率,换手率,0.1873232833472327,1889,1889
2015-08-27,turnoverStd20,20日换手率标准差,换手率,0.2045432754867332,1889,1889
2015-09-07,roe,ROE,盈利,-0.07846648141681135,1794,1899
2015-09-07,grossMargin,毛利率,盈利,-0.012705768461792895,1794,1899
2015-09-07,ocfToRevenue,经营现金流/营收,现金流,0.0067504623297782096,1794,1899
2015-09-07,fcfToEv,自由现金流/企业价值,现金流,-0.04641184136424826,1755,1899
2015-09-07,debtToAssets,资产负债率,质量,0.020578444543366513,1794,1899
2015-09-07,receivablesTurnover,应收账款周转率,质量,-0.06693427657671029,1756,1899
2015-09-07,inventoryTurnover,存货周转率,质量,-0.07341956797051992,1750,1899
2015-09-07,logMarketCap,总市值(对数),规模,-0.18258881176423092,1899,1899
2015-09-07,logRevenue,营业收入(对数),规模,-0.1954697714812262,1794,1899
2015-09-07,logAssets,总资产(对数),规模,-0.22511775856943167,1794,1899
2015-09-07,turnover,换手率,换手率,-0.07398285533094218,1899,1899
2015-09-07,turnover20,20日平均换手率,换手率,-0.09554611787211008,1899,1899
2015-09-07,turnoverStd20,20日换手率标准差,换手率,-0.054402296752335925,1899,1899
2015-09-14,roe,ROE,盈利,0.09616302057403112,1819,1926
2015-09-14,grossMargin,毛利率,盈利,0.0793680352721303,1819,1926
2015-09-14,ocfToRevenue,经营现金流/营收,现金流,0.007017075055964542,1819,1926
2015-09-14,fcfToEv,自由现金流/企业价值,现金流,-0.03820053330900336,1781,1926
2015-09-14,debtToAssets,资产负债率,质量,0.08707231684985377,1819,1926
2015-09-14,receivablesTurnover,应收账款周转率,质量,0.00445118471309325,1778,1926
2015-09-14,inventoryTurnover,存货周转率,质量,-0.03200845490343441,1772,1926
2015-09-14,logMarketCap,总市值(对数),规模,-0.15643962586248306,1926,1926
2015-09-14,logRevenue,营业收入(对数),规模,-0.16615467983543758,1819,1926
2015-09-14,logAssets,总资产(对数),规模,-0.17584885338469372,1819,1926
2015-09-14,turnover,换手率,换手率,0.034231843370972646,1926,1926
2015-09-14,turnover20,20日平均换手率,换手率,0.04320008713226519,1926,1926
2015-09-14,turnoverStd20,20日换手率标准差,换手率,0.1513775917698641,1926,1926
2015-09-21,roe,ROE,盈利,0.04603950237910132,1838,1944
2015-09-21,grossMargin,毛利率,盈利,0.08915561939113655,1838,1944
2015-09-21,ocfToRevenue,经营现金流/营收,现金流,0.02129090868700179,1838,1944
2015-09-21,fcfToEv,自由现金流/企业价值,现金流,0.024246777118576198,1800,1944
2015-09-21,debtToAssets,资产负债率,质量,0.07171225768462577,1838,1944
2015-09-21,receivablesTurnover,应收账款周转率,质量,-0.041462897120441045,1797,1944
2015-09-21,inventoryTurnover,存货周转率,质量,0.03088655344451762,1791,1944
2015-09-21,logMarketCap,总市值(对数),规模,-0.2134646310428639,1944,1944
2015-09-21,logRevenue,营业收入(对数),规模,-0.24875461742312135,1838,1944
2015-09-21,logAssets,总资产(对数),规模,-0.2563123054723248,1838,1944
2015-09-21,turnover,换手率,换手率,0.009831163402191872,1944,1944
2015-09-21,turnover20,20日平均换手率,换手率,0.006576541525646298,1944,1944
2015-09-21,turnoverStd20,20日换手率标准差,换手率,0.036292567073493376,1944,1944
2015-09-28,roe,ROE,盈利,0.07649408975298158,1840,1950
2015-09-28,grossMargin,毛利率,盈利,0.05127092835328741,1840,1950
2015-09-28,ocfToRevenue,经营现金流/营收,现金流,-0.006771848652522754,1840,1950
2015-09-28,fcfToEv,自由现金流/企业价值,现金流,-0.023834922331510612,1801,1950
2015-09-28,debtToAssets,资产负债率,质量,0.029709650642793333,1840,1950
2015-09-28,receivablesTurnover,应收账款周转率,质量,0.03554509632436938,1797,1950
2015-09-28,inventoryTurnover,存货周转率,质量,0.056059185861122365,1791,1950
2015-09-28,logMarketCap,总市值(对数),规模,-0.16457127922925788,1950,1950
2015-09-28,logRevenue,营业收入(对数),规模,-0.15694870447783366,1839,1950
2015-09-28,logAssets,总资产(对数),规模,-0.15510922151697332,1840,1950
2015-09-28,turnover,换手率,换手率,0.08081410246464289,1950,1950
2015-09-28,turnover20,20日平均换手率,换手率,-0.000708627925082049,1950,1950
2015-09-28,turnoverStd20,20日换手率标准差,换手率,0.09182253464176472,1950,1950
2015-10-12,roe,ROE,盈利,-0.03623162523228315,1849,1964
2015-10-12,grossMargin,毛利率,盈利,-0.019560833709780186,1849,1964
2015-10-12,ocfToRevenue,经营现金流/营收,现金流,-0.004558025065803957,1849,1964
2015-10-12,fcfToEv,自由现金流/企业价值,现金流,0.017832263557437326,1811,1964
2015-10-12,debtToAssets,资产负债率,质量,-0.015937870795486742,1849,1964
2015-10-12,receivablesTurnover,应收账款周转率,质量,-0.05835258280484726,1804,1964
2015-10-12,inventoryTurnover,存货周转率,质量,-0.01937235645392156,1797,1964
2015-10-12,logMarketCap,总市值(对数),规模,-0.15810832043083084,1964,1964
2015-10-12,logRevenue,营业收入(对数),规模,-0.15707423313330968,1848,1964
2015-10-12,logAssets,总资产(对数),规模,-0.15398030572761934,1849,1964
2015-10-12,turnover,换手率,换手率,-0.08998580592662501,1964,1964
2015-10-12,turnover20,20日平均换手率,换手率,-0.1059115565163659,1964,1964
2015-10-12,turnoverStd20,20日换手率标准差,换手率,-0.09738249247842841,1964,1964
2015-10-19,roe,ROE,盈利,0.04278748672465084,1829,1946
2015-10-19,grossMargin,毛利率,盈利,0.07814644597196405,1829,1946
2015-10-19,ocfToRevenue,经营现金流/营收,现金流,-0.005616214758733692,1829,1946
2015-10-19,fcfToEv,自由现金流/企业价值,现金流,-0.04283623147376854,1793,1946
2015-10-19,debtToAssets,资产负债率,质量,0.06492262602544716,1829,1946
2015-10-19,receivablesTurnover,应收账款周转率,质量,-0.01708292354874682,1783,1946
2015-10-19,inventoryTurnover,存货周转率,质量,0.0013465240867050784,1776,1946
2015-10-19,logMarketCap,总市值(对数),规模,-0.16449136769832767,1946,1946
2015-10-19,logRevenue,营业收入(对数),规模,-0.13962604849991955,1828,1946
2015-10-19,logAssets,总资产(对数),规模,-0.15355447245870266,1829,1946
2015-10-19,turnover,换手率,换手率,0.14786736208382642,1946,1946
2015-10-19,turnover20,20日平均换手率,换手率,0.07681045289543252,1946,1946
2015-10-19,turnoverStd20,20日换手率标准差,换手率,0.15196403367857203,1946,1946
2015-10-26,roe,ROE,盈利,0.044230073043728425,1858,1979
2015-10-26,grossMargin,毛利率,盈利,0.020901441687455037,1858,1979
2015-10-26,ocfToRevenue,经营现金流/营收,现金流,0.01779000144690154,1858,1979
2015-10-26,fcfToEv,自由现金流/企业价值,现金流,-0.002327888087976727,1821,1979
2015-10-26,debtToAssets,资产负债率,质量,-0.001001753509700414,1858,1979
2015-10-26,receivablesTurnover,应收账款周转率,质量,-0.08630297443514864,1811,1979
2015-10-26,inventoryTurnover,存货周转率,质量,-0.01649353993982245,1804,1979
2015-10-26,logMarketCap,总市值(对数),规模,-0.1347676969019304,1979,1979
2015-10-26,logRevenue,营业收入(对数),规模,-0.046020586888764654,1857,1979
2015-10-26,logAssets,总资产(对数),规模,-0.04653146671642069,1858,1979
2015-10-26,turnover,换手率,换手率,0.268478881461729,1979,1979
2015-10-26,turnover20,20日平均换手率,换手率,0.2346734341374294,1979,1979
2015-10-26,turnoverStd20,20日换手率标准差,换手率,0.2561889661153373,1979,1979
2015-11-02,roe,ROE,盈利,0.017355556156006743,1880,2000
2015-11-02,grossMargin,毛利率,盈利,0.04795417893285702,1880,2000
2015-11-02,ocfToRevenue,经营现金流/营收,现金流,0.06613470306107432,1880,2000
2015-11-02,fcfToEv,自由现金流/企业价值,现金流,-0.016026015908345355,1844,2000
2015-11-02,debtToAssets,资产负债率,质量,0.0523555234669594,1880,2000
2015-11-02,receivablesTurnover,应收账款周转率,质量,-0.019005827553480625,1832,2000
2015-11-02,inventoryTurnover,存货周转率,质量,-0.046033982815664995,1827,2000
2015-11-02,logMarketCap,总市值(对数),规模,-0.12239933636378203,2000,2000
2015-11-02,logRevenue,营业收入(对数),规模,-0.15547222741261124,1879,2000
2015-11-02,logAssets,总资产(对数),规模,-0.1318826574150916,1880,2000
2015-11-02,turnover,换手率,换手率,0.0036992691455358753,2000,2000
2015-11-02,turnover20,20日平均换手率,换手率,-0.06396848940105887,2000,2000
2015-11-02,turnoverStd20,20日换手率标准差,换手率,0.008296242335948584,2000,2000
2015-11-09,roe,ROE,盈利,-0.013520161296700433,1901,2025
2015-11-09,grossMargin,毛利率,盈利,0.0030230672506285617,1901,2025
2015-11-09,ocfToRevenue,经营现金流/营收,现金流,0.021074341313070337,1901,2025
2015-11-09,fcfToEv,自由现金流/企业价值,现金流,-0.022207238805713375,1865,2025
2015-11-09,debtToAssets,资产负债率,质量,0.018693699108475622,1901,2025
2015-11-09,receivablesTurnover,应收账款周转率,质量,-0.04467135560941409,1850,2025
2015-11-09,inventoryTurnover,存货周转率,质量,-0.032650170302281976,1844,2025
2015-11-09,logMarketCap,总市值(对数),规模,-0.2960030050946643,2025,2025
2015-11-09,logRevenue,营业收入(对数),规模,-0.2399523586355008,1900,2025
2015-11-09,logAssets,总资产(对数),规模,-0.2746008599385116,1901,2025
2015-11-09,turnover,换手率,换手率,0.056347567713155626,2025,2025
2015-11-09,turnover20,20日平均换手率,换手率,0.007809645773439925,2025,2025
2015-11-09,turnoverStd20,20日换手率标准差,换手率,0.05325295351389381,2025,2025
2015-11-16,roe,ROE,盈利,0.003569768988168937,1920,2040
2015-11-16,grossMargin,毛利率,盈利,-0.006993274789615053,1920,2040
2015-11-16,ocfToRevenue,经营现金流/营收,现金流,0.02220296877718299,1920,2040
2015-11-16,fcfToEv,自由现金流/企业价值,现金流,0.014913536355791738,1885,2040
2015-11-16,debtToAssets,资产负债率,质量,0.006839039729820398,1920,2040
2015-11-16,receivablesTurnover,应收账款周转率,质量,-0.05127843702393451,1869,2040
2015-11-16,inventoryTurnover,存货周转率,质量,-0.011709680399460923,1863,2040
2015-11-16,logMarketCap,总市值(对数),规模,-0.16118631129864341,2040,2040
2015-11-16,logRevenue,营业收入(对数),规模,-0.037530732511292436,1919,2040
2015-11-16,logAssets,总资产(对数),规模,-0.04027272907827466,1920,2040
2015-11-16,turnover,换手率,换手率,0.18652960343505423,2040,2040
2015-11-16,turnover20,20日平均换手率,换手率,0.13716137995220737,2040,2040
2015-11-16,turnoverStd20,20日换手率标准差,换手率,0.13844231292957568,2040,2040
2015-11-23,roe,ROE,盈利,0.09614400305404026,1931,2054
2015-11-23,grossMargin,毛利率,盈利,0.04653418511555303,1931,2054
2015-11-23,ocfToRevenue,经营现金流/营收,现金流,0.08877844949708191,1931,2054
2015-11-23,fcfToEv,自由现金流/企业价值,现金流,0.005408369574752175,1894,2054
2015-11-23,debtToAssets,资产负债率,质量,0.012463062712303513,1931,2054
2015-11-23,receivablesTurnover,应收账款周转率,质量,-0.062105340837930796,1878,2054
2015-11-23,inventoryTurnover,存货周转率,质量,0.01438221064512822,1872,2054
2015-11-23,logMarketCap,总市值(对数),规模,-0.17380352122666945,2054,2054
2015-11-23,logRevenue,营业收入(对数),规模,-0.08523172818881211,1930,2054
2015-11-23,logAssets,总资产(对数),规模,-0.11555322013142905,1931,2054
2015-11-23,turnover,换手率,换手率,0.10415076188950051,2054,2054
2015-11-23,turnover20,20日平均换手率,换手率,0.11057844338303795,2054,2054
2015-11-23,turnoverStd20,20日换手率标准差,换手率,0.13562169792758602,2054,2054
2015-11-30,roe,ROE,盈利,0.002073504558507362,1950,2079
2015-11-30,grossMargin,毛利率,盈利,-0.04853188970544222,1950,2079
2015-11-30,ocfToRevenue,经营现金流/营收,现金流,0.05870309833733235,1950,2079
2015-11-30,fcfToEv,自由现金流/企业价值,现金流,0.04139750326643013,1913,2079
2015-11-30,debtToAssets,资产负债率,质量,-0.011689943097813502,1950,2079
2015-11-30,receivablesTurnover,应收账款周转率,质量,-0.08473747547823848,1897,2079
2015-11-30,inventoryTurnover,存货周转率,质量,-0.0036227647781629803,1891,2079
2015-11-30,logMarketCap,总市值(对数),规模,-0.174481942919115,2079,2079
2015-11-30,logRevenue,营业收入(对数),规模,-0.029201889458710998,1949,2079
2015-11-30,logAssets,总资产(对数),规模,-0.03593112065933482,1950,2079
2015-11-30,turnover,换手率,换手率,0.22740601644695202,2079,2079
2015-11-30,turnover20,20日平均换手率,换手率,0.11130238399909913,2079,2079
2015-11-30,turnoverStd20,20日换手率标准差,换手率,0.11902024015368265,2079,2079
2015-12-07,roe,ROE,盈利,0.032352392603402925,1965,2096
2015-12-07,grossMargin,毛利率,盈利,0.023644472987209876,1965,2096
2015-12-07,ocfToRevenue,经营现金流/营收,现金流,0.004376743822014319,1965,2096
2015-12-07,fcfToEv,自由现金流/企业价值,现金流,0.033300971106292876,1928,2096
2015-12-07,debtToAssets,资产负债率,质量,0.05119312671046778,1965,2096
2015-12-07,receivablesTurnover,应收账款周转率,质量,0.05442111614102559,1906,2096
2015-12-07,inventoryTurnover,存货周转率,质量,0.003624731518453214,1900,2096
2015-12-07,logMarketCap,总市值(对数),规模,0.04799772989094,2096,2096
2015-12-07,logRevenue,营业收入(对数),规模,0.07211870809491115,1964,2096
2015-12-07,logAssets,总资产(对数),规模,0.07473491835797744,1965,2096
2015-12-07,turnover,换手率,换手率,0.13742350626714106,2096,2096
2015-12-07,turnover20,20日平均换手率,换手率,0.13595252634184776,2096,2096
2015-12-07,turnoverStd20,20日换手率标准差,换手率,0.15450393175469213,2096,2096
2015-12-14,roe,ROE,盈利,0.06917465745392852,1984,2113
2015-12-14,grossMargin,毛利率,盈利,0.033350693815485326,1984,2113
2015-12-14,ocfToRevenue,经营现金流/营收,现金流,0.06552573832979798,1984,2113
2015-12-14,fcfToEv,自由现金流/企业价值,现金流,-0.006974655218813922,1947,2113
2015-12-14,debtToAssets,资产负债率,质量,0.056138439059109126,1984,2113
2015-12-14,receivablesTurnover,应收账款周转率,质量,-0.0883977910373133,1924,2113
2015-12-14,inventoryTurnover,存货周转率,质量,0.009251492450893788,1918,2113
2015-12-14,logMarketCap,总市值(对数),规模,-0.23583952712740297,2113,2113
2015-12-14,logRevenue,营业收入(对数),规模,-0.1678889114113077,1983,2113
2015-12-14,logAssets,总资产(对数),规模,-0.17394830348255444,1984,2113
2015-12-14,turnover,换手率,换手率,0.058991990678117036,2113,2113
2015-12-14,turnover20,20日平均换手率,换手率,0.05094137286198962,2113,2113
2015-12-14,turnoverStd20,20日换手率标准差,换手率,0.05054896523657252,2113,2113
2015-12-21,roe,ROE,盈利,0.033464287055178725,1982,2115
2015-12-21,grossMargin,毛利率,盈利,0.02648571571148286,1982,2115
2015-12-21,ocfToRevenue,经营现金流/营收,现金流,0.09704059136686755,1982,2115
2015-12-21,fcfToEv,自由现金流/企业价值,现金流,0.01582112319291414,1945,2115
2015-12-21,debtToAssets,资产负债率,质量,0.02411819073435975,1982,2115
2015-12-21,receivablesTurnover,应收账款周转率,质量,-0.03063671769814887,1922,2115
2015-12-21,inventoryTurnover,存货周转率,质量,0.012840104752133681,1916,2115
2015-12-21,logMarketCap,总市值(对数),规模,-0.18163785171429134,2115,2115
2015-12-21,logRevenue,营业收入(对数),规模,-0.06008018579626082,1981,2115
2015-12-21,logAssets,总资产(对数),规模,-0.09543801413042495,1982,2115
2015-12-21,turnover,换手率,换手率,0.20311271534864037,2115,2115
2015-12-21,turnover20,20日平均换手率,换手率,0.17981794632970657,2115,2115
2015-12-21,turnoverStd20,20日换手率标准差,换手率,0.1970983840911323,2115,2115
2015-12-28,roe,ROE,盈利,0.08595914609342367,1999,2129
2015-12-28,grossMargin,毛利率,盈利,0.012948687010113489,1999,2129
2015-12-28,ocfToRevenue,经营现金流/营收,现金流,-0.01712252487414749,1999,2129
2015-12-28,fcfToEv,自由现金流/企业价值,现金流,0.02510672960881028,1962,2129
2015-12-28,debtToAssets,资产负债率,质量,-0.03615669678629904,1999,2129
2015-12-28,receivablesTurnover,应收账款周转率,质量,0.04282221461134044,1938,2129
2015-12-28,inventoryTurnover,存货周转率,质量,0.07570118293742226,1933,2129
2015-12-28,logMarketCap,总市值(对数),规模,0.059109815167232384,2129,2129
2015-12-28,logRevenue,营业收入(对数),规模,0.17424567326189652,1998,2129
2015-12-28,logAssets,总资产(对数),规模,0.1472085348402046,1999,2129
2015-12-28,turnover,换手率,换手率,0.1641465845241643,2129,2129
2015-12-28,turnover20,20日平均换手率,换手率,0.2413294550335194,2129,2129
2015-12-28,turnoverStd20,20日换手率标准差,换手率,0.18174507594246717,2129,2129
2016-01-05,roe,ROE,盈利,0.06985807375848627,2013,2145
2016-01-05,grossMargin,毛利率,盈利,0.002322565298559048,2013,2145
2016-01-05,ocfToRevenue,经营现金流/营收,现金流,0.018783508566621466,2013,2145
2016-01-05,fcfToEv,自由现金流/企业价值,现金流,0.003472407462247801,1976,2145
2016-01-05,debtToAssets,资产负债率,质量,-0.07980754454859136,2013,2145
2016-01-05,receivablesTurnover,应收账款周转率,质量,0.003240872520755168,1947,2145
2016-01-05,inventoryTurnover,存货周转率,质量,0.039146822911114855,1941,2145
2016-01-05,logMarketCap,总市值(对数),规模,0.2035727240134844,2145,2145
2016-01-05,logRevenue,营业收入(对数),规模,0.2673230330689694,2012,2145
2016-01-05,logAssets,总资产(对数),规模,0.2939082722621135,2013,2145
2016-01-05,turnover,换手率,换手率,0.11663799043110172,2145,2145
2016-01-05,turnover20,20日平均换手率,换手率,0.07112725792524967,2145,2145
2016-01-05,turnoverStd20,20日换手率标准差,换手率,0.030981394790971756,2145,2145
2016-01-12,roe,ROE,盈利,0.09442007605079113,2018,2145
2016-01-12,grossMargin,毛利率,盈利,0.11479869406503203,2018,2145
2016-01-12,ocfToRevenue,经营现金流/营收,现金流,-0.022930564104866796,2018,2145
2016-01-12,fcfToEv,自由现金流/企业价值,现金流,0.03937330500379242,1979,2145
2016-01-12,debtToAssets,资产负债率,质量,0.12331712165668485,2018,2145
2016-01-12,receivablesTurnover,应收账款周转率,质量,-0.008978507677069694,1951,2145
2016-01-12,inventoryTurnover,存货周转率,质量,-0.013740081808126123,1945,2145
2016-01-12,logMarketCap,总市值(对数),规模,-0.06989958910977076,2145,2145
2016-01-12,logRevenue,营业收入(对数),规模,-0.18013303544948547,2017,2145
2016-01-12,logAssets,总资产(对数),规模,-0.16272381614256046,2018,2145
2016-01-12,turnover,换手率,换手率,-0.060621827276395784,2145,2145
2016-01-12,turnover20,20日平均换手率,换手率,-0.02443352977638407,2145,2145
2016-01-12,turnoverStd20,20日换手率标准差,换手率,0.013614785373106064,2145,2145
2016-01-19,roe,ROE,盈利,0.034352643544739075,2025,2149
2016-01-19,grossMargin,毛利率,盈利,-0.02435537118742893,2025,2149
2016-01-19,ocfToRevenue,经营现金流/营收,现金流,0.06923606426262495,2025,2149
2016-01-19,fcfToEv,自由现金流/企业价值,现金流,0.029824708493996516,1987,2149
2016-01-19,debtToAssets,资产负债率,质量,-0.00986515298869474,2025,2149
2016-01-19,receivablesTurnover,应收账款周转率,质量,-0.042510831556759256,1960,2149
2016-01-19,inventoryTurnover,存货周转率,质量,0.0072653801756587,1955,2149
2016-01-19,logMarketCap,总市值(对数),规模,-0.11864725504147842,2149,2149
2016-01-19,logRevenue,营业收入(对数),规模,0.000887000504912661,2024,2149
2016-01-19,logAssets,总资产(对数),规模,-0.04658793967156428,2025,2149
2016-01-19,turnover,换手率,换手率,0.07688753845697638,2149,2149
2016-01-19,turnover20,20日平均换手率,换手率,0.08618220615763864,2149,2149
2016-01-19,turnoverStd20,20日换手率标准差,换手率,0.06772911459202624,2149,2149
2016-01-26,roe,ROE,盈利,0.12265468454940365,2050,2173
2016-01-26,grossMargin,毛利率,盈利,0.08028872985770695,2050,2173
2016-01-26,ocfToRevenue,经营现金流/营收,现金流,0.0004101735188513329,2050,2173
2016-01-26,fcfToEv,自由现金流/企业价值,现金流,0.029659591995797,2010,2173
2016-01-26,debtToAssets,资产负债率,质量,0.0807168564626335,2050,2173
2016-01-26,receivablesTurnover,应收账款周转率,质量,0.0034109299399453503,1969,2173
2016-01-26,inventoryTurnover,存货周转率,质量,-0.022793955412824023,1963,2173
2016-01-26,logMarketCap,总市值(对数),规模,-0.0016784733005547842,2173,2173
2016-01-26,logRevenue,营业收入(对数),规模,-0.011085026385227717,2049,2173
2016-01-26,logAssets,总资产(对数),规模,-0.009731200412142598,2050,2173
2016-01-26,turnover,换手率,换手率,0.09586090076878963,2173,2173
2016-01-26,turnover20,20日平均换手率,换手率,0.09027510102924192,2173,2173
2016-01-26,turnoverStd20,20日换手率标准差,换手率,0.11555401155479893,2173,2173
2016-02-02,roe,ROE,盈利,-0.027627443714284262,2050,2176
2016-02-02,grossMargin,毛利率,盈利,0.003851267452004446,2050,2176
2016-02-02,ocfToRevenue,经营现金流/营收,现金流,0.0716617777978521,2050,2176
2016-02-02,fcfToEv,自由现金流/企业价值,现金流,0.00992618705632384,2011,2176
2016-02-02,debtToAssets,资产负债率,质量,0.019535027890236836,2050,2176
2016-02-02,receivablesTurnover,应收账款周转率,质量,-0.024115933233015134,1966,2176
2016-02-02,inventoryTurnover,存货周转率,质量,-0.0475166380745717,1960,2176
2016-02-02,logMarketCap,总市值(对数),规模,-0.2230363062557248,2176,2176
2016-02-02,logRevenue,营业收入(对数),规模,-0.21772798463959173,2049,2176
2016-02-02,logAssets,总资产(对数),规模,-0.23630576061932432,2050,2176
2016-02-02,turnover,换手率,换手率,0.04058953362065583,2176,2176
2016-02-02,turnover20,20日平均换手率,换手率,-0.024604022497754122,2176,2176
2016-02-02,turnoverStd20,20日换手率标准差,换手率,0.005070150865955471,2176,2176
2016-02-16,roe,ROE,盈利,-0.05574745342210969,2049,2176
2016-02-16,grossMargin,毛利率,盈利,-0.07354064372304527,2049,2176
2016-02-16,ocfToRevenue,经营现金流/营收,现金流,0.09375961663916599,2049,2176
2016-02-16,fcfToEv,自由现金流/企业价值,现金流,-0.04087786480405251,2010,2176
2016-02-16,debtToAssets,资产负债率,质量,-0.03305060939784023,2049,2176
2016-02-16,receivablesTurnover,应收账款周转率,质量,-0.07792479919015105,1965,2176
2016-02-16,inventoryTurnover,存货周转率,质量,0.03912373927216524,1959,2176
2016-02-16,logMarketCap,总市值(对数),规模,-0.13876520783746146,2176,2176
2016-02-16,logRevenue,营业收入(对数),规模,-0.035372234545086256,2048,2176
2016-02-16,logAssets,总资产(对数),规模,-0.046663334275690194,2049,2176
2016-02-16,turnover,换手率,换手率,-0.0488528159360503,2176,2176
2016-02-16,turnover20,20日平均换手率,换手率,-0.08268054297890766,2176,2176
2016-02-16,turnoverStd20,20日换手率标准差,换手率,-0.052910695517837676,2176,2176
2016-02-23,roe,ROE,盈利,0.032863640217266836,2050,2179
2016-02-23,grossMargin,毛利率,盈利,-0.05134940166762151,2050,2179
2016-02-23,ocfToRevenue,经营现金流/营收,现金流,0.02325121185413832,2050,2179
2016-02-23,fcfToEv,自由现金流/企业价值,现金流,0.04288938999709303,2011,2179
2016-02-23,debtToAssets,资产负债率,质量,-0.08552913338911888,2050,2179
2016-02-23,receivablesTurnover,应收账款周转率,质量,0.014843489232798891,1954,2179
2016-02-23,inventoryTurnover,存货周转率,质量,0.08495067753978072,1948,2179
2016-02-23,logMarketCap,总市值(对数),规模,0.16568504869308037,2179,2179
2016-02-23,logRevenue,营业收入(对数),规模,0.30419167563961147,2049,2179
2016-02-23,logAssets,总资产(对数),规模,0.2988745624385438,2050,2179
2016-02-23,turnover,换手率,换手率,0.1905153814927935,2179,2179
2016-02-23,turnover20,20日平均换手率,换手率,0.2150502824312658,2179,2179
2016-02-23,turnoverStd20,20日换手率标准差,换手率,0.15218965590844188,2179,2179
2016-03-01,roe,ROE,盈利,-0.03189495760801914,2059,2184
2016-03-01,grossMargin,毛利率,盈利,-0.069972202093175,2059,2184
2016-03-01,ocfToRevenue,经营现金流/营收,现金流,0.08540909252955049,2059,2184
2016-03-01,fcfToEv,自由现金流/企业价值,现金流,-0.050048550825802,2018,2184
2016-03-01,debtToAssets,资产负债率,质量,-0.08786643450320278,2059,2184
2016-03-01,receivablesTurnover,应收账款周转率,质量,-0.02195276208107805,1959,2184
2016-03-01,inventoryTurnover,存货周转率,质量,0.00043971900230293804,1953,2184
2016-03-01,logMarketCap,总市值(对数),规模,-0.11983534276516518,2184,2184
2016-03-01,logRevenue,营业收入(对数),规模,0.08338427663299808,2058,2184
2016-03-01,logAssets,总资产(对数),规模,0.07409320734462431,2059,2184
2016-03-01,turnover,换手率,换手率,0.20134406136826347,2184,2184
2016-03-01,turnover20,20日平均换手率,换手率,0.15301109319830877,2184,2184
2016-03-01,turnoverStd20,20日换手率标准差,换手率,0.18249140906783218,2184,2184
2016-03-08,roe,ROE,盈利,0.09126505400444555,2059,2184
2016-03-08,grossMargin,毛利率,盈利,0.12257374079598685,2059,2184
2016-03-08,ocfToRevenue,经营现金流/营收,现金流,-0.07082558651152047,2059,2184
2016-03-08,fcfToEv,自由现金流/企业价值,现金流,0.016004335121862764,2018,2184
2016-03-08,debtToAssets,资产负债率,质量,0.12194673564666911,2059,2184
2016-03-08,receivablesTurnover,应收账款周转率,质量,0.03367400744639477,1958,2184
2016-03-08,inventoryTurnover,存货周转率,质量,-0.010667677836119832,1952,2184
2016-03-08,logMarketCap,总市值(对数),规模,-0.05771091680577464,2184,2184
2016-03-08,logRevenue,营业收入(对数),规模,-0.10608388455341626,2058,2184
2016-03-08,logAssets,总资产(对数),规模,-0.10694225876953636,2059,2184
2016-03-08,turnover,换手率,换手率,0.1328118018421663,2184,2184
2016-03-08,turnover20,20日平均换手率,换手率,0.055105685553792715,2184,2184
2016-03-08,turnoverStd20,20日换手率标准差,换手率,0.10490768432791511,2184,2184
2016-03-15,roe,ROE,盈利,0.028296354095579807,2065,2191
2016-03-15,grossMargin,毛利率,盈利,0.060723560988289974,2065,2191
2016-03-15,ocfToRevenue,经营现金流/营收,现金流,0.027904453444080116,2065,2191
2016-03-15,fcfToEv,自由现金流/企业价值,现金流,-0.04046253977186791,2023,2191
2016-03-15,debtToAssets,资产负债率,质量,0.07600517989005542,2065,2191
2016-03-15,receivablesTurnover,应收账款周转率,质量,0.010375341679669992,1965,2191
2016-03-15,inventoryTurnover,存货周转率,质量,-0.04607014572921575,1960,2191
2016-03-15,logMarketCap,总市值(对数),规模,-0.17892196174412955,2191,2191
2016-03-15,logRevenue,营业收入(对数),规模,-0.27109945637893235,2064,2191
2016-03-15,logAssets,总资产(对数),规模,-0.26886975485634884,2065,2191
2016-03-15,turnover,换手率,换手率,-0.06814020329656179,2191,2191
2016-03-15,turnover20,20日平均换手率,换手率,-0.13551832938285777,2191,2191
2016-03-15,turnoverStd20,20日换手率标准差,换手率,-0.055748087621025184,2191,2191
2016-03-22,roe,ROE,盈利,0.039405006677936005,2063,2190
2016-03-22,grossMargin,毛利率,盈利,0.004652825844116149,2063,2190
2016-03-22,ocfToRevenue,经营现金流/营收,现金流,0.056655930514288556,2063,2190
2016-03-22,fcfToEv,自由现金流/企业价值,现金流,0.013612258750413636,2021,2190
2016-03-22,debtToAssets,资产负债率,质量,-0.018770165585790786,2063,2190
2016-03-22,receivablesTurnover,应收账款周转率,质量,-0.011900418964184768,1957,2190
2016-03-22,inventoryTurnover,存货周转率,质量,0.009092301441101456,1951,2190
2016-03-22,logMarketCap,总市值(对数),规模,-0.04543591485937876,2190,2190
2016-03-22,logRevenue,营业收入(对数),规模,-0.01102226904518246,2062,2190
2016-03-22,logAssets,总资产(对数),规模,-0.010415470967263566,2063,2190
2016-03-22,turnover,换手率,换手率,0.14103196053875242,2190,2190
2016-03-22,turnover20,20日平均换手率,换手率,0.13663011243679357,2190,2190
2016-03-22,turnoverStd20,20日换手率标准差,换手率,0.1377114640633867,2190,2190
2016-03-29,roe,ROE,盈利,0.011733976010875146,2050,2179
2016-03-29,grossMargin,毛利率,盈利,-0.002955950851736882,2050,2179
2016-03-29,ocfToRevenue,经营现金流/营收,现金流,0.046504333777859265,2050,2179
2016-03-29,fcfToEv,自由现金流/企业价值,现金流,-0.0006142358538125389,2008,2179
2016-03-29,debtToAssets,资产负债率,质量,0.024022537766732216,2050,2179
2016-03-29,receivablesTurnover,应收账款周转率,质量,0.031027443682858313,1941,2179
2016-03-29,inventoryTurnover,存货周转率,质量,0.0018900604444091365,1935,2179
2016-03-29,logMarketCap,总市值(对数),规模,-0.24015494169520912,2179,2179
2016-03-29,logRevenue,营业收入(对数),规模,-0.16499845152074621,2049,2179
2016-03-29,logAssets,总资产(对数),规模,-0.20008494293199333,2050,2179
2016-03-29,turnover,换手率,换手率,0.06187913855574263,2179,2179
2016-03-29,turnover20,20日平均换手率,换手率,0.03427521669781716,2179,2179
2016-03-29,turnoverStd20,20日换手率标准差,换手率,0.09170812839046469,2179,2179
2016-04-06,roe,ROE,盈利,0.05236501068415953,2030,2160
2016-04-06,grossMargin,毛利率,盈利,0.03263545300508027,2030,2160
2016-04-06,ocfToRevenue,经营现金流/营收,现金流,0.051430052536052574,2030,2160
2016-04-06,fcfToEv,自由现金流/企业价值,现金流,0.00904413700076163,1989,2160
2016-04-06,debtToAssets,资产负债率,质量,-0.02935269676187193,2030,2160
2016-04-06,receivablesTurnover,应收账款周转率,质量,-0.041631159821070865,1923,2160
2016-04-06,inventoryTurnover,存货周转率,质量,0.032518686779887236,1917,2160
2016-04-06,logMarketCap,总市值(对数),规模,-0.12509043966195535,2160,2160
2016-04-06,logRevenue,营业收入(对数),规模,-0.009758696869195024,2029,2160
2016-04-06,logAssets,总资产(对数),规模,-0.005871085649445732,2030,2160
2016-04-06,turnover,换手率,换手率,0.20922860099686852,2160,2160
2016-04-06,turnover20,20日平均换手率,换手率,0.18390033242489512,2160,2160
2016-04-06,turnoverStd20,20日换手率标准差,换手率,0.21636483230216105,2160,2160
2016-04-13,roe,ROE,盈利,0.0014275910108752564,2034,2165
2016-04-13,grossMargin,毛利率,盈利,-0.025573141188254007,2034,2165
2016-04-13,ocfToRevenue,经营现金流/营收,现金流,0.07852984174636761,2034,2165
2016-04-13,fcfToEv,自由现金流/企业价值,现金流,0.020629931497816206,1995,2165
2016-04-13,debtToAssets,资产负债率,质量,-0.01128640252442817,2034,2165
2016-04-13,receivablesTurnover,应收账款周转率,质量,-0.044632156542384345,1923,2165
2016-04-13,inventoryTurnover,存货周转率,质量,0.038590546492351774,1918,2165
2016-04-13,logMarketCap,总市值(对数),规模,-0.09864095328819245,2165,2165
2016-04-13,logRevenue,营业收入(对数),规模,-0.0018557074094360535,2033,2165
2016-04-13,logAssets,总资产(对数),规模,-0.006945822516563213,2034,2165
2016-04-13,turnover,换手率,换手率,0.16144577290446444,2165,2165
2016-04-13,turnover20,20日平均换手率,换手率,0.14207637250020985,2165,2165
2016-04-13,turnoverStd20,20日换手率标准差,换手率,0.14901523326967622,2165,2165
2016-04-20,roe,ROE,盈利,0.007420055440460093,2034,2166
2016-04-20,grossMargin,毛利率,盈利,-0.023577092184761655,2034,2166
2016-04-20,ocfToRevenue,经营现金流/营收,现金流,0.024390757890606143,2034,2166
2016-04-20,fcfToEv,自由现金流/企业价值,现金流,0.009560128368245045,1993,2166
2016-04-20,debtToAssets,资产负债率,质量,0.012720705177906754,2034,2166
2016-04-20,receivablesTurnover,应收账款周转率,质量,-0.020557022948071713,1923,2166
2016-04-20,inventoryTurnover,存货周转率,质量,0.002111087319862681,1918,2166
2016-04-20,logMarketCap,总市值(对数),规模,-0.19803323190957398,2166,2166
2016-04-20,logRevenue,营业收入(对数),规模,-0.09180189551717625,2033,2166
2016-04-20,logAssets,总资产(对数),规模,-0.1038145071147827,2034,2166
2016-04-20,turnover,换手率,换手率,0.1719576987758647,2166,2166
2016-04-20,turnover20,20日平均换手率,换手率,0.13830085543744483,2166,2166
2016-04-20,turnoverStd20,20日换手率标准差,换手率,0.1306032804663156,2166,2166
2016-04-27,roe,ROE,盈利,0.036334191180483824,2065,2194
2016-04-27,grossMargin,毛利率,盈利,0.1058305261012151,2065,2194
2016-04-27,ocfToRevenue,经营现金流/营收,现金流,-0.000783110689929548,2065,2194
2016-04-27,fcfToEv,自由现金流/企业价值,现金流,0.0010771496012338768,2024,2194
2016-04-27,debtToAssets,资产负债率,质量,0.11589290125589424,2065,2194
2016-04-27,receivablesTurnover,应收账款周转率,质量,0.047728619532637157,1934,2194
2016-04-27,inventoryTurnover,存货周转率,质量,-0.04706650966553583,1930,2194
2016-04-27,logMarketCap,总市值(对数),规模,-0.11296700077974162,2194,2194
2016-04-27,logRevenue,营业收入(对数),规模,-0.1712326128159443,2064,2194
2016-04-27,logAssets,总资产(对数),规模,-0.14750966957527303,2065,2194
2016-04-27,turnover,换手率,换手率,0.06840256683529258,2194,2194
2016-04-27,turnover20,20日平均换手率,换手率,-0.04243108053595634,2194,2194
2016-04-27,turnoverStd20,20日换手率标准差,换手率,0.005004560443914328,2194,2194
2016-05-05,roe,ROE,盈利,0.15945345454624058,2070,2203
2016-05-05,grossMargin,毛利率,盈利,0.08339352130912209,2070,2203
2016-05-05,ocfToRevenue,经营现金流/营收,现金流,-0.20201678962844513,2070,2203
2016-05-05,fcfToEv,自由现金流/企业价值,现金流,-0.02048805174617702,2029,2203
2016-05-05,debtToAssets,资产负债率,质量,0.007870745165392492,2070,2203
2016-05-05,receivablesTurnover,应收账款周转率,质量,-0.05383255877704498,1936,2203
2016-05-05,inventoryTurnover,存货周转率,质量,0.1254479872205914,1931,2203
2016-05-05,logMarketCap,总市值(对数),规模,0.3707344488733132,2203,2203
2016-05-05,logRevenue,营业收入(对数),规模,0.33738334447163654,2069,2203
2016-05-05,logAssets,总资产(对数),规模,0.36028685452730186,2070,2203
2016-05-05,turnover,换手率,换手率,0.0999858529723493,2203,2203
2016-05-05,turnover20,20日平均换手率,换手率,0.1791210585198267,2203,2203
2016-05-05,turnoverStd20,20日换手率标准差,换手率,0.14614386878054747,2203,2203
2016-05-12,roe,ROE,盈利,-0.014640953381564016,2071,2203
2016-05-12,grossMargin,毛利率,盈利,0.043284590374239706,2071,2203
2016-05-12,ocfToRevenue,经营现金流/营收,现金流,0.006323619149437164,2071,2203
2016-05-12,fcfToEv,自由现金流/企业价值,现金流,0.028768646723003333,2029,2203
2016-05-12,debtToAssets,资产负债率,质量,0.04872753787514926,2071,2203
2016-05-12,receivablesTurnover,应收账款周转率,质量,0.044220358993348446,1935,2203
2016-05-12,inventoryTurnover,存货周转率,质量,0.015588339595075948,1930,2203
2016-05-12,logMarketCap,总市值(对数),规模,0.0162868863713859,2203,2203
2016-05-12,logRevenue,营业收入(对数),规模,-0.03487771565359508,2070,2203
2016-05-12,logAssets,总资产(对数),规模,-0.019565049730342916,2071,2203
2016-05-12,turnover,换手率,换手率,-0.028127833761969125,2203,2203
2016-05-12,turnover20,20日平均换手率,换手率,-0.04223526314548646,2203,2203
2016-05-12,turnoverStd20,20日换手率标准差,换手率,-0.022983851949487526,2203,2203
2016-05-19,roe,ROE,盈利,0.0132781180436444,2087,2219
2016-05-19,grossMargin,毛利率,盈利,0.044522172408807965,2087,2219
2016-05-19,ocfToRevenue,经营现金流/营收,现金流,0.16602639166687574,2087,2219
2016-05-19,fcfToEv,自由现金流/企业价值,现金流,0.038762817778605976,2045,2219
2016-05-19,debtToAssets,资产负债率,质量,0.07278649516556703,2087,2219
2016-05-19,receivablesTurnover,应收账款周转率,质量,0.08695575243588437,1937,2219
2016-05-19,inventoryTurnover,存货周转率,质量,-0.054671622377321,1932,2219
2016-05-19,logMarketCap,总市值(对数),规模,-0.2371490449812999,2219,2219
2016-05-19,logRevenue,营业收入(对数),规模,-0.21370977256762155,2086,2219
2016-05-19,logAssets,总资产(对数),规模,-0.21286171712747518,2087,2219
2016-05-19,turnover,换手率,换手率,0.013200465759470295,2219,2219
2016-05-19,turnover20,20日平均换手率,换手率,-0.0322087607564905,2219,2219
2016-05-19,turnoverStd20,20日换手率标准差,换手率,0.01741636579881346,2219,2219
2016-05-26,roe,ROE,盈利,-0.013693774674753008,2100,2229
2016-05-26,grossMargin,毛利率,盈利,0.019741619379129365,2100,2229
2016-05-26,ocfToRevenue,经营现金流/营收,现金流,0.1426923722547579,2100,2229
2016-05-26,fcfToEv,自由现金流/企业价值,现金流,0.0030013364941847294,2058,2229
2016-05-26,debtToAssets,资产负债率,质量,0.03605547450559471,2100,2229
2016-05-26,receivablesTurnover,应收账款周转率,质量,0.026204366784019186,1943,2229
2016-05-26,inventoryTurnover,存货周转率,质量,-0.05331014946609096,1938,2229
2016-05-26,logMarketCap,总市值(对数),规模,-0.22590149726624337,2229,2229
2016-05-26,logRevenue,营业收入(对数),规模,-0.21674193539818687,2099,2229
2016-05-26,logAssets,总资产(对数),规模,-0.2412683443887841,2100,2229
2016-05-26,turnover,换手率,换手率,0.019707127443249196,2229,2229
2016-05-26,turnover20,20日平均换手率,换手率,-0.03421302745050283,2229,2229
2016-05-26,turnoverStd20,20日换手率标准差,换手率,-0.000773719283778276,2229,2229
2016-06-02,roe,ROE,盈利,0.05101644326246017,2106,2233
2016-06-02,grossMargin,毛利率,盈利,0.06404484311601723,2106,2233
2016-06-02,ocfToRevenue,经营现金流/营收,现金流,-0.0761697859361935,2106,2233
2016-06-02,fcfToEv,自由现金流/企业价值,现金流,0.011920305597730345,2064,2233
2016-06-02,debtToAssets,资产负债率,质量,-0.013503504250727022,2106,2233
2016-06-02,receivablesTurnover,应收账款周转率,质量,0.005735438469714721,1942,2233
2016-06-02,inventoryTurnover,存货周转率,质量,0.06194915959609879,1937,2233
2016-06-02,logMarketCap,总市值(对数),规模,0.06190290159341209,2233,2233
2016-06-02,logRevenue,营业收入(对数),规模,0.09359535745339277,2105,2233
2016-06-02,logAssets,总资产(对数),规模,0.094297969945756,2106,2233
2016-06-02,turnover,换手率,换手率,0.16739142349054745,2233,2233
2016-06-02,turnover20,20日平均换手率,换手率,0.14613882474728915,2233,2233
2016-06-02,turnoverStd20,20日换手率标准差,换手率,0.1547211183898526,2233,2233
2016-06-13,roe,ROE,盈利,0.09439213332914495,2124,2257
2016-06-13,grossMargin,毛利率,盈利,0.0971332828077041,2124,2257
2016-06-13,ocfToRevenue,经营现金流/营收,现金流,0.07484851316693196,2124,2257
2016-06-13,fcfToEv,自由现金流/企业价值,现金流,-0.026301679866729034,2083,2257
2016-06-13,debtToAssets,资产负债率,质量,0.09983897200665104,2124,2257
2016-06-13,receivablesTurnover,应收账款周转率,质量,0.04595723190391459,1946,2257
2016-06-13,inventoryTurnover,存货周转率,质量,0.0788284827923662,1941,2257
2016-06-13,logMarketCap,总市值(对数),规模,-0.15802377719902522,2257,2257
2016-06-13,logRevenue,营业收入(对数),规模,-0.14397890682409598,2123,2257
2016-06-13,logAssets,总资产(对数),规模,-0.16706969010322478,2124,2257
2016-06-13,turnover,换手率,换手率,-0.060118331592733484,2257,2257
2016-06-13,turnover20,20日平均换手率,换手率,-0.06580422102019669,2257,2257
2016-06-13,turnoverStd20,20日换手率标准差,换手率,-0.042537635176382545,2257,2257
2016-06-20,roe,ROE,盈利,0.032723939275228674,2123,2252
2016-06-20,grossMargin,毛利率,盈利,0.09319599000904445,2123,2252
2016-06-20,ocfToRevenue,经营现金流/营收,现金流,0.16270853934518503,2123,2252
2016-06-20,fcfToEv,自由现金流/企业价值,现金流,0.018896692061030403,2083,2252
2016-06-20,debtToAssets,资产负债率,质量,0.07385699070844755,2123,2252
2016-06-20,receivablesTurnover,应收账款周转率,质量,-0.03451178754533786,1945,2252
2016-06-20,inventoryTurnover,存货周转率,质量,-0.01790084499722077,1940,2252
2016-06-20,logMarketCap,总市值(对数),规模,-0.0941174716670184,2252,2252
2016-06-20,logRevenue,营业收入(对数),规模,-0.12953122020082575,2122,2252
2016-06-20,logAssets,总资产(对数),规模,-0.09962217893793983,2123,2252
2016-06-20,turnover,换手率,换手率,0.0788326614814099,2252,2252
2016-06-20,turnover20,20日平均换手率,换手率,0.07175361784576856,2252,2252
2016-06-20,turnoverStd20,20日换手率标准差,换手率,0.10477257577292916,2252,2252
2016-06-27,roe,ROE,盈利,-0.005040226851622265,2141,2267
2016-06-27,grossMargin,毛利率,盈利,-0.04892781182551505,2141,2267
2016-06-27,ocfToRevenue,经营现金流/营收,现金流,0.013740041912491136,2141,2267
2016-06-27,fcfToEv,自由现金流/企业价值,现金流,-0.030278317918575087,2099,2267
2016-06-27,debtToAssets,资产负债率,质量,-0.017435183108530206,2141,2267
2016-06-27,receivablesTurnover,应收账款周转率,质量,-0.023390850498422582,1960,2267
2016-06-27,inventoryTurnover,存货周转率,质量,0.012313301264422784,1955,2267
2016-06-27,logMarketCap,总市值(对数),规模,-0.10328492484389899,2267,2267
2016-06-27,logRevenue,营业收入(对数),规模,0.005647568996779341,2140,2267
2016-06-27,logAssets,总资产(对数),规模,-0.006857858842457781,2141,2267
2016-06-27,turnover,换手率,换手率,0.20669043744647977,2267,2267
2016-06-27,turnover20,20日平均换手率,换手率,0.16605717049267338,2267,2267
2016-06-27,turnoverStd20,20日换手率标准差,换手率,0.18746351644250075,2267,2267
2016-07-04,roe,ROE,盈利,-0.001517585992556947,2167,2295
2016-07-04,grossMargin,毛利率,盈利,-0.09452389308553066,2167,2295
2016-07-04,ocfToRevenue,经营现金流/营收,现金流,-0.07098147047260732,2167,2295
2016-07-04,fcfToEv,自由现金流/企业价值,现金流,-0.04298153434377135,2125,2295
2016-07-04,debtToAssets,资产负债率,质量,-0.07916775461218777,2167,2295
2016-07-04,receivablesTurnover,应收账款周转率,质量,-0.03357645490030161,1968,2295
2016-07-04,inventoryTurnover,存货周转率,质量,0.0386666441145244,1963,2295
2016-07-04,logMarketCap,总市值(对数),规模,-0.03634273666248984,2295,2295
2016-07-04,logRevenue,营业收入(对数),规模,0.09342249429847416,2166,2295
2016-07-04,logAssets,总资产(对数),规模,0.07859394574694117,2167,2295
2016-07-04,turnover,换手率,换手率,0.11785205918162975,2295,2295
2016-07-04,turnover20,20日平均换手率,换手率,0.139786310402013,2295,2295
2016-07-04,turnoverStd20,20日换手率标准差,换手率,0.14362611744047452,2295,2295
2016-07-11,roe,ROE,盈利,0.03100709222719742,2169,2295
2016-07-11,grossMargin,毛利率,盈利,-0.01120141848512909,2169,2295
2016-07-11,ocfToRevenue,经营现金流/营收,现金流,-0.044079704987195364,2169,2295
2016-07-11,fcfToEv,自由现金流/企业价值,现金流,-0.0022962922841218815,2126,2295
2016-07-11,debtToAssets,资产负债率,质量,-0.06855151988495095,2169,2295
2016-07-11,receivablesTurnover,应收账款周转率,质量,0.02451064305300794,1967,2295
2016-07-11,inventoryTurnover,存货周转率,质量,0.0027358001940517005,1962,2295
2016-07-11,logMarketCap,总市值(对数),规模,0.08294933778525383,2295,2295
2016-07-11,logRevenue,营业收入(对数),规模,0.16282499607190165,2168,2295
2016-07-11,logAssets,总资产(对数),规模,0.16147453212576643,2169,2295
2016-07-11,turnover,换手率,换手率,0.14193142582015542,2295,2295
2016-07-11,turnover20,20日平均换手率,换手率,0.14393572051726,2295,2295
2016-07-11,turnoverStd20,20日换手率标准差,换手率,0.15259827489478112,2295,2295
2016-07-18,roe,ROE,盈利,-0.05984548371306313,2182,2311
2016-07-18,grossMargin,毛利率,盈利,-0.0593964941110748,2182,2311
2016-07-18,ocfToRevenue,经营现金流/营收,现金流,0.09693317335080293,2182,2311
2016-07-18,fcfToEv,自由现金流/企业价值,现金流,1.649376674465073e-05,2139,2311
2016-07-18,debtToAssets,资产负债率,质量,-0.035062749047649285,2182,2311
2016-07-18,receivablesTurnover,应收账款周转率,质量,-0.0015983678739692534,1983,2311
2016-07-18,inventoryTurnover,存货周转率,质量,-0.04180164406359445,1979,2311
2016-07-18,logMarketCap,总市值(对数),规模,-0.15130790548568276,2311,2311
2016-07-18,logRevenue,营业收入(对数),规模,-0.02948133359576003,2182,2311
2016-07-18,logAssets,总资产(对数),规模,-0.0423765498636377,2182,2311
2016-07-18,turnover,换手率,换手率,0.16731555290378053,2311,2311
2016-07-18,turnover20,20日平均换手率,换手率,0.17314541997892346,2311,2311
2016-07-18,turnoverStd20,20日换手率标准差,换手率,0.19915125733998262,2311,2311
2016-07-25,roe,ROE,盈利,0.055501050757632946,2177,2310
2016-07-25,grossMargin,毛利率,盈利,-0.038448123583346275,2177,2310
2016-07-25,ocfToRevenue,经营现金流/营收,现金流,-0.16453787624692423,2177,2310
2016-07-25,fcfToEv,自由现金流/企业价值,现金流,-0.02490972088346577,2135,2310
2016-07-25,debtToAssets,资产负债率,质量,-0.09099914471338472,2177,2310
2016-07-25,receivablesTurnover,应收账款周转率,质量,0.008584902821920384,1978,2310
2016-07-25,inventoryTurnover,存货周转率,质量,0.05174172103528437,1973,2310
2016-07-25,logMarketCap,总市值(对数),规模,0.20704948743295443,2310,2310
2016-07-25,logRevenue,营业收入(对数),规模,0.2875025398755404,2176,2310
2016-07-25,logAssets,总资产(对数),规模,0.2901395979596202,2177,2310
2016-07-25,turnover,换手率,换手率,0.16299881664631444,2310,2310
2016-07-25,turnover20,20日平均换手率,换手率,0.1988329939601159,2310,2310
2016-07-25,turnoverStd20,20日换手率标准差,换手率,0.1499461844424027,2310,2310
2016-08-01,roe,ROE,盈利,-0.023593845535716865,2193,2327
2016-08-01,grossMargin,毛利率,盈利,-0.08989464585718958,2193,2327
2016-08-01,ocfToRevenue,经营现金流/营收,现金流,0.048832414693045584,2193,2327
2016-08-01,fcfToEv,自由现金流/企业价值,现金流,-0.057504473433617254,2150,2327
2016-08-01,debtToAssets,资产负债率,质量,-0.07589112570522215,2193,2327
2016-08-01,receivablesTurnover,应收账款周转率,质量,-0.04378204189091007,1991,2327
2016-08-01,inventoryTurnover,存货周转率,质量,0.027452159617087375,1986,2327
2016-08-01,logMarketCap,总市值(对数),规模,-0.15889872440406283,2327,2327
2016-08-01,logRevenue,营业收入(对数),规模,-0.0024794068091333987,2192,2327
2016-08-01,logAssets,总资产(对数),规模,-0.012649938381244974,2193,2327
2016-08-01,turnover,换手率,换手率,0.06480251489359991,2327,2327
2016-08-01,turnover20,20日平均换手率,换手率,0.10935673093459049,2327,2327
2016-08-01,turnoverStd20,20日换手率标准差,换手率,0.10417433833393415,2327,2327
2016-08-08,roe,ROE,盈利,0.014818685196381843,2202,2337
2016-08-08,grossMargin,毛利率,盈利,0.039402121766013036,2202,2337
2016-08-08,ocfToRevenue,经营现金流/营收,现金流,-0.016425781224843856,2202,2337
2016-08-08,fcfToEv,自由现金流/企业价值,现金流,-0.061008806785388885,2159,2337
2016-08-08,debtToAssets,资产负债率,质量,0.01811263459083957,2202,2337
2016-08-08,receivablesTurnover,应收账款周转率,质量,-0.057357398584396535,2000,2337
2016-08-08,inventoryTurnover,存货周转率,质量,-0.05038847305891599,1995,2337
2016-08-08,logMarketCap,总市值(对数),规模,0.06747662619638752,2337,2337
2016-08-08,logRevenue,营业收入(对数),规模,0.03050047574562118,2201,2337
2016-08-08,logAssets,总资产(对数),规模,0.07034440333465855,2202,2337
2016-08-08,turnover,换手率,换手率,0.05465923175485991,2337,2337
2016-08-08,turnover20,20日平均换手率,换手率,-0.002646602480406492,2337,2337
2016-08-08,turnoverStd20,20日换手率标准差,换手率,0.004624158317319109,2337,2337
2016-08-15,roe,ROE,盈利,-0.06029753026902415,2205,2342
2016-08-15,grossMargin,毛利率,盈利,-0.031094934060478047,2205,2342
2016-08-15,ocfToRevenue,经营现金流/营收,现金流,0.029440322740201936,2205,2342
2016-08-15,fcfToEv,自由现金流/企业价值,现金流,-0.009225101330951157,2162,2342
2016-08-15,debtToAssets,资产负债率,质量,-0.04411333436700135,2205,2342
2016-08-15,receivablesTurnover,应收账款周转率,质量,-0.01756415436527942,2001,2342
2016-08-15,inventoryTurnover,存货周转率,质量,0.02129221938853615,1996,2342
2016-08-15,logMarketCap,总市值(对数),规模,-0.16624549556199303,2342,2342
2016-08-15,logRevenue,营业收入(对数),规模,-0.09659777678037362,2204,2342
2016-08-15,logAssets,总资产(对数),规模,-0.11108884586521209,2205,2342
2016-08-15,turnover,换手率,换手率,0.14687660755528528,2342,2342
2016-08-15,turnover20,20日平均换手率,换手率,0.12689980365933348,2342,2342
2016-08-15,turnoverStd20,20日换手率标准差,换手率,0.13912631903299055,2342,2342
2016-08-22,roe,ROE,盈利,0.013302007156287312,2210,2346
2016-08-22,grossMargin,毛利率,盈利,0.02216299163866077,2210,2346
2016-08-22,ocfToRevenue,经营现金流/营收,现金流,0.12939153630369618,2210,2346
2016-08-22,fcfToEv,自由现金流/企业价值,现金流,-0.04689232930005982,2167,2346
2016-08-22,debtToAssets,资产负债率,质量,0.0220679014592756,2210,2346
2016-08-22,receivablesTurnover,应收账款周转率,质量,-0.04055016152925869,2010,2346
2016-08-22,inventoryTurnover,存货周转率,质量,-0.001853534052801982,2004,2346
2016-08-22,logMarketCap,总市值(对数),规模,-0.23024900922372565,2346,2346
2016-08-22,logRevenue,营业收入(对数),规模,-0.16010090867121238,2209,2346
2016-08-22,logAssets,总资产(对数),规模,-0.18749549161940907,2210,2346
2016-08-22,turnover,换手率,换手率,0.15953443508551016,2346,2346
2016-08-22,turnover20,20日平均换手率,换手率,0.11844587485445576,2346,2346
2016-08-22,turnoverStd20,20日换手率标准差,换手率,0.13440090205636118,2346,2346
2016-08-29,roe,ROE,盈利,-0.026084290066631335,2199,2333
2016-08-29,grossMargin,毛利率,盈利,-0.019712556204111827,2199,2333
2016-08-29,ocfToRevenue,经营现金流/营收,现金流,0.028791822344919463,2199,2333
2016-08-29,fcfToEv,自由现金流/企业价值,现金流,-0.004375335882477975,2156,2333
2016-08-29,debtToAssets,资产负债率,质量,0.006604925384273022,2199,2333
2016-08-29,receivablesTurnover,应收账款周转率,质量,0.036802898985681516,1995,2333
2016-08-29,inventoryTurnover,存货周转率,质量,0.0006378045095082685,1989,2333
2016-08-29,logMarketCap,总市值(对数),规模,-0.07411004227315755,2333,2333
2016-08-29,logRevenue,营业收入(对数),规模,0.0140022293124906,2198,2333
2016-08-29,logAssets,总资产(对数),规模,0.006748678659537688,2199,2333
2016-08-29,turnover,换手率,换手率,0.13350130876558305,2333,2333
2016-08-29,turnover20,20日平均换手率,换手率,0.17919223830230582,2333,2333
2016-08-29,turnoverStd20,20日换手率标准差,换手率,0.14808590146521905,2333,2333
2016-09-05,roe,ROE,盈利,-0.01514854962681535,2210,2345
2016-09-05,grossMargin,毛利率,盈利,-0.04132060321447855,2210,2345
2016-09-05,ocfToRevenue,经营现金流/营收,现金流,-0.01467653963792493,2210,2345
2016-09-05,fcfToEv,自由现金流/企业价值,现金流,0.007920779637573188,2167,2345
2016-09-05,debtToAssets,资产负债率,质量,-0.05400363808820794,2210,2345
2016-09-05,receivablesTurnover,应收账款周转率,质量,0.005459405561565675,2007,2345
2016-09-05,inventoryTurnover,存货周转率,质量,0.008839987707839236,2001,2345
2016-09-05,logMarketCap,总市值(对数),规模,-0.01938252318923455,2345,2345
2016-09-05,logRevenue,营业收入(对数),规模,0.045420282980270184,2209,2345
2016-09-05,logAssets,总资产(对数),规模,0.046093117861774356,2210,2345
2016-09-05,turnover,换手率,换手率,0.13131667565217683,2345,2345
2016-09-05,turnover20,20日平均换手率,换手率,0.15442042786561055,2345,2345
2016-09-05,turnoverStd20,20日换手率标准差,换手率,0.15360042437336058,2345,2345
2016-09-12,roe,ROE,盈利,0.03168734720737582,2195,2331
2016-09-12,grossMargin,毛利率,盈利,-0.016426863387635725,2195,2331
2016-09-12,ocfToRevenue,经营现金流/营收,现金流,0.15142901942184145,2195,2331
2016-09-12,fcfToEv,自由现金流/企业价值,现金流,0.02104207336783,2152,2331
2016-09-12,debtToAssets,资产负债率,质量,-0.023922560665848677,2195,2331
2016-09-12,receivablesTurnover,应收账款周转率,质量,-0.05082153273624203,1992,2331
2016-09-12,inventoryTurnover,存货周转率,质量,-0.017620670774600767,1986,2331
2016-09-12,logMarketCap,总市值(对数),规模,-0.279305056043442,2331,2331
2016-09-12,logRevenue,营业收入(对数),规模,-0.17340708028010424,2194,2331
2016-09-12,logAssets,总资产(对数),规模,-0.2063260922759879,2195,2331
2016-09-12,turnover,换手率,换手率,0.08073178189473053,2331,2331
2016-09-12,turnover20,20日平均换手率,换手率,0.04787308254433023,2331,2331
2016-09-12,turnoverStd20,20日换手率标准差,换手率,0.06947551339569623,2331,2331
2016-09-21,roe,ROE,盈利,0.0313982186261106,2189,2324
2016-09-21,grossMargin,毛利率,盈利,0.01661631745526552,2189,2324
2016-09-21,ocfToRevenue,经营现金流/营收,现金流,0.017744750638163595,2189,2324
2016-09-21,fcfToEv,自由现金流/企业价值,现金流,0.031164744744145798,2146,2324
2016-09-21,debtToAssets,资产负债率,质量,0.0059947700360914015,2189,2324
2016-09-21,receivablesTurnover,应收账款周转率,质量,-0.035382649304339195,1988,2324
2016-09-21,inventoryTurnover,存货周转率,质量,-0.021661052216825485,1982,2324
2016-09-21,logMarketCap,总市值(对数),规模,-0.04457558387870106,2324,2324
2016-09-21,logRevenue,营业收入(对数),规模,0.009589711154315958,2188,2324
2016-09-21,logAssets,总资产(对数),规模,-0.010287950889764958,2189,2324
2016-09-21,turnover,换手率,换手率,0.10288407533750504,2324,2324
2016-09-21,turnover20,20日平均换手率,换手率,0.15024313863674937,2324,2324
2016-09-21,turnoverStd20,20日换手率标准差,换手率,0.14819127760742154,2324,2324
2016-09-28,roe,ROE,盈利,-0.020190120961347303,2203,2340
2016-09-28,grossMargin,毛利率,盈利,0.013613743836490307,2203,2340
2016-09-28,ocfToRevenue,经营现金流/营收,现金流,0.10918986593896252,2203,2340
2016-09-28,fcfToEv,自由现金流/企业价值,现金流,-0.015336742663054063,2160,2340
2016-09-28,debtToAssets,资产负债率,质量,0.027103593228733524,2203,2340
2016-09-28,receivablesTurnover,应收账款周转率,质量,0.024729099478487664,2001,2340
2016-09-28,inventoryTurnover,存货周转率,质量,-0.0326852457176105,1995,2340
2016-09-28,logMarketCap,总市值(对数),规模,-0.2299060981643796,2340,2340
2016-09-28,logRevenue,营业收入(对数),规模,-0.18216405646284148,2202,2340
2016-09-28,logAssets,总资产(对数),规模,-0.19983491088583558,2203,2340
2016-09-28,turnover,换手率,换手率,0.08033615154616562,2340,2340
2016-09-28,turnover20,20日平均换手率,换手率,-0.012512311617606112,2340,2340
2016-09-28,turnoverStd20,20日换手率标准差,换手率,0.0218107317189989,2340,2340
2016-10-12,roe,ROE,盈利,-0.013517691701240056,2210,2349
2016-10-12,grossMargin,毛利率,盈利,-0.05576521797786208,2210,2349
2016-10-12,ocfToRevenue,经营现金流/营收,现金流,0.04054201292471627,2210,2349
2016-10-12,fcfToEv,自由现金流/企业价值,现金流,-0.012012151448205468,2167,2349
2016-10-12,debtToAssets,资产负债率,质量,-0.03571575600508121,2210,2349
2016-10-12,receivablesTurnover,应收账款周转率,质量,-0.006242315472527938,2004,2349
2016-10-12,inventoryTurnover,存货周转率,质量,-0.030469024202769774,1998,2349
2016-10-12,logMarketCap,总市值(对数),规模,-0.10096583519360373,2349,2349
2016-10-12,logRevenue,营业收入(对数),规模,-0.0061968817182808875,2209,2349
2016-10-12,logAssets,总资产(对数),规模,-0.03066358722236814,2210,2349
2016-10-12,turnover,换手率,换手率,0.06774008909458884,2349,2349
2016-10-12,turnover20,20日平均换手率,换手率,0.03763888386997846,2349,2349
2016-10-12,turnoverStd20,20日换手率标准差,换手率,0.029542235461558812,2349,2349
2016-10-19,roe,ROE,盈利,0.004652278754903704,2213,2350
2016-10-19,grossMargin,毛利率,盈利,-0.024712993833668553,2213,2350
2016-10-19,ocfToRevenue,经营现金流/营收,现金流,0.024783998332052134,2213,2350
2016-10-19,fcfToEv,自由现金流/企业价值,现金流,-0.02660546431647463,2170,2350
2016-10-19,debtToAssets,资产负债率,质量,-0.01051352556737512,2213,2350
2016-10-19,receivablesTurnover,应收账款周转率,质量,-0.03276093635156539,2006,2350
2016-10-19,inventoryTurnover,存货周转率,质量,-0.03677833917552813,2000,2350
2016-10-19,logMarketCap,总市值(对数),规模,-0.08818841807818018,2350,2350
2016-10-19,logRevenue,营业收入(对数),规模,0.0046324338607108976,2212,2350
2016-10-19,logAssets,总资产(对数),规模,0.011438748529315965,2213,2350
2016-10-19,turnover,换手率,换手率,0.1541635447036005,2350,2350
2016-10-19,turnover20,20日平均换手率,换手率,0.1269110515499273,2350,2350
2016-10-19,turnoverStd20,20日换手率标准差,换手率,0.15969122019233176,2350,2350
2016-10-26,roe,ROE,盈利,0.0670163555968332,2229,2363
2016-10-26,grossMargin,毛利率,盈利,0.04756752445962629,2229,2363
2016-10-26,ocfToRevenue,经营现金流/营收,现金流,0.02861284449738075,2229,2363
2016-10-26,fcfToEv,自由现金流/企业价值,现金流,0.04262173139699154,2186,2363
2016-10-26,debtToAssets,资产负债率,质量,0.019790114330760705,2229,2363
2016-10-26,receivablesTurnover,应收账款周转率,质量,0.009546277084917437,2023,2363
2016-10-26,inventoryTurnover,存货周转率,质量,-0.017652458810114798,2017,2363
2016-10-26,logMarketCap,总市值(对数),规模,-0.08100242688531974,2363,2363
2016-10-26,logRevenue,营业收入(对数),规模,-0.06753946481016039,2228,2363
2016-10-26,logAssets,总资产(对数),规模,-0.10180041292924971,2229,2363
2016-10-26,turnover,换手率,换手率,0.09096425997049037,2363,2363
2016-10-26,turnover20,20日平均换手率,换手率,0.03195465273104792,2363,2363
2016-10-26,turnoverStd20,20日换手率标准差,换手率,0.0672706116143447,2363,2363
2016-11-02,roe,ROE,盈利,-0.11091137953517999,2228,2361
2016-11-02,grossMargin,毛利率,盈利,-0.07083655951606464,2228,2361
2016-11-02,ocfToRevenue,经营现金流/营收,现金流,0.03590997532665815,2228,2361
2016-11-02,fcfToEv,自由现金流/企业价值,现金流,0.012287910384382815,2186,2361
2016-11-02,debtToAssets,资产负债率,质量,-0.02727416561115246,2228,2361
2016-11-02,receivablesTurnover,应收账款周转率,质量,-0.027929293440461283,2022,2361
2016-11-02,inventoryTurnover,存货周转率,质量,-0.06176728103134035,2017,2361
2016-11-02,logMarketCap,总市值(对数),规模,-0.1727633892552323,2361,2361
2016-11-02,logRevenue,营业收入(对数),规模,-0.028547585219048568,2227,2361
2016-11-02,logAssets,总资产(对数),规模,-0.05817098145761414,2228,2361
2016-11-02,turnover,换手率,换手率,0.03251233015373245,2361,2361
2016-11-02,turnover20,20日平均换手率,换手率,0.027883744381382775,2361,2361
2016-11-02,turnoverStd20,20日换手率标准差,换手率,0.032414922258185916,2361,2361
2016-11-09,roe,ROE,盈利,-0.018198411088975953,2230,2363
2016-11-09,grossMargin,毛利率,盈利,0.010481792428136258,2230,2363
2016-11-09,ocfToRevenue,经营现金流/营收,现金流,0.08984892336256371,2230,2363
2016-11-09,fcfToEv,自由现金流/企业价值,现金流,0.016228490733151805,2188,2363
2016-11-09,debtToAssets,资产负债率,质量,0.008631541542244194,2230,2363
2016-11-09,receivablesTurnover,应收账款周转率,质量,0.02482604459062677,2018,2363
2016-11-09,inventoryTurnover,存货周转率,质量,-0.04651875500223051,2013,2363
2016-11-09,logMarketCap,总市值(对数),规模,-0.13921985238593304,2363,2363
2016-11-09,logRevenue,营业收入(对数),规模,-0.07684704593833362,2229,2363
2016-11-09,logAssets,总资产(对数),规模,-0.07656062186819049,2230,2363
2016-11-09,turnover,换手率,换手率,0.17744393114176,2363,2363
2016-11-09,turnover20,20日平均换手率,换手率,0.1131264039217355,2363,2363
2016-11-09,turnoverStd20,20日换手率标准差,换手率,0.15859307427019856,2363,2363
2016-11-16,roe,ROE,盈利,0.029393341954304347,2222,2355
2016-11-16,grossMargin,毛利率,盈利,0.026880916674985145,2222,2355
2016-11-16,ocfToRevenue,经营现金流/营收,现金流,0.039968826826193994,2222,2355
2016-11-16,fcfToEv,自由现金流/企业价值,现金流,0.009010158513738707,2180,2355
2016-11-16,debtToAssets,资产负债率,质量,0.0028862593529563963,2222,2355
2016-11-16,receivablesTurnover,应收账款周转率,质量,-0.037099321825604346,2013,2355
2016-11-16,inventoryTurnover,存货周转率,质量,0.013906323957303988,2008,2355
2016-11-16,logMarketCap,总市值(对数),规模,-0.07161805984159622,2355,2355
2016-11-16,logRevenue,营业收入(对数),规模,0.012718374619875185,2221,2355
2016-11-16,logAssets,总资产(对数),规模,0.006854034238115619,2222,2355
2016-11-16,turnover,换手率,换手率,0.07718753735935452,2355,2355
2016-11-16,turnover20,20日平均换手率,换手率,0.0606048528756518,2355,2355
2016-11-16,turnoverStd20,20日换手率标准差,换手率,0.07492524764240564,2355,2355
2016-11-23,roe,ROE,盈利,0.017647642239606638,2215,2347
2016-11-23,grossMargin,毛利率,盈利,0.02833427311063559,2215,2347
2016-11-23,ocfToRevenue,经营现金流/营收,现金流,-0.0987130393327889,2215,2347
2016-11-23,fcfToEv,自由现金流/企业价值,现金流,0.009991439561063633,2173,2347
2016-11-23,debtToAssets,资产负债率,质量,-0.031341054741827704,2215,2347
2016-11-23,receivablesTurnover,应收账款周转率,质量,0.004377032593779474,2007,2347
2016-11-23,inventoryTurnover,存货周转率,质量,0.0534446409865538,2003,2347
2016-11-23,logMarketCap,总市值(对数),规模,0.3302824344618336,2347,2347
2016-11-23,logRevenue,营业收入(对数),规模,0.2995304202690896,2214,2347
2016-11-23,logAssets,总资产(对数),规模,0.32919965811327756,2215,2347
2016-11-23,turnover,换手率,换手率,0.10844845668078916,2347,2347
2016-11-23,turnover20,20日平均换手率,换手率,0.15114864935219374,2347,2347
2016-11-23,turnoverStd20,20日换手率标准差,换手率,0.15273865799166977,2347,2347
2016-11-30,roe,ROE,盈利,-0.020581351827157923,2219,2352
2016-11-30,grossMargin,毛利率,盈利,-0.057691819933139744,2219,2352
2016-11-30,ocfToRevenue,经营现金流/营收,现金流,-0.008704749436747814,2219,2352
2016-11-30,fcfToEv,自由现金流/企业价值,现金流,0.040444463116004775,2177,2352
2016-11-30,debtToAssets,资产负债率,质量,-0.05820228683250252,2219,2352
2016-11-30,receivablesTurnover,应收账款周转率,质量,0.0014510497953282272,2010,2352
2016-11-30,inventoryTurnover,存货周转率,质量,0.010987439479509257,2005,2352
2016-11-30,logMarketCap,总市值(对数),规模,-0.05967517651281049,2352,2352
2016-11-30,logRevenue,营业收入(对数),规模,0.0045714674500550775,2218,2352
2016-11-30,logAssets,总资产(对数),规模,-0.009686209007600317,2219,2352
2016-11-30,turnover,换手率,换手率,0.1286888634307648,2352,2352
2016-11-30,turnover20,20日平均换手率,换手率,0.12372913479371274,2352,2352
2016-11-30,turnoverStd20,20日换手率标准差,换手率,0.1086946459356469,2352,2352
2016-12-07,roe,ROE,盈利,-0.08553357328428214,2228,2358
2016-12-07,grossMargin,毛利率,盈利,-0.07690641355300895,2228,2358
2016-12-07,ocfToRevenue,经营现金流/营收,现金流,-0.09581902235907923,2228,2358
2016-12-07,fcfToEv,自由现金流/企业价值,现金流,0.026259358867515313,2186,2358
2016-12-07,debtToAssets,资产负债率,质量,-0.12768701122230466,2228,2358
2016-12-07,receivablesTurnover,应收账款周转率,质量,-0.1055428276530743,2018,2358
2016-12-07,inventoryTurnover,存货周转率,质量,0.027140293954839675,2013,2358
2016-12-07,logMarketCap,总市值(对数),规模,0.12868312503462384,2358,2358
2016-12-07,logRevenue,营业收入(对数),规模,0.20275880374649047,2227,2358
2016-12-07,logAssets,总资产(对数),规模,0.2089232802602923,2228,2358
2016-12-07,turnover,换手率,换手率,0.02207061105548956,2358,2358
2016-12-07,turnover20,20日平均换手率,换手率,0.09503159366342172,2358,2358
2016-12-07,turnoverStd20,20日换手率标准差,换手率,0.06856653033381785,2358,2358
2016-12-14,roe,ROE,盈利,0.003140479213284927,2238,2370
2016-12-14,grossMargin,毛利率,盈利,-0.02789496363777818,2238,2370
2016-12-14,ocfToRevenue,经营现金流/营收,现金流,0.11813558159464042,2238,2370
2016-12-14,fcfToEv,自由现金流/企业价值,现金流,-0.0030151524227286105,2195,2370
2016-12-14,debtToAssets,资产负债率,质量,0.025529230074262495,2238,2370
2016-12-14,receivablesTurnover,应收账款周转率,质量,0.07227569841721787,2023,2370
2016-12-14,inventoryTurnover,存货周转率,质量,-0.11854545831972636,2018,2370
2016-12-14,logMarketCap,总市值(对数),规模,-0.371619811416148,2370,2370
2016-12-14,logRevenue,营业收入(对数),规模,-0.25348382558209026,2237,2370
2016-12-14,logAssets,总资产(对数),规模,-0.30170103142109556,2238,2370
2016-12-14,turnover,换手率,换手率,0.07415813321890023,2370,2370
2016-12-14,turnover20,20日平均换手率,换手率,-0.015215378727424058,2370,2370
2016-12-14,turnoverStd20,20日换手率标准差,换手率,0.022007873282167016,2370,2370
2016-12-21,roe,ROE,盈利,-0.027860274581363025,2235,2367
2016-12-21,grossMargin,毛利率,盈利,-0.04809817172496752,2235,2367
2016-12-21,ocfToRevenue,经营现金流/营收,现金流,0.05869366215900401,2235,2367
2016-12-21,fcfToEv,自由现金流/企业价值,现金流,0.013108934906086367,2195,2367
2016-12-21,debtToAssets,资产负债率,质量,-0.044354033172172666,2235,2367
2016-12-21,receivablesTurnover,应收账款周转率,质量,0.020207086532476874,2018,2367
2016-12-21,inventoryTurnover,存货周转率,质量,-0.009259551111381664,2013,2367
2016-12-21,logMarketCap,总市值(对数),规模,-0.09663518520501345,2367,2367
2016-12-21,logRevenue,营业收入(对数),规模,0.0027951141119644126,2234,2367
2016-12-21,logAssets,总资产(对数),规模,-0.024395266515832553,2235,2367
2016-12-21,turnover,换手率,换手率,0.12523448192032552,2367,2367
2016-12-21,turnover20,20日平均换手率,换手率,0.13689711223528472,2367,2367
2016-12-21,turnoverStd20,20日换手率标准差,换手率,0.13693498066349652,2367,2367
2016-12-28,roe,ROE,盈利,-0.022721325890063825,2249,2382
2016-12-28,grossMargin,毛利率,盈利,-0.07149736503484427,2249,2382
2016-12-28,ocfToRevenue,经营现金流/营收,现金流,0.009658723416690404,2249,2382
2016-12-28,fcfToEv,自由现金流/企业价值,现金流,-0.014437926186934446,2209,2382
2016-12-28,debtToAssets,资产负债率,质量,-0.08090534237761234,2249,2382
2016-12-28,receivablesTurnover,应收账款周转率,质量,0.06071966042313738,2026,2382
2016-12-28,inventoryTurnover,存货周转率,质量,0.008714774534061694,2021,2382
2016-12-28,logMarketCap,总市值(对数),规模,-0.1254600461633243,2382,2382
2016-12-28,logRevenue,营业收入(对数),规模,0.03938914756400719,2248,2382
2016-12-28,logAssets,总资产(对数),规模,0.010658809892692371,2249,2382
2016-12-28,turnover,换手率,换手率,0.131885317308096,2382,2382
2016-12-28,turnover20,20日平均换手率,换手率,0.10283829514368725,2382,2382
2016-12-28,turnoverStd20,20日换手率标准差,换手率,0.12764671133636096,2382,2382
2017-01-05,roe,ROE,盈利,-0.048257743217609346,2257,2395
2017-01-05,grossMargin,毛利率,盈利,-0.07211801287532628,2257,2395
2017-01-05,ocfToRevenue,经营现金流/营收,现金流,0.0024217130379977875,2257,2395
2017-01-05,fcfToEv,自由现金流/企业价值,现金流,-0.010201843870232681,2217,2395
2017-01-05,debtToAssets,资产负债率,质量,-0.10536969429174817,2257,2395
2017-01-05,receivablesTurnover,应收账款周转率,质量,-0.039487016906513905,2027,2395
2017-01-05,inventoryTurnover,存货周转率,质量,-0.02722256719967887,2022,2395
2017-01-05,logMarketCap,总市值(对数),规模,0.0572570871460179,2395,2395
2017-01-05,logRevenue,营业收入(对数),规模,0.15796339807825355,2256,2395
2017-01-05,logAssets,总资产(对数),规模,0.1499646915637634,2257,2395
2017-01-05,turnover,换手率,换手率,0.10895517074744768,2395,2395
2017-01-05,turnover20,20日平均换手率,换手率,0.16579395874975117,2395,2395
2017-01-05,turnoverStd20,20日换手率标准差,换手率,0.15283008194697162,2395,2395
2017-01-12,roe,ROE,盈利,0.04536384373482062,2260,2399
2017-01-12,grossMargin,毛利率,盈利,-0.01089034628874736,2260,2399
2017-01-12,ocfToRevenue,经营现金流/营收,现金流,-0.1165987306340485,2260,2399
2017-01-12,fcfToEv,自由现金流/企业价值,现金流,0.027963070498441003,2220,2399
2017-01-12,debtToAssets,资产负债率,质量,-0.07720953662316778,2260,2399
2017-01-12,receivablesTurnover,应收账款周转率,质量,-0.05589567657128785,2033,2399
2017-01-12,inventoryTurnover,存货周转率,质量,0.11120962690369275,2028,2399
2017-01-12,logMarketCap,总市值(对数),规模,0.3693846653576916,2399,2399
2017-01-12,logRevenue,营业收入(对数),规模,0.3685497039481186,2259,2399
2017-01-12,logAssets,总资产(对数),规模,0.3958724084484668,2260,2399
2017-01-12,turnover,换手率,换手率,0.0007349823065050475,2399,2399
2017-01-12,turnover20,20日平均换手率,换手率,0.04852337319398528,2399,2399
2017-01-12,turnoverStd20,20日换手率标准差,换手率,-0.010592884938209297,2399,2399
2017-01-19,roe,ROE,盈利,0.06922824129931791,2257,2394
2017-01-19,grossMargin,毛利率,盈利,0.02937727454419761,2257,2394
2017-01-19,ocfToRevenue,经营现金流/营收,现金流,0.04643769413236335,2257,2394
2017-01-19,fcfToEv,自由现金流/企业价值,现金流,0.0468367908781752,2217,2394
2017-01-19,debtToAssets,资产负债率,质量,0.03226137607484266,2257,2394
2017-01-19,receivablesTurnover,应收账款周转率,质量,0.07880871667873884,2031,2394
2017-01-19,inventoryTurnover,存货周转率,质量,-0.023561138515909248,2027,2394
2017-01-19,logMarketCap,总市值(对数),规模,-0.16881640469622727,2394,2394
2017-01-19,logRevenue,营业收入(对数),规模,-0.12632917181072043,2256,2394
2017-01-19,logAssets,总资产(对数),规模,-0.13708859922603436,2257,2394
2017-01-19,turnover,换手率,换手率,0.1586778352010696,2394,2394
2017-01-19,turnover20,20日平均换手率,换手率,0.12000596484289022,2394,2394
2017-01-19,turnoverStd20,20日换手率标准差,换手率,0.15964304067320967,2394,2394
2017-01-26,roe,ROE,盈利,-0.014736997330559724,2266,2402
2017-01-26,grossMargin,毛利率,盈利,-0.023791873426602595,2266,2402
2017-01-26,ocfToRevenue,经营现金流/营收,现金流,0.10844039002519022,2266,2402
2017-01-26,fcfToEv,自由现金流/企业价值,现金流,-0.021827057033052332,2224,2402
2017-01-26,debtToAssets,资产负债率,质量,-0.012717718947013602,2266,2402
2017-01-26,receivablesTurnover,应收账款周转率,质量,0.05659100991015317,2040,2402
2017-01-26,inventoryTurnover,存货周转率,质量,-0.04861409147960629,2036,2402
2017-01-26,logMarketCap,总市值(对数),规模,-0.25926732365616434,2402,2402
2017-01-26,logRevenue,营业收入(对数),规模,-0.17563357254540982,2265,2402
2017-01-26,logAssets,总资产(对数),规模,-0.20621106131003583,2266,2402
2017-01-26,turnover,换手率,换手率,-0.0506994723913909,2402,2402
2017-01-26,turnover20,20日平均换手率,换手率,-0.13406627360352746,2402,2402
2017-01-26,turnoverStd20,20日换手率标准差,换手率,-0.10565623143437361,2402,2402
2017-02-09,roe,ROE,盈利,-0.02068415808606537,2263,2397
2017-02-09,grossMargin,毛利率,盈利,-0.044829651794447346,2263,2397
2017-02-09,ocfToRevenue,经营现金流/营收,现金流,0.0005420459753292438,2263,2397
2017-02-09,fcfToEv,自由现金流/企业价值,现金流,-0.014995200105268048,2223,2397
2017-02-09,debtToAssets,资产负债率,质量,-0.09019427515431644,2263,2397
2017-02-09,receivablesTurnover,应收账款周转率,质量,-0.07024872921832764,2036,2397
2017-02-09,inventoryTurnover,存货周转率,质量,0.017347166842976543,2032,2397
2017-02-09,logMarketCap,总市值(对数),规模,0.059169002729680585,2397,2397
2017-02-09,logRevenue,营业收入(对数),规模,0.16611290430307685,2262,2397
2017-02-09,logAssets,总资产(对数),规模,0.16399947937007775,2263,2397
2017-02-09,turnover,换手率,换手率,0.049093082738519145,2397,2397
2017-02-09,turnover20,20日平均换手率,换手率,0.04013972069094591,2397,2397
2017-02-09,turnoverStd20,20日换手率标准差,换手率,0.03452516514144892,2397,2397
2017-02-16,roe,ROE,盈利,0.13997388624254464,2263,2395
2017-02-16,grossMargin,毛利率,盈利,0.0729268306912154,2263,2395
2017-02-16,ocfToRevenue,经营现金流/营收,现金流,0.002252685059129407,2263,2395
2017-02-16,fcfToEv,自由现金流/企业价值,现金流,0.006434582380041385,2222,2395
2017-02-16,debtToAssets,资产负债率,质量,0.06413873178338832,2263,2395
2017-02-16,receivablesTurnover,应收账款周转率,质量,0.007386368028692433,2036,2395
2017-02-16,inventoryTurnover,存货周转率,质量,-0.004085446485303493,2033,2395
2017-02-16,logMarketCap,总市值(对数),规模,0.026414226786036173,2395,2395
2017-02-16,logRevenue,营业收入(对数),规模,0.07053084308123632,2262,2395
2017-02-16,logAssets,总资产(对数),规模,0.0586683527803471,2263,2395
2017-02-16,turnover,换手率,换手率,0.17242990694984134,2395,2395
2017-02-16,turnover20,20日平均换手率,换手率,0.12050295160749362,2395,2395
2017-02-16,turnoverStd20,20日换手率标准差,换手率,0.16359214066878336,2395,2395
2017-02-23,roe,ROE,盈利,0.07492572728461067,2255,2386
2017-02-23,grossMargin,毛利率,盈利,0.06353781538886868,2255,2386
2017-02-23,ocfToRevenue,经营现金流/营收,现金流,0.012117680407615097,2255,2386
2017-02-23,fcfToEv,自由现金流/企业价值,现金流,-0.006032648577822565,2214,2386
2017-02-23,debtToAssets,资产负债率,质量,0.016557553690943937,2255,2386
2017-02-23,receivablesTurnover,应收账款周转率,质量,0.06695912595178403,2028,2386
2017-02-23,inventoryTurnover,存货周转率,质量,-0.03135110623109397,2025,2386
2017-02-23,logMarketCap,总市值(对数),规模,-0.035352171823835724,2386,2386
2017-02-23,logRevenue,营业收入(对数),规模,-0.07813807807238114,2254,2386
2017-02-23,logAssets,总资产(对数),规模,-0.07200489627176296,2255,2386
2017-02-23,turnover,换手率,换手率,0.16249873847084267,2386,2386
2017-02-23,turnover20,20日平均换手率,换手率,0.14936630049625155,2386,2386
2017-02-23,turnoverStd20,20日换手率标准差,换手率,0.17662786995771462,2386,2386
2017-03-02,roe,ROE,盈利,0.06830899669516192,2258,2390
2017-03-02,grossMargin,毛利率,盈利,0.09174231499048577,2258,2390
2017-03-02,ocfToRevenue,经营现金流/营收,现金流,0.01157120716872688,2258,2390
2017-03-02,fcfToEv,自由现金流/企业价值,现金流,-0.004620474234597841,2217,2390
2017-03-02,debtToAssets,资产负债率,质量,0.11254089287604006,2258,2390
2017-03-02,receivablesTurnover,应收账款周转率,质量,0.09113468664961936,2030,2390
2017-03-02,inventoryTurnover,存货周转率,质量,-0.0047175827772308505,2027,2390
2017-03-02,logMarketCap,总市值(对数),规模,-0.09389804745361034,2390,2390
2017-03-02,logRevenue,营业收入(对数),规模,-0.14334895781187412,2257,2390
2017-03-02,logAssets,总资产(对数),规模,-0.14110070546177295,2258,2390
2017-03-02,turnover,换手率,换手率,0.10818001898110431,2390,2390
2017-03-02,turnover20,20日平均换手率,换手率,0.1343746840202948,2390,2390
2017-03-02,turnoverStd20,20日换手率标准差,换手率,0.13706529929386016,2390,2390
2017-03-09,roe,ROE,盈利,0.11255803670683637,2263,2394
2017-03-09,grossMargin,毛利率,盈利,0.06630578958609834,2263,2394
2017-03-09,ocfToRevenue,经营现金流/营收,现金流,-0.010621794952004118,2263,2394
2017-03-09,fcfToEv,自由现金流/企业价值,现金流,0.03520106071960422,2221,2394
2017-03-09,debtToAssets,资产负债率,质量,-0.03186346666929184,2263,2394
2017-03-09,receivablesTurnover,应收账款周转率,质量,-0.014433545065207602,2030,2394
2017-03-09,inventoryTurnover,存货周转率,质量,0.039646236853137756,2027,2394
2017-03-09,logMarketCap,总市值(对数),规模,0.06278487688672868,2394,2394
2017-03-09,logRevenue,营业收入(对数),规模,0.06197417024463346,2262,2394
2017-03-09,logAssets,总资产(对数),规模,0.0793503731463198,2263,2394
2017-03-09,turnover,换手率,换手率,0.009801487387837551,2394,2394
2017-03-09,turnover20,20日平均换手率,换手率,-0.028519381872301932,2394,2394
2017-03-09,turnoverStd20,20日换手率标准差,换手率,-0.017961596852129794,2394,2394
2017-03-16,roe,ROE,盈利,0.09068765405135967,2263,2392
2017-03-16,grossMargin,毛利率,盈利,0.054961385419222804,2263,2392
2017-03-16,ocfToRevenue,经营现金流/营收,现金流,-0.03549513657454971,2263,2392
2017-03-16,fcfToEv,自由现金流/企业价值,现金流,0.007846329631013902,2221,2392
2017-03-16,debtToAssets,资产负债率,质量,0.004731968996236895,2263,2392
2017-03-16,receivablesTurnover,应收账款周转率,质量,-0.012820310126419954,2028,2392
2017-03-16,inventoryTurnover,存货周转率,质量,0.04364542824064504,2025,2392
2017-03-16,logMarketCap,总市值(对数),规模,0.05698413676741417,2392,2392
2017-03-16,logRevenue,营业收入(对数),规模,0.04439742991318407,2262,2392
2017-03-16,logAssets,总资产(对数),规模,0.056119835154115574,2263,2392
2017-03-16,turnover,换手率,换手率,0.03183928442139353,2392,2392
2017-03-16,turnover20,20日平均换手率,换手率,0.0338651739333853,2392,2392
2017-03-16,turnoverStd20,20日换手率标准差,换手率,0.0257403286595466,2392,2392
2017-03-23,roe,ROE,盈利,-0.00677340418306532,2266,2397
2017-03-23,grossMargin,毛利率,盈利,0.003012834846141151,2266,2397
2017-03-23,ocfToRevenue,经营现金流/营收,现金流,-0.049353591749348016,2266,2397
2017-03-23,fcfToEv,自由现金流/企业价值,现金流,0.007212150958551906,2224,2397
2017-03-23,debtToAssets,资产负债率,质量,-0.06098799291023039,2266,2397
2017-03-23,receivablesTurnover,应收账款周转率,质量,-0.06813000351186947,2030,2397
2017-03-23,inventoryTurnover,存货周转率,质量,0.04090887715505854,2027,2397
2017-03-23,logMarketCap,总市值(对数),规模,0.2760746952873807,2397,2397
2017-03-23,logRevenue,营业收入(对数),规模,0.2537748406781871,2265,2397
2017-03-23,logAssets,总资产(对数),规模,0.29819023830841423,2266,2397
2017-03-23,turnover,换手率,换手率,0.08354444617983131,2397,2397
2017-03-23,turnover20,20日平均换手率,换手率,0.082566573419179,2397,2397
2017-03-23,turnoverStd20,20日换手率标准差,换手率,0.07087898356413865,2397,2397
2017-03-30,roe,ROE,盈利,-0.023288531565313714,2274,2407
2017-03-30,grossMargin,毛利率,盈利,-0.029236475662320554,2274,2407
2017-03-30,ocfToRevenue,经营现金流/营收,现金流,-0.025579944949006474,2274,2407
2017-03-30,fcfToEv,自由现金流/企业价值,现金流,-0.014467829584083318,2233,2407
2017-03-30,debtToAssets,资产负债率,质量,-0.030146798151387433,2274,2407
2017-03-30,receivablesTurnover,应收账款周转率,质量,0.026300833801472783,2036,2407
2017-03-30,inventoryTurnover,存货周转率,质量,0.05845650484951798,2033,2407
2017-03-30,logMarketCap,总市值(对数),规模,0.10921773416910047,2407,2407
2017-03-30,logRevenue,营业收入(对数),规模,0.15555037143588818,2273,2407
2017-03-30,logAssets,总资产(对数),规模,0.17148538839841082,2274,2407
2017-03-30,turnover,换手率,换手率,0.25491586686796935,2407,2407
2017-03-30,turnover20,20日平均换手率,换手率,0.2148093296046823,2407,2407
2017-03-30,turnoverStd20,20日换手率标准差,换手率,0.20845688116921304,2407,2407
2017-04-10,roe,ROE,盈利,0.04359890999636588,2262,2395
2017-04-10,grossMargin,毛利率,盈利,0.0401427385007894,2262,2395
2017-04-10,ocfToRevenue,经营现金流/营收,现金流,-0.0019377288289529875,2262,2395
2017-04-10,fcfToEv,自由现金流/企业价值,现金流,0.03593848843029295,2221,2395
2017-04-10,debtToAssets,资产负债率,质量,0.021669812265422892,2262,2395
2017-04-10,receivablesTurnover,应收账款周转率,质量,-0.055959134631310144,2021,2395
2017-04-10,inventoryTurnover,存货周转率,质量,0.08898946714251565,2018,2395
2017-04-10,logMarketCap,总市值(对数),规模,0.2110461825113444,2395,2395
2017-04-10,logRevenue,营业收入(对数),规模,0.2033989798023834,2261,2395
2017-04-10,logAssets,总资产(对数),规模,0.21219561986030644,2262,2395
2017-04-10,turnover,换手率,换手率,0.12736961663222882,2395,2395
2017-04-10,turnover20,20日平均换手率,换手率,0.1094977414583031,2395,2395
2017-04-10,turnoverStd20,20日换手率标准差,换手率,0.08524022186275,2395,2395
2017-04-17,roe,ROE,盈利,0.12169423522832462,2270,2404
2017-04-17,grossMargin,毛利率,盈利,0.08007118301246577,2270,2404
2017-04-17,ocfToRevenue,经营现金流/营收,现金流,-0.08165805685744698,2270,2404
2017-04-17,fcfToEv,自由现金流/企业价值,现金流,0.016531410802049732,2228,2404
2017-04-17,debtToAssets,资产负债率,质量,0.04622487736038683,2270,2404
2017-04-17,receivablesTurnover,应收账款周转率,质量,0.04989069771009536,2030,2404
2017-04-17,inventoryTurnover,存货周转率,质量,0.1477894460219287,2027,2404
2017-04-17,logMarketCap,总市值(对数),规模,0.3415508643682014,2404,2404
2017-04-17,logRevenue,营业收入(对数),规模,0.2351575522904648,2269,2404
2017-04-17,logAssets,总资产(对数),规模,0.2430676666989028,2270,2404
2017-04-17,turnover,换手率,换手率,0.06890678442971528,2404,2404
2017-04-17,turnover20,20日平均换手率,换手率,0.0456463172583909,2404,2404
2017-04-17,turnoverStd20,20日换手率标准差,换手率,0.03053425152269844,2404,2404
2017-04-24,roe,ROE,盈利,0.03490518971076863,2268,2395
2017-04-24,grossMargin,毛利率,盈利,0.05117162841413216,2268,2395
2017-04-24,ocfToRevenue,经营现金流/营收,现金流,0.03037375800813179,2268,2395
2017-04-24,fcfToEv,自由现金流/企业价值,现金流,-0.01375750994449935,2226,2395
2017-04-24,debtToAssets,资产负债率,质量,0.027613981534899534,2268,2395
2017-04-24,receivablesTurnover,应收账款周转率,质量,0.005605559905839538,2023,2395
2017-04-24,inventoryTurnover,存货周转率,质量,-0.07077912410250424,2020,2395
2017-04-24,logMarketCap,总市值(对数),规模,-0.2095319419671061,2395,2395
2017-04-24,logRevenue,营业收入(对数),规模,-0.18241460253553973,2267,2395
2017-04-24,logAssets,总资产(对数),规模,-0.2077810744792551,2268,2395
2017-04-24,turnover,换手率,换手率,-0.1610390564805951,2395,2395
2017-04-24,turnover20,20日平均换手率,换手率,-0.158606564674028,2395,2395
2017-04-24,turnoverStd20,20日换手率标准差,换手率,-0.1333400016904571,2395,2395
2017-05-02,roe,ROE,盈利,0.05854554257941921,2265,2383
2017-05-02,grossMargin,毛利率,盈利,0.06855632739961488,2265,2383
2017-05-02,ocfToRevenue,经营现金流/营收,现金流,0.03907912134925689,2265,2383
2017-05-02,fcfToEv,自由现金流/企业价值,现金流,0.015902658530676392,2221,2383
2017-05-02,debtToAssets,资产负债率,质量,0.06834093728774461,2265,2383
2017-05-02,receivablesTurnover,应收账款周转率,质量,-0.003773437791168587,2020,2383
2017-05-02,inventoryTurnover,存货周转率,质量,-0.02945394927985276,2020,2383
2017-05-02,logMarketCap,总市值(对数),规模,0.06092069347719667,2383,2383
2017-05-02,logRevenue,营业收入(对数),规模,0.040316437726961474,2263,2383
2017-05-02,logAssets,总资产(对数),规模,0.053548206839736816,2265,2383
2017-05-02,turnover,换手率,换手率,0.10403033545371189,2383,2383
2017-05-02,turnover20,20日平均换手率,换手率,0.13457250101258852,2383,2383
2017-05-02,turnoverStd20,20日换手率标准差,换手率,0.12907153996869575,2383,2383
2017-05-09,roe,ROE,盈利,0.12118617333264815,2278,2399
2017-05-09,grossMargin,毛利率,盈利,0.09407763873167711,2278,2399
2017-05-09,ocfToRevenue,经营现金流/营收,现金流,-0.06057445843759704,2278,2399
2017-05-09,fcfToEv,自由现金流/企业价值,现金流,0.04311793421077645,2234,2399
2017-05-09,debtToAssets,资产负债率,质量,0.05433373688393139,2278,2399
2017-05-09,receivablesTurnover,应收账款周转率,质量,-0.002797930439784979,2028,2399
2017-05-09,inventoryTurnover,存货周转率,质量,0.08140715537628002,2028,2399
2017-05-09,logMarketCap,总市值(对数),规模,0.14097404816225317,2399,2399
2017-05-09,logRevenue,营业收入(对数),规模,0.06175864039869787,2276,2399
2017-05-09,logAssets,总资产(对数),规模,0.0653624277376301,2278,2399
2017-05-09,turnover,换手率,换手率,-0.13279676229748075,2399,2399
2017-05-09,turnover20,20日平均换手率,换手率,-0.15444644377581268,2399,2399
2017-05-09,turnoverStd20,20日换手率标准差,换手率,-0.1470401007955091,2399,2399
2017-05-16,roe,ROE,盈利,-0.01491327943438705,2267,2385
2017-05-16,grossMargin,毛利率,盈利,-0.023656668989089115,2267,2385
2017-05-16,ocfToRevenue,经营现金流/营收,现金流,-0.07552934670080769,2267,2385
2017-05-16,fcfToEv,自由现金流/企业价值,现金流,0.03835337729462263,2223,2385
2017-05-16,debtToAssets,资产负债率,质量,-0.039623746036394646,2267,2385
2017-05-16,receivablesTurnover,应收账款周转率,质量,-0.051857339573559806,2017,2385
2017-05-16,inventoryTurnover,存货周转率,质量,0.09067969685012586,2017,2385
2017-05-16,logMarketCap,总市值(对数),规模,0.2892776707845046,2385,2385
2017-05-16,logRevenue,营业收入(对数),规模,0.25083128811231453,2265,2385
2017-05-16,logAssets,总资产(对数),规模,0.2816948646241422,2267,2385
2017-05-16,turnover,换手率,换手率,0.19595947786135068,2385,2385
2017-05-16,turnover20,20日平均换手率,换手率,0.16848125078970805,2385,2385
2017-05-16,turnoverStd20,20日换手率标准差,换手率,0.10898145988007595,2385,2385
2017-05-23,roe,ROE,盈利,0.027927236627531906,2279,2400
2017-05-23,grossMargin,毛利率,盈利,-0.012763659713656597,2279,2400
2017-05-23,ocfToRevenue,经营现金流/营收,现金流,-0.07866751756501772,2280,2400
2017-05-23,fcfToEv,自由现金流/企业价值,现金流,-0.0012255290947763649,2234,2400
2017-05-23,debtToAssets,资产负债率,质量,-0.024226905600050933,2280,2400
2017-05-23,receivablesTurnover,应收账款周转率,质量,-0.05623952944668054,2027,2400
2017-05-23,inventoryTurnover,存货周转率,质量,0.009594162393365024,2027,2400
2017-05-23,logMarketCap,总市值(对数),规模,0.19710762228122347,2400,2400
2017-05-23,logRevenue,营业收入(对数),规模,0.2074654592544422,2278,2400
2017-05-23,logAssets,总资产(对数),规模,0.22590808651049638,2280,2400
2017-05-23,turnover,换手率,换手率,0.04185980674107215,2400,2400
2017-05-23,turnover20,20日平均换手率,换手率,0.024951788488765236,2400,2400
2017-05-23,turnoverStd20,20日换手率标准差,换手率,-0.01981429272450014,2400,2400
2017-06-01,roe,ROE,盈利,0.041746373578770035,2281,2398
2017-06-01,grossMargin,毛利率,盈利,0.04898615910951764,2281,2398
2017-06-01,ocfToRevenue,经营现金流/营收,现金流,0.06584545936003289,2282,2398
2017-06-01,fcfToEv,自由现金流/企业价值,现金流,-0.029140277335168416,2237,2398
2017-06-01,debtToAssets,资产负债率,质量,0.005942799001930181,2282,2398
2017-06-01,receivablesTurnover,应收账款周转率,质量,0.08588880091487863,2027,2398
2017-06-01,inventoryTurnover,存货周转率,质量,-0.04827885357098391,2027,2398
2017-06-01,logMarketCap,总市值(对数),规模,-0.23838895832962795,2398,2398
2017-06-01,logRevenue,营业收入(对数),规模,-0.17892736874236775,2280,2398
2017-06-01,logAssets,总资产(对数),规模,-0.20452901401862922,2282,2398
2017-06-01,turnover,换手率,换手率,-0.11826287890470123,2398,2398
2017-06-01,turnover20,20日平均换手率,换手率,-0.15247544414621544,2398,2398
2017-06-01,turnoverStd20,20日换手率标准差,换手率,-0.0650743148102052,2398,2398
2017-06-08,roe,ROE,盈利,0.052341021820998104,2275,2393
2017-06-08,grossMargin,毛利率,盈利,0.041611521257901636,2275,2393
2017-06-08,ocfToRevenue,经营现金流/营收,现金流,0.04585469560592686,2276,2393
2017-06-08,fcfToEv,自由现金流/企业价值,现金流,0.01973010339779327,2230,2393
2017-06-08,debtToAssets,资产负债率,质量,0.04615164063639638,2276,2393
2017-06-08,receivablesTurnover,应收账款周转率,质量,0.03605854295990533,2020,2393
2017-06-08,inventoryTurnover,存货周转率,质量,0.009144501509656624,2020,2393
2017-06-08,logMarketCap,总市值(对数),规模,-0.17274811363097983,2393,2393
2017-06-08,logRevenue,营业收入(对数),规模,-0.13083808570939104,2274,2393
2017-06-08,logAssets,总资产(对数),规模,-0.1668738816333191,2276,2393
2017-06-08,turnover,换手率,换手率,0.07535191732369256,2393,2393
2017-06-08,turnover20,20日平均换手率,换手率,0.015219761537010741,2393,2393
2017-06-08,turnoverStd20,20日换手率标准差,换手率,0.11302731107687743,2393,2393
2017-06-15,roe,ROE,盈利,0.0062401289324794116,2279,2399
2017-06-15,grossMargin,毛利率,盈利,-0.04956153306148009,2279,2399
2017-06-15,ocfToRevenue,经营现金流/营收,现金流,-0.09214874626913286,2280,2399
2017-06-15,fcfToEv,自由现金流/企业价值,现金流,0.011527925731799527,2234,2399
2017-06-15,debtToAssets,资产负债率,质量,-0.10492386772306365,2280,2399
2017-06-15,receivablesTurnover,应收账款周转率,质量,-0.003910242231488002,2022,2399
2017-06-15,inventoryTurnover,存货周转率,质量,0.11288065407989364,2022,2399
2017-06-15,logMarketCap,总市值(对数),规模,0.2501475418849485,2399,2399
2017-06-15,logRevenue,营业收入(对数),规模,0.24735017371962903,2278,2399
2017-06-15,logAssets,总资产(对数),规模,0.25854802087448997,2280,2399
2017-06-15,turnover,换手率,换手率,0.1625983987936755,2399,2399
2017-06-15,turnover20,20日平均换手率,换手率,0.14248372531465528,2399,2399
2017-06-15,turnoverStd20,20日换手率标准差,换手率,0.15762062990729286,2399,2399
2017-06-22,roe,ROE,盈利,0.07846543738745959,2284,2407
2017-06-22,grossMargin,毛利率,盈利,-0.03385487715807724,2284,2407
2017-06-22,ocfToRevenue,经营现金流/营收,现金流,-0.049957843201240935,2285,2407
2017-06-22,fcfToEv,自由现金流/企业价值,现金流,-0.018545899842552598,2240,2407
2017-06-22,debtToAssets,资产负债率,质量,-0.054260318107328724,2285,2407
2017-06-22,receivablesTurnover,应收账款周转率,质量,0.016036432722886105,2023,2407
2017-06-22,inventoryTurnover,存货周转率,质量,0.10446914788327027,2021,2407
2017-06-22,logMarketCap,总市值(对数),规模,0.08573965978481411,2407,2407
2017-06-22,logRevenue,营业收入(对数),规模,0.14757845530983044,2283,2407
2017-06-22,logAssets,总资产(对数),规模,0.13874222907892578,2285,2407
2017-06-22,turnover,换手率,换手率,0.06019828919789317,2407,2407
2017-06-22,turnover20,20日平均换手率,换手率,0.01603912076785057,2407,2407
2017-06-22,turnoverStd20,20日换手率标准差,换手率,0.07029949387694906,2407,2407
2017-06-29,roe,ROE,盈利,-0.0055300991515916335,2286,2409
2017-06-29,grossMargin,毛利率,盈利,-0.0005534379856868842,2286,2409
2017-06-29,ocfToRevenue,经营现金流/营收,现金流,-0.013948862858479667,2287,2409
2017-06-29,fcfToEv,自由现金流/企业价值,现金流,-0.020516433611975575,2241,2409
2017-06-29,debtToAssets,资产负债率,质量,-0.02372282466535993,2287,2409
2017-06-29,receivablesTurnover,应收账款周转率,质量,0.053211531276531034,2017,2409
2017-06-29,inventoryTurnover,存货周转率,质量,0.021208714971584566,2015,2409
2017-06-29,logMarketCap,总市值(对数),规模,-0.13280055412091288,2409,2409
2017-06-29,logRevenue,营业收入(对数),规模,-0.05719531535824989,2285,2409
2017-06-29,logAssets,总资产(对数),规模,-0.059584850865501,2287,2409
2017-06-29,turnover,换手率,换手率,0.11264497353472024,2409,2409
2017-06-29,turnover20,20日平均换手率,换手率,0.06712628157769611,2409,2409
2017-06-29,turnoverStd20,20日换手率标准差,换手率,0.09499764720479664,2409,2409
2017-07-06,roe,ROE,盈利,-0.016509557162699896,2288,2411
2017-07-06,grossMargin,毛利率,盈利,-0.051713988687624564,2288,2411
2017-07-06,ocfToRevenue,经营现金流/营收,现金流,-0.09060951948530031,2289,2411
2017-07-06,fcfToEv,自由现金流/企业价值,现金流,-0.009237790973548581,2244,2411
2017-07-06,debtToAssets,资产负债率,质量,-0.06570723542356635,2289,2411
2017-07-06,receivablesTurnover,应收账款周转率,质量,-0.06467662330530742,2021,2411
2017-07-06,inventoryTurnover,存货周转率,质量,0.08946711733883306,2019,2411
2017-07-06,logMarketCap,总市值(对数),规模,0.08039407972063223,2411,2411
2017-07-06,logRevenue,营业收入(对数),规模,0.13610205052946195,2287,2411
2017-07-06,logAssets,总资产(对数),规模,0.1563806321927687,2289,2411
2017-07-06,turnover,换手率,换手率,0.04151999608444965,2411,2411
2017-07-06,turnover20,20日平均换手率,换手率,0.08919924053402485,2411,2411
2017-07-06,turnoverStd20,20日换手率标准差,换手率,0.09764597878252816,2411,2411
2017-07-13,roe,ROE,盈利,0.042701811566997136,2289,2410
2017-07-13,grossMargin,毛利率,盈利,-0.058815755678620386,2289,2410
2017-07-13,ocfToRevenue,经营现金流/营收,现金流,-0.1571049468365566,2290,2410
2017-07-13,fcfToEv,自由现金流/企业价值,现金流,0.033059123850456666,2245,2410
2017-07-13,debtToAssets,资产负债率,质量,-0.109027133124262,2290,2410
2017-07-13,receivablesTurnover,应收账款周转率,质量,-0.09726527356255911,2016,2410
2017-07-13,inventoryTurnover,存货周转率,质量,0.16643012477387598,2014,2410
2017-07-13,logMarketCap,总市值(对数),规模,0.2942014303460085,2410,2410
2017-07-13,logRevenue,营业收入(对数),规模,0.3078354470318775,2288,2410
2017-07-13,logAssets,总资产(对数),规模,0.33080390197595794,2290,2410
2017-07-13,turnover,换手率,换手率,0.0032934236425956522,2410,2410
2017-07-13,turnover20,20日平均换手率,换手率,0.06479203002598641,2410,2410
2017-07-13,turnoverStd20,20日换手率标准差,换手率,0.03414017721046922,2410,2410
2017-07-20,roe,ROE,盈利,0.07684887908813562,2284,2404
2017-07-20,grossMargin,毛利率,盈利,0.06411147352306946,2284,2404
2017-07-20,ocfToRevenue,经营现金流/营收,现金流,0.10281346835218333,2285,2404
2017-07-20,fcfToEv,自由现金流/企业价值,现金流,-0.024370980089383588,2240,2404
2017-07-20,debtToAssets,资产负债率,质量,0.032304723947119224,2285,2404
2017-07-20,receivablesTurnover,应收账款周转率,质量,0.08907391647658834,2009,2404
2017-07-20,inventoryTurnover,存货周转率,质量,-0.13811395886305983,2007,2404
2017-07-20,logMarketCap,总市值(对数),规模,-0.2071351207439936,2404,2404
2017-07-20,logRevenue,营业收入(对数),规模,-0.11470690213496654,2283,2404
2017-07-20,logAssets,总资产(对数),规模,-0.13828640798692582,2285,2404
2017-07-20,turnover,换手率,换手率,0.06761891658915387,2404,2404
2017-07-20,turnover20,20日平均换手率,换手率,0.036347466396183366,2404,2404
2017-07-20,turnoverStd20,20日换手率标准差,换手率,0.10298443205204841,2404,2404
2017-07-27,roe,ROE,盈利,-0.05482849574743373,2304,2423
2017-07-27,grossMargin,毛利率,盈利,-0.0034159730693209826,2304,2423
2017-07-27,ocfToRevenue,经营现金流/营收,现金流,-0.014956184866841518,2305,2423
2017-07-27,fcfToEv,自由现金流/企业价值,现金流,0.012694136843091704,2261,2423
2017-07-27,debtToAssets,资产负债率,质量,-0.02339819411393301,2305,2423
2017-07-27,receivablesTurnover,应收账款周转率,质量,-0.06274897927898052,2026,2423
2017-07-27,inventoryTurnover,存货周转率,质量,-0.019859375530974038,2024,2423
2017-07-27,logMarketCap,总市值(对数),规模,0.02187462786102423,2423,2423
2017-07-27,logRevenue,营业收入(对数),规模,0.05190473227833714,2302,2423
2017-07-27,logAssets,总资产(对数),规模,0.06036568542372193,2305,2423
2017-07-27,turnover,换手率,换手率,0.07353948115681658,2423,2423
2017-07-27,turnover20,20日平均换手率,换手率,0.0633343881066458,2423,2423
2017-07-27,turnoverStd20,20日换手率标准差,换手率,0.08093148851941717,2423,2423
2017-08-03,roe,ROE,盈利,-0.06244809068450518,2306,2431
2017-08-03,grossMargin,毛利率,盈利,-0.04011732027569417,2306,2431
2017-08-03,ocfToRevenue,经营现金流/营收,现金流,-0.0693048483818345,2308,2431
2017-08-03,fcfToEv,自由现金流/企业价值,现金流,-0.02846546628161084,2263,2431
2017-08-03,debtToAssets,资产负债率,质量,-0.0031688845769985473,2308,2431
2017-08-03,receivablesTurnover,应收账款周转率,质量,-0.028383900497169146,2023,2431
2017-08-03,inventoryTurnover,存货周转率,质量,0.06574168938617661,2021,2431
2017-08-03,logMarketCap,总市值(对数),规模,0.03659746779022415,2431,2431
2017-08-03,logRevenue,营业收入(对数),规模,0.06312709186544653,2305,2431
2017-08-03,logAssets,总资产(对数),规模,0.06045302455915073,2308,2431
2017-08-03,turnover,换手率,换手率,0.12230890645561045,2431,2431
2017-08-03,turnover20,20日平均换手率,换手率,0.06922398187332157,2431,2431
2017-08-03,turnoverStd20,20日换手率标准差,换手率,0.06835473851018627,2431,2431
2017-08-10,roe,ROE,盈利,0.026298317222448277,2318,2442
2017-08-10,grossMargin,毛利率,盈利,0.09134968130226952,2318,2442
2017-08-10,ocfToRevenue,经营现金流/营收,现金流,0.17507512395840868,2319,2442
2017-08-10,fcfToEv,自由现金流/企业价值,现金流,-0.03097680427860358,2275,2442
2017-08-10,debtToAssets,资产负债率,质量,0.0786322270272933,2319,2442
2017-08-10,receivablesTurnover,应收账款周转率,质量,0.11944813741336746,2030,2442
2017-08-10,inventoryTurnover,存货周转率,质量,-0.10940977349291026,2028,2442
2017-08-10,logMarketCap,总市值(对数),规模,-0.15882304483937654,2442,2442
2017-08-10,logRevenue,营业收入(对数),规模,-0.1805003592425804,2316,2442
2017-08-10,logAssets,总资产(对数),规模,-0.17190618155199053,2319,2442
2017-08-10,turnover,换手率,换手率,0.09982378377973586,2442,2442
2017-08-10,turnover20,20日平均换手率,换手率,0.051257718983257074,2442,2442
2017-08-10,turnoverStd20,20日换手率标准差,换手率,0.09533082994440024,2442,2442
2017-08-17,roe,ROE,盈利,-0.015078863841647177,2327,2451
2017-08-17,grossMargin,毛利率,盈利,-0.01483907262801017,2327,2451
2017-08-17,ocfToRevenue,经营现金流/营收,现金流,-0.021582109832771798,2328,2451
2017-08-17,fcfToEv,自由现金流/企业价值,现金流,0.019760620241961832,2283,2451
2017-08-17,debtToAssets,资产负债率,质量,-0.027606368395861638,2328,2451
2017-08-17,receivablesTurnover,应收账款周转率,质量,-0.0049459196287489115,2033,2451
2017-08-17,inventoryTurnover,存货周转率,质量,0.033526610752915326,2031,2451
2017-08-17,logMarketCap,总市值(对数),规模,0.004153511371782147,2451,2451
2017-08-17,logRevenue,营业收入(对数),规模,0.00279121127453388,2325,2451
2017-08-17,logAssets,总资产(对数),规模,0.01520418176628388,2328,2451
2017-08-17,turnover,换手率,换手率,0.22064059230170213,2451,2451
2017-08-17,turnover20,20日平均换手率,换手率,0.21056980389076835,2451,2451
2017-08-17,turnoverStd20,20日换手率标准差,换手率,0.22302208133226678,2451,2451
2017-08-24,roe,ROE,盈利,0.10222260322511668,2336,2462
2017-08-24,grossMargin,毛利率,盈利,0.05710388391605835,2336,2462
2017-08-24,ocfToRevenue,经营现金流/营收,现金流,0.041728486766890345,2337,2462
2017-08-24,fcfToEv,自由现金流/企业价值,现金流,-0.0058952743226192246,2292,2462
2017-08-24,debtToAssets,资产负债率,质量,0.015065960207631181,2337,2462
2017-08-24,receivablesTurnover,应收账款周转率,质量,0.033317148658001124,2037,2462
2017-08-24,inventoryTurnover,存货周转率,质量,-0.021566802401076685,2035,2462
2017-08-24,logMarketCap,总市值(对数),规模,-0.08443050424963182,2462,2462
2017-08-24,logRevenue,营业收入(对数),规模,-0.05300070183357899,2334,2462
2017-08-24,logAssets,总资产(对数),规模,-0.08695175735741559,2337,2462
2017-08-24,turnover,换手率,换手率,0.02199381911901385,2462,2462
2017-08-24,turnover20,20日平均换手率,换手率,-0.0767837161137733,2462,2462
2017-08-24,turnoverStd20,20日换手率标准差,换手率,-0.04754375606191133,2462,2462
2017-08-31,roe,ROE,盈利,0.028246211942196897,2340,2470
2017-08-31,grossMargin,毛利率,盈利,0.05119901788941781,2340,2470
2017-08-31,ocfToRevenue,经营现金流/营收,现金流,0.043283695316619165,2342,2470
2017-08-31,fcfToEv,自由现金流/企业价值,现金流,-0.017946810998809497,2296,2470
2017-08-31,debtToAssets,资产负债率,质量,0.016057944577059644,2342,2470
2017-08-31,receivablesTurnover,应收账款周转率,质量,0.021031094956297736,2036,2470
2017-08-31,inventoryTurnover,存货周转率,质量,0.003417733862001524,2034,2470
2017-08-31,logMarketCap,总市值(对数),规模,-0.06471607299122432,2470,2470
2017-08-31,logRevenue,营业收入(对数),规模,-0.07746642943717826,2341,2470
2017-08-31,logAssets,总资产(对数),规模,-0.06344113033752413,2342,2470
2017-08-31,turnover,换手率,换手率,0.10587379343213295,2470,2470
2017-08-31,turnover20,20日平均换手率,换手率,0.06006127561157925,2470,2470
2017-08-31,turnoverStd20,20日换手率标准差,换手率,0.09040793869216264,2470,2470
2017-09-07,roe,ROE,盈利,-0.008589952208374281,2352,2482
2017-09-07,grossMargin,毛利率,盈利,0.004133735471349322,2352,2482
2017-09-07,ocfToRevenue,经营现金流/营收,现金流,-0.05630500663046579,2355,2482
2017-09-07,fcfToEv,自由现金流/企业价值,现金流,-0.02708089270928734,2308,2482
2017-09-07,debtToAssets,资产负债率,质量,-0.05937381716972913,2355,2482
2017-09-07,receivablesTurnover,应收账款周转率,质量,0.0007515602110123747,2044,2482
2017-09-07,inventoryTurnover,存货周转率,质量,0.025002261438196675,2042,2482
2017-09-07,logMarketCap,总市值(对数),规模,-0.00620462174911974,2482,2482
2017-09-07,logRevenue,营业收入(对数),规模,0.020222373901072337,2354,2482
2017-09-07,logAssets,总资产(对数),规模,0.022809478415332304,2355,2482
2017-09-07,turnover,换手率,换手率,0.050774842257524946,2482,2482
2017-09-07,turnover20,20日平均换手率,换手率,0.030320578715729848,2482,2482
2017-09-07,turnoverStd20,20日换手率标准差,换手率,0.04493030329272209,2482,2482
2017-09-14,roe,ROE,盈利,0.037196390468020486,2361,2490
2017-09-14,grossMargin,毛利率,盈利,0.03812942647470098,2361,2490
2017-09-14,ocfToRevenue,经营现金流/营收,现金流,0.039430381051427425,2364,2490
2017-09-14,fcfToEv,自由现金流/企业价值,现金流,-0.006778580553183451,2317,2490
2017-09-14,debtToAssets,资产负债率,质量,0.014616352083508472,2364,2490
2017-09-14,receivablesTurnover,应收账款周转率,质量,0.030212738128766164,2044,2490
2017-09-14,inventoryTurnover,存货周转率,质量,-0.016747798794878112,2042,2490
2017-09-14,logMarketCap,总市值(对数),规模,-0.07786397345024895,2490,2490
2017-09-14,logRevenue,营业收入(对数),规模,-0.03796925235220014,2363,2490
2017-09-14,logAssets,总资产(对数),规模,-0.030021787612835086,2364,2490
2017-09-14,turnover,换手率,换手率,0.17027919105563616,2490,2490
2017-09-14,turnover20,20日平均换手率,换手率,0.12194091639234361,2490,2490
2017-09-14,turnoverStd20,20日换手率标准差,换手率,0.13366993937258528,2490,2490
2017-09-21,roe,ROE,盈利,0.05678899847418356,2372,2503
2017-09-21,grossMargin,毛利率,盈利,0.030625790626746887,2372,2503
2017-09-21,ocfToRevenue,经营现金流/营收,现金流,-0.09492411198183268,2375,2503
2017-09-21,fcfToEv,自由现金流/企业价值,现金流,-0.004499989746875964,2328,2503
2017-09-21,debtToAssets,资产负债率,质量,-0.006098241110968948,2375,2503
2017-09-21,receivablesTurnover,应收账款周转率,质量,0.024078839917241968,2052,2503
2017-09-21,inventoryTurnover,存货周转率,质量,0.07861808063623957,2050,2503
2017-09-21,logMarketCap,总市值(对数),规模,0.1946010351287754,2503,2503
2017-09-21,logRevenue,营业收入(对数),规模,0.13689845649413943,2374,2503
2017-09-21,logAssets,总资产(对数),规模,0.1458580590839898,2375,2503
2017-09-21,turnover,换手率,换手率,0.1256343683350354,2503,2503
2017-09-21,turnover20,20日平均换手率,换手率,0.126685521170451,2503,2503
2017-09-21,turnoverStd20,20日换手率标准差,换手率,0.12382201758733456,2503,2503
2017-09-28,roe,ROE,盈利,0.06767378290662583,2386,2519
2017-09-28,grossMargin,毛利率,盈利,0.06920065302137868,2386,2519
2017-09-28,ocfToRevenue,经营现金流/营收,现金流,0.03807085776002391,2390,2519
2017-09-28,fcfToEv,自由现金流/企业价值,现金流,0.008695020016520243,2342,2519
2017-09-28,debtToAssets,资产负债率,质量,0.06490040680566843,2390,2519
2017-09-28,receivablesTurnover,应收账款周转率,质量,0.10415490503690962,2059,2519
2017-09-28,inventoryTurnover,存货周转率,质量,-0.03353535148550583,2057,2519
2017-09-28,logMarketCap,总市值(对数),规模,-0.13058349016627135,2519,2519
2017-09-28,logRevenue,营业收入(对数),规模,-0.10372376193067327,2389,2519
2017-09-28,logAssets,总资产(对数),规模,-0.12038382136836712,2390,2519
2017-09-28,turnover,换手率,换手率,0.0962954475037708,2519,2519
2017-09-28,turnover20,20日平均换手率,换手率,0.05954691237933758,2519,2519
2017-09-28,turnoverStd20,20日换手率标准差,换手率,0.09045538020440137,2519,2519
2017-10-12,roe,ROE,盈利,0.058453659845853025,2393,2526
2017-10-12,grossMargin,毛利率,盈利,0.03733889386582292,2393,2526
2017-10-12,ocfToRevenue,经营现金流/营收,现金流,-0.022577665612003202,2398,2526
2017-10-12,fcfToEv,自由现金流/企业价值,现金流,0.029650373579162843,2349,2526
2017-10-12,debtToAssets,资产负债率,质量,0.007852815148709882,2398,2526
2017-10-12,receivablesTurnover,应收账款周转率,质量,-0.059731885966009535,2063,2526
2017-10-12,inventoryTurnover,存货周转率,质量,0.12039468618153516,2061,2526
2017-10-12,logMarketCap,总市值(对数),规模,0.28503014559400897,2526,2526
2017-10-12,logRevenue,营业收入(对数),规模,0.21588364635890855,2397,2526
2017-10-12,logAssets,总资产(对数),规模,0.23058434725140156,2398,2526
2017-10-12,turnover,换手率,换手率,0.13260603244808566,2526,2526
2017-10-12,turnover20,20日平均换手率,换手率,0.18733835952762048,2526,2526
2017-10-12,turnoverStd20,20日换手率标准差,换手率,0.1577755162296566,2526,2526
2017-10-19,roe,ROE,盈利,0.10807293590007128,2397,2528
2017-10-19,grossMargin,毛利率,盈利,0.03563562552406046,2397,2528
2017-10-19,ocfToRevenue,经营现金流/营收,现金流,-0.0001335781299961503,2402,2528
2017-10-19,fcfToEv,自由现金流/企业价值,现金流,0.034165515440163656,2353,2528
2017-10-19,debtToAssets,资产负债率,质量,-0.01283777985573196,2402,2528
2017-10-19,receivablesTurnover,应收账款周转率,质量,0.014000900586251882,2061,2528
2017-10-19,inventoryTurnover,存货周转率,质量,0.04297246733509256,2059,2528
2017-10-19,logMarketCap,总市值(对数),规模,-0.01332750644108696,2528,2528
2017-10-19,logRevenue,营业收入(对数),规模,-0.007784724624994814,2401,2528
2017-10-19,logAssets,总资产(对数),规模,0.001466139875168993,2402,2528
2017-10-19,turnover,换手率,换手率,-0.01705396308899416,2528,2528
2017-10-19,turnover20,20日平均换手率,换手率,-0.0697550166099197,2528,2528
2017-10-19,turnoverStd20,20日换手率标准差,换手率,-0.024596632331029294,2528,2528
2017-10-26,roe,ROE,盈利,0.027162284719921312,2399,2529
2017-10-26,grossMargin,毛利率,盈利,0.016185604771895262,2399,2529
2017-10-26,ocfToRevenue,经营现金流/营收,现金流,-0.04477148438997189,2404,2529
2017-10-26,fcfToEv,自由现金流/企业价值,现金流,0.03331062950643086,2355,2529
2017-10-26,debtToAssets,资产负债率,质量,0.007478377114725813,2404,2529
2017-10-26,receivablesTurnover,应收账款周转率,质量,-0.09591158921654122,2057,2529
2017-10-26,inventoryTurnover,存货周转率,质量,0.09309663348887473,2055,2529
2017-10-26,logMarketCap,总市值(对数),规模,0.22566867840707353,2529,2529
2017-10-26,logRevenue,营业收入(对数),规模,0.1328601710924429,2403,2529
2017-10-26,logAssets,总资产(对数),规模,0.13010579612996717,2404,2529
2017-10-26,turnover,换手率,换手率,0.02088739136520078,2529,2529
2017-10-26,turnover20,20日平均换手率,换手率,0.11785126437623818,2529,2529
2017-10-26,turnoverStd20,20日换手率标准差,换手率,0.07060095942146738,2529,2529
2017-11-02,roe,ROE,盈利,0.006680078045321237,2426,2561
2017-11-02,grossMargin,毛利率,盈利,-0.0043115712994873335,2426,2561
2017-11-02,ocfToRevenue,经营现金流/营收,现金流,-0.012608983484781252,2432,2561
2017-11-02,fcfToEv,自由现金流/企业价值,现金流,-0.028186375948469393,2381,2561
2017-11-02,debtToAssets,资产负债率,质量,-0.01823629267868571,2432,2561
2017-11-02,receivablesTurnover,应收账款周转率,质量,0.020629250891440517,2074,2561
2017-11-02,inventoryTurnover,存货周转率,质量,0.02439019302701797,2072,2561
2017-11-02,logMarketCap,总市值(对数),规模,0.00979691818777751,2561,2561
2017-11-02,logRevenue,营业收入(对数),规模,0.046268683713692006,2431,2561
2017-11-02,logAssets,总资产(对数),规模,0.0239755493221016,2432,2561
2017-11-02,turnover,换手率,换手率,0.04027856094680477,2561,2561
2017-11-02,turnover20,20日平均换手率,换手率,-0.035133597537764405,2561,2561
2017-11-02,turnoverStd20,20日换手率标准差,换手率,-0.009033344631080659,2561,2561
2017-11-09,roe,ROE,盈利,0.04226484105485309,2431,2572
2017-11-09,grossMargin,毛利率,盈利,-0.03363614688816228,2431,2572
2017-11-09,ocfToRevenue,经营现金流/营收,现金流,-0.028705478258262876,2437,2572
2017-11-09,fcfToEv,自由现金流/企业价值,现金流,0.07669904615660535,2386,2572
2017-11-09,debtToAssets,资产负债率,质量,0.01996548918052391,2437,2572
2017-11-09,receivablesTurnover,应收账款周转率,质量,0.0011078551983788247,2073,2572
2017-11-09,inventoryTurnover,存货周转率,质量,0.11612974867863966,2071,2572
2017-11-09,logMarketCap,总市值(对数),规模,0.15246722074378175,2572,2572
2017-11-09,logRevenue,营业收入(对数),规模,0.1584039773197301,2436,2572
2017-11-09,logAssets,总资产(对数),规模,0.14426203371971322,2437,2572
2017-11-09,turnover,换手率,换手率,0.0679075455507287,2572,2572
2017-11-09,turnover20,20日平均换手率,换手率,0.07769129948637853,2572,2572
2017-11-09,turnoverStd20,20日换手率标准差,换手率,0.0786099624568871,2572,2572
2017-11-16,roe,ROE,盈利,-0.029039367751071486,2420,2559
2017-11-16,grossMargin,毛利率,盈利,-0.04362093054015941,2420,2559
2017-11-16,ocfToRevenue,经营现金流/营收,现金流,-0.054212131090700895,2427,2559
2017-11-16,fcfToEv,自由现金流/企业价值,现金流,-0.006934835063611386,2375,2559
2017-11-16,debtToAssets,资产负债率,质量,-0.053242987386722194,2427,2559
2017-11-16,receivablesTurnover,应收账款周转率,质量,-0.09647515063035687,2058,2559
2017-11-16,inventoryTurnover,存货周转率,质量,0.06361472246102942,2056,2559
2017-11-16,logMarketCap,总市值(对数),规模,0.2753286226503797,2559,2559
2017-11-16,logRevenue,营业收入(对数),规模,0.2290061647092567,2426,2559
2017-11-16,logAssets,总资产(对数),规模,0.25202026361512264,2427,2559
2017-11-16,turnover,换手率,换手率,0.08851114631876658,2559,2559
2017-11-16,turnover20,20日平均换手率,换手率,0.11599961844254217,2559,2559
2017-11-16,turnoverStd20,20日换手率标准差,换手率,0.04839461727873588,2559,2559
2017-11-23,roe,ROE,盈利,-0.017733404804458446,2427,2566
2017-11-23,grossMargin,毛利率,盈利,-0.027797177795334846,2427,2566
2017-11-23,ocfToRevenue,经营现金流/营收,现金流,0.02767921474791522,2434,2566
2017-11-23,fcfToEv,自由现金流/企业价值,现金流,-0.008811765252638179,2382,2566
2017-11-23,debtToAssets,资产负债率,质量,-0.03678960850989904,2434,2566
2017-11-23,receivablesTurnover,应收账款周转率,质量,0.030093285998986908,2054,2566
2017-11-23,inventoryTurnover,存货周转率,质量,-0.03528913554356342,2052,2566
2017-11-23,logMarketCap,总市值(对数),规模,-0.1622466053008608,2566,2566
2017-11-23,logRevenue,营业收入(对数),规模,-0.06348509363748848,2433,2566
2017-11-23,logAssets,总资产(对数),规模,-0.06854888655387109,2434,2566
2017-11-23,turnover,换手率,换手率,0.049561562029265094,2566,2566
2017-11-23,turnover20,20日平均换手率,换手率,0.03689398337813394,2566,2566
2017-11-23,turnoverStd20,20日换手率标准差,换手率,0.06437329106358469,2566,2566
2017-11-30,roe,ROE,盈利,-0.01755251426844863,2429,2566
2017-11-30,grossMargin,毛利率,盈利,-0.012563312941605802,2429,2566
2017-11-30,ocfToRevenue,经营现金流/营收,现金流,-0.053454632148161096,2437,2566
2017-11-30,fcfToEv,自由现金流/企业价值,现金流,-0.0036476233078910057,2384,2566
2017-11-30,debtToAssets,资产负债率,质量,-0.008691085477289747,2437,2566
2017-11-30,receivablesTurnover,应收账款周转率,质量,-0.04957512828328567,2051,2566
2017-11-30,inventoryTurnover,存货周转率,质量,0.02738966425301313,2049,2566
2017-11-30,logMarketCap,总市值(对数),规模,0.1549482921257002,2566,2566
2017-11-30,logRevenue,营业收入(对数),规模,0.11344060707888905,2436,2566
2017-11-30,logAssets,总资产(对数),规模,0.11557001736375565,2437,2566
2017-11-30,turnover,换手率,换手率,0.07845542978197866,2566,2566
2017-11-30,turnover20,20日平均换手率,换手率,0.12212519695950762,2566,2566
2017-11-30,turnoverStd20,20日换手率标准差,换手率,0.1092795533282183,2566,2566
2017-12-07,roe,ROE,盈利,0.1049027227978648,2425,2561
2017-12-07,grossMargin,毛利率,盈利,0.0521908598039912,2425,2561
2017-12-07,ocfToRevenue,经营现金流/营收,现金流,0.003980734229273968,2434,2561
2017-12-07,fcfToEv,自由现金流/企业价值,现金流,-0.015215897012218024,2380,2561
2017-12-07,debtToAssets,资产负债率,质量,0.0014830647749602475,2434,2561
2017-12-07,receivablesTurnover,应收账款周转率,质量,-0.007523705585092301,2040,2561
2017-12-07,inventoryTurnover,存货周转率,质量,0.005142978941858638,2038,2561
2017-12-07,logMarketCap,总市值(对数),规模,-0.012075023840970069,2561,2561
2017-12-07,logRevenue,营业收入(对数),规模,-0.016996678327005556,2433,2561
2017-12-07,logAssets,总资产(对数),规模,-0.023426175981590712,2434,2561
2017-12-07,turnover,换手率,换手率,-0.03709423879757531,2561,2561
2017-12-07,turnover20,20日平均换手率,换手率,-0.10261291431424517,2561,2561
2017-12-07,turnoverStd20,20日换手率标准差,换手率,-0.05444199551270129,2561,2561
2017-12-14,roe,ROE,盈利,0.05104513470457991,2437,2574
2017-12-14,grossMargin,毛利率,盈利,0.010679245061341734,2437,2574
2017-12-14,ocfToRevenue,经营现金流/营收,现金流,-0.02310614099806263,2446,2574
2017-12-14,fcfToEv,自由现金流/企业价值,现金流,0.055538259509135886,2392,2574
2017-12-14,debtToAssets,资产负债率,质量,0.028462420469121105,2446,2574
2017-12-14,receivablesTurnover,应收账款周转率,质量,0.0068620356879061815,2041,2574
2017-12-14,inventoryTurnover,存货周转率,质量,0.05942113702033567,2039,2574
2017-12-14,logMarketCap,总市值(对数),规模,0.1297062922593377,2574,2574
2017-12-14,logRevenue,营业收入(对数),规模,0.09143447448793622,2445,2574
2017-12-14,logAssets,总资产(对数),规模,0.08396210113166595,2446,2574
2017-12-14,turnover,换手率,换手率,0.04196629244683623,2574,2574
2017-12-14,turnover20,20日平均换手率,换手率,0.03405892121673178,2574,2574
2017-12-14,turnoverStd20,20日换手率标准差,换手率,0.024786414726477652,2574,2574
2017-12-21,roe,ROE,盈利,0.06877361400210046,2454,2587
2017-12-21,grossMargin,毛利率,盈利,0.021920092045288855,2454,2587
2017-12-21,ocfToRevenue,经营现金流/营收,现金流,0.029209121774573545,2463,2587
2017-12-21,fcfToEv,自由现金流/企业价值,现金流,0.03353217349038979,2409,2587
2017-12-21,debtToAssets,资产负债率,质量,-0.017649223014546488,2463,2587
2017-12-21,receivablesTurnover,应收账款周转率,质量,-0.02802788413231565,2053,2587
2017-12-21,inventoryTurnover,存货周转率,质量,-0.01031648629034243,2051,2587
2017-12-21,logMarketCap,总市值(对数),规模,-0.017680815327994464,2587,2587
2017-12-21,logRevenue,营业收入(对数),规模,0.037550198832289626,2462,2587
2017-12-21,logAssets,总资产(对数),规模,0.03692754231375528,2463,2587
2017-12-21,turnover,换手率,换手率,0.05547565753626293,2587,2587
2017-12-21,turnover20,20日平均换手率,换手率,0.03903106686997885,2587,2587
2017-12-21,turnoverStd20,20日换手率标准差,换手率,0.05247682395988462,2587,2587
2017-12-28,roe,ROE,盈利,0.003612728556854023,2464,2598
2017-12-28,grossMargin,毛利率,盈利,-0.03268180107216181,2464,2598
2017-12-28,ocfToRevenue,经营现金流/营收,现金流,-0.05682491110886212,2473,2598
2017-12-28,fcfToEv,自由现金流/企业价值,现金流,0.019459762742729845,2419,2598
2017-12-28,debtToAssets,资产负债率,质量,-0.06607309243911808,2473,2598
2017-12-28,receivablesTurnover,应收账款周转率,质量,-0.01105139319171595,2048,2598
2017-12-28,inventoryTurnover,存货周转率,质量,0.016622770392812798,2046,2598
2017-12-28,logMarketCap,总市值(对数),规模,0.007927102079569034,2598,2598
2017-12-28,logRevenue,营业收入(对数),规模,0.08215287548574064,2472,2598
2017-12-28,logAssets,总资产(对数),规模,0.08396124171408362,2473,2598
2017-12-28,turnover,换手率,换手率,0.03866974919477957,2598,2598
2017-12-28,turnover20,20日平均换手率,换手率,0.010609782417792141,2598,2598
2017-12-28,turnoverStd20,20日换手率标准差,换手率,0.05785151404368309,2598,2598
2018-01-05,roe,ROE,盈利,0.020014727411398606,2485,2622
2018-01-05,grossMargin,毛利率,盈利,0.006786388387938786,2485,2622
2018-01-05,ocfToRevenue,经营现金流/营收,现金流,0.030774739925962243,2495,2622
2018-01-05,fcfToEv,自由现金流/企业价值,现金流,0.026018917698785785,2440,2622
2018-01-05,debtToAssets,资产负债率,质量,0.025999391375519498,2495,2622
2018-01-05,receivablesTurnover,应收账款周转率,质量,-0.0028236565100994634,2056,2622
2018-01-05,inventoryTurnover,存货周转率,质量,-0.02364152696163634,2054,2622
2018-01-05,logMarketCap,总市值(对数),规模,0.08115667159537274,2622,2622
2018-01-05,logRevenue,营业收入(对数),规模,0.09685156278415068,2494,2622
2018-01-05,logAssets,总资产(对数),规模,0.11027790509663078,2495,2622
2018-01-05,turnover,换手率,换手率,0.08745287606658776,2622,2622
2018-01-05,turnover20,20日平均换手率,换手率,0.06897213507340798,2622,2622
2018-01-05,turnoverStd20,20日换手率标准差,换手率,0.06393846243904497,2622,2622
2018-01-12,roe,ROE,盈利,0.07720345752405891,2506,2642
2018-01-12,grossMargin,毛利率,盈利,0.04543194180174593,2506,2642
2018-01-12,ocfToRevenue,经营现金流/营收,现金流,-0.012751697979346386,2516,2642
2018-01-12,fcfToEv,自由现金流/企业价值,现金流,0.04765045214599585,2461,2642
2018-01-12,debtToAssets,资产负债率,质量,0.011813855214809519,2516,2642
2018-01-12,receivablesTurnover,应收账款周转率,质量,-0.0814118103755258,2066,2642
2018-01-12,inventoryTurnover,存货周转率,质量,-0.008984911508372025,2064,2642
2018-01-12,logMarketCap,总市值(对数),规模,0.05960859805530107,2642,2642
2018-01-12,logRevenue,营业收入(对数),规模,0.060659306412947284,2515,2642
2018-01-12,logAssets,总资产(对数),规模,0.07179739455846106,2516,2642
2018-01-12,turnover,换手率,换手率,0.07936332110567727,2642,2642
2018-01-12,turnover20,20日平均换手率,换手率,0.06569905212097368,2642,2642
2018-01-12,turnoverStd20,20日换手率标准差,换手率,0.0597067285710505,2642,2642
2018-01-19,roe,ROE,盈利,0.02331296632519561,2512,2652
2018-01-19,grossMargin,毛利率,盈利,0.026865240690312438,2512,2652
2018-01-19,ocfToRevenue,经营现金流/营收,现金流,0.06396618932544909,2522,2652
2018-01-19,fcfToEv,自由现金流/企业价值,现金流,0.022682082729794124,2467,2652
2018-01-19,debtToAssets,资产负债率,质量,-0.008350202672483091,2522,2652
2018-01-19,receivablesTurnover,应收账款周转率,质量,0.01762934669801933,2065,2652
2018-01-19,inventoryTurnover,存货周转率,质量,-0.028589239116590424,2063,2652
2018-01-19,logMarketCap,总市值(对数),规模,0.14588179987756905,2652,2652
2018-01-19,logRevenue,营业收入(对数),规模,0.1485566394639055,2521,2652
2018-01-19,logAssets,总资产(对数),规模,0.1702904495584471,2522,2652
2018-01-19,turnover,换手率,换手率,0.03246550406593246,2652,2652
2018-01-19,turnover20,20日平均换手率,换手率,0.007941073609438036,2652,2652
2018-01-19,turnoverStd20,20日换手率标准差,换手率,0.026920659597491535,2652,2652
2018-01-26,roe,ROE,盈利,0.12027464194198781,2518,2660
2018-01-26,grossMargin,毛利率,盈利,0.04822464700909638,2518,2660
2018-01-26,ocfToRevenue,经营现金流/营收,现金流,0.010246981997271863,2530,2660
2018-01-26,fcfToEv,自由现金流/企业价值,现金流,0.06658383267951969,2473,2660
2018-01-26,debtToAssets,资产负债率,质量,0.01703974125410685,2530,2660
2018-01-26,receivablesTurnover,应收账款周转率,质量,-0.09746880167715746,2060,2660
2018-01-26,inventoryTurnover,存货周转率,质量,0.07224424488326639,2058,2660
2018-01-26,logMarketCap,总市值(对数),规模,0.3829858503628782,2660,2660
2018-01-26,logRevenue,营业收入(对数),规模,0.280108601138826,2529,2660
2018-01-26,logAssets,总资产(对数),规模,0.31477221408537065,2530,2660
2018-01-26,turnover,换手率,换手率,0.06476500266240591,2660,2660
2018-01-26,turnover20,20日平均换手率,换手率,0.0780547075886087,2660,2660
2018-01-26,turnoverStd20,20日换手率标准差,换手率,0.03296796307030512,2660,2660
2018-02-02,roe,ROE,盈利,-0.014309235874058175,2490,2617
2018-02-02,grossMargin,毛利率,盈利,0.03295493375608558,2490,2617
2018-02-02,ocfToRevenue,经营现金流/营收,现金流,0.006668964664485159,2502,2617
2018-02-02,fcfToEv,自由现金流/企业价值,现金流,-0.008774769410125827,2445,2617
2018-02-02,debtToAssets,资产负债率,质量,-0.015009707175775214,2502,2617
2018-02-02,receivablesTurnover,应收账款周转率,质量,-0.0060978549542713605,2033,2617
2018-02-02,inventoryTurnover,存货周转率,质量,-0.06738176096684192,2031,2617
2018-02-02,logMarketCap,总市值(对数),规模,-0.06542886161185156,2617,2617
2018-02-02,logRevenue,营业收入(对数),规模,-0.0496550281223164,2501,2617
2018-02-02,logAssets,总资产(对数),规模,-0.024912051484301125,2502,2617
2018-02-02,turnover,换手率,换手率,0.09169066236582223,2617,2617
2018-02-02,turnover20,20日平均换手率,换手率,0.1359798563550951,2617,2617
2018-02-02,turnoverStd20,20日换手率标准差,换手率,0.11627914185170456,2617,2617
2018-02-09,roe,ROE,盈利,0.00996933234246552,2454,2570
2018-02-09,grossMargin,毛利率,盈利,-0.04126417371292654,2454,2570
2018-02-09,ocfToRevenue,经营现金流/营收,现金流,-0.02369671475051453,2466,2570
2018-02-09,fcfToEv,自由现金流/企业价值,现金流,-0.035042632470204754,2409,2570
2018-02-09,debtToAssets,资产负债率,质量,-0.05151521774861269,2466,2570
2018-02-09,receivablesTurnover,应收账款周转率,质量,0.03671130200798132,1995,2570
2018-02-09,inventoryTurnover,存货周转率,质量,0.12815618471602147,1993,2570
2018-02-09,logMarketCap,总市值(对数),规模,0.09134723877581105,2570,2570
2018-02-09,logRevenue,营业收入(对数),规模,0.07455003432283827,2465,2570
2018-02-09,logAssets,总资产(对数),规模,0.06182462736403044,2466,2570
2018-02-09,turnover,换手率,换手率,-0.15476928783731791,2570,2570
2018-02-09,turnover20,20日平均换手率,换手率,-0.2009112578588906,2570,2570
2018-02-09,turnoverStd20,20日换手率标准差,换手率,-0.15245978911921848,2570,2570
2018-02-23,roe,ROE,盈利,-0.0006060853739506313,2511,2636
2018-02-23,grossMargin,毛利率,盈利,0.045613441042205986,2511,2636
2018-02-23,ocfToRevenue,经营现金流/营收,现金流,0.04545141740513022,2523,2636
2018-02-23,fcfToEv,自由现金流/企业价值,现金流,-0.01384645867051085,2465,2636
2018-02-23,debtToAssets,资产负债率,质量,0.04322118284217359,2523,2636
2018-02-23,receivablesTurnover,应收账款周转率,质量,0.143216620259967,2027,2636
2018-02-23,inventoryTurnover,存货周转率,质量,-0.02822686734887026,2025,2636
2018-02-23,logMarketCap,总市值(对数),规模,-0.15278937046961022,2636,2636
2018-02-23,logRevenue,营业收入(对数),规模,-0.1670941545017894,2522,2636
2018-02-23,logAssets,总资产(对数),规模,-0.15937456290751012,2523,2636
2018-02-23,turnover,换手率,换手率,0.02366877371895114,2636,2636
2018-02-23,turnover20,20日平均换手率,换手率,-0.033008746287997826,2636,2636
2018-02-23,turnoverStd20,20日换手率标准差,换手率,0.022390366950390095,2636,2636
2018-03-02,roe,ROE,盈利,0.11693996323344023,2527,2658
2018-03-02,grossMargin,毛利率,盈利,0.09225679254662128,2527,2658
2018-03-02,ocfToRevenue,经营现金流/营收,现金流,0.04801935477924063,2539,2658
2018-03-02,fcfToEv,自由现金流/企业价值,现金流,0.034450652128253614,2482,2658
2018-03-02,debtToAssets,资产负债率,质量,0.08439868593862082,2539,2658
2018-03-02,receivablesTurnover,应收账款周转率,质量,0.06849070559901405,2037,2658
2018-03-02,inventoryTurnover,存货周转率,质量,0.005226771835471471,2035,2658
2018-03-02,logMarketCap,总市值(对数),规模,-0.15134185983345472,2658,2658
2018-03-02,logRevenue,营业收入(对数),规模,-0.15302503883730054,2538,2658
2018-03-02,logAssets,总资产(对数),规模,-0.17655774614215047,2539,2658
2018-03-02,turnover,换手率,换手率,-0.0029732997339205125,2658,2658
2018-03-02,turnover20,20日平均换手率,换手率,-0.10740213302069596,2658,2658
2018-03-02,turnoverStd20,20日换手率标准差,换手率,-0.03532906173269896,2658,2658
2018-03-09,roe,ROE,盈利,-0.13810828203985795,2534,2665
2018-03-09,grossMargin,毛利率,盈利,-0.06416246681137015,2534,2665
2018-03-09,ocfToRevenue,经营现金流/营收,现金流,-0.03645290887907212,2546,2665
2018-03-09,fcfToEv,自由现金流/企业价值,现金流,-0.018897368577525112,2489,2665
2018-03-09,debtToAssets,资产负债率,质量,-0.04318318049670384,2546,2665
2018-03-09,receivablesTurnover,应收账款周转率,质量,0.031138262723923154,2041,2665
2018-03-09,inventoryTurnover,存货周转率,质量,-0.0316289384710766,2039,2665
2018-03-09,logMarketCap,总市值(对数),规模,-0.06734240312822791,2665,2665
2018-03-09,logRevenue,营业收入(对数),规模,0.005898747156778945,2545,2665
2018-03-09,logAssets,总资产(对数),规模,0.008354874579433593,2546,2665
2018-03-09,turnover,换手率,换手率,0.17104790943779252,2665,2665
2018-03-09,turnover20,20日平均换手率,换手率,0.11528962705958459,2665,2665
2018-03-09,turnoverStd20,20日换手率标准差,换手率,0.11518697979941268,2665,2665
2018-03-16,roe,ROE,盈利,0.050229366606318125,2552,2683
2018-03-16,grossMargin,毛利率,盈利,0.004652264970187255,2552,2683
2018-03-16,ocfToRevenue,经营现金流/营收,现金流,0.016439903369988504,2564,2683
2018-03-16,fcfToEv,自由现金流/企业价值,现金流,0.019215542908096458,2507,2683
2018-03-16,debtToAssets,资产负债率,质量,0.027805715850774848,2564,2683
2018-03-16,receivablesTurnover,应收账款周转率,质量,-0.04394021007190154,2050,2683
2018-03-16,inventoryTurnover,存货周转率,质量,-0.02895105258457558,2048,2683
2018-03-16,logMarketCap,总市值(对数),规模,-0.04421679431858705,2683,2683
2018-03-16,logRevenue,营业收入(对数),规模,-0.003904649616705329,2563,2683
2018-03-16,logAssets,总资产(对数),规模,-0.03370807995249264,2564,2683
2018-03-16,turnover,换手率,换手率,0.1917505786741031,2683,2683
2018-03-16,turnover20,20日平均换手率,换手率,0.19083295584964485,2683,2683
2018-03-16,turnoverStd20,20日换手率标准差,换手率,0.19797569392986225,2683,2683
2018-03-23,roe,ROE,盈利,0.08777238656790345,2559,2694
2018-03-23,grossMargin,毛利率,盈利,0.11827985815333752,2559,2694
2018-03-23,ocfToRevenue,经营现金流/营收,现金流,0.07176388537648935,2571,2694
2018-03-23,fcfToEv,自由现金流/企业价值,现金流,-0.035880367530819954,2513,2694
2018-03-23,debtToAssets,资产负债率,质量,0.07727587449158314,2571,2694
2018-03-23,receivablesTurnover,应收账款周转率,质量,0.12813846549941413,2047,2694
2018-03-23,inventoryTurnover,存货周转率,质量,-0.0015039859188021296,2045,2694
2018-03-23,logMarketCap,总市值(对数),规模,-0.18842136143635643,2694,2694
2018-03-23,logRevenue,营业收入(对数),规模,-0.19989261301305752,2571,2694
2018-03-23,logAssets,总资产(对数),规模,-0.20547210737470256,2571,2694
2018-03-23,turnover,换手率,换手率,0.020441899393313256,2694,2694
2018-03-23,turnover20,20日平均换手率,换手率,-0.07833693812327167,2694,2694
2018-03-23,turnoverStd20,20日换手率标准差,换手率,0.04382469645702796,2694,2694
2018-03-30,roe,ROE,盈利,0.042568162487343,2566,2702
2018-03-30,grossMargin,毛利率,盈利,0.004936120969352881,2566,2702
2018-03-30,ocfToRevenue,经营现金流/营收,现金流,0.025832334071669103,2578,2702
2018-03-30,fcfToEv,自由现金流/企业价值,现金流,-0.005717745037215307,2520,2702
2018-03-30,debtToAssets,资产负债率,质量,0.029307479248707823,2578,2702
2018-03-30,receivablesTurnover,应收账款周转率,质量,-0.01801995821654625,2049,2702
2018-03-30,inventoryTurnover,存货周转率,质量,0.028647433357089302,2047,2702
2018-03-30,logMarketCap,总市值(对数),规模,0.012320926665432077,2702,2702
2018-03-30,logRevenue,营业收入(对数),规模,0.005129010471789027,2578,2702
2018-03-30,logAssets,总资产(对数),规模,-0.010272166249800443,2578,2702
2018-03-30,turnover,换手率,换手率,0.07024512921525992,2702,2702
2018-03-30,turnover20,20日平均换手率,换手率,0.09972259840512528,2702,2702
2018-03-30,turnoverStd20,20日换手率标准差,换手率,0.11759618603639573,2702,2702
2018-04-10,roe,ROE,盈利,0.030760999111656893,2585,2723
2018-04-10,grossMargin,毛利率,盈利,0.034082337002542186,2585,2723
2018-04-10,ocfToRevenue,经营现金流/营收,现金流,0.08732770814590735,2597,2723
2018-04-10,fcfToEv,自由现金流/企业价值,现金流,0.007329970817591274,2539,2723
2018-04-10,debtToAssets,资产负债率,质量,0.04998854920938354,2597,2723
2018-04-10,receivablesTurnover,应收账款周转率,质量,-0.06262384611301557,2056,2723
2018-04-10,inventoryTurnover,存货周转率,质量,-0.06361792332678849,2054,2723
2018-04-10,logMarketCap,总市值(对数),规模,0.08522230762478523,2723,2723
2018-04-10,logRevenue,营业收入(对数),规模,0.020059127789891117,2597,2723
2018-04-10,logAssets,总资产(对数),规模,0.036815892383490714,2597,2723
2018-04-10,turnover,换手率,换手率,0.1502325607622536,2723,2723
2018-04-10,turnover20,20日平均换手率,换手率,0.16143363035897468,2723,2723
2018-04-10,turnoverStd20,20日换手率标准差,换手率,0.18051191930491794,2723,2723
2018-04-17,roe,ROE,盈利,-0.002443437070209622,2593,2733
2018-04-17,grossMargin,毛利率,盈利,0.040787609397035685,2593,2733
2018-04-17,ocfToRevenue,经营现金流/营收,现金流,0.011565207076520043,2605,2733
2018-04-17,fcfToEv,自由现金流/企业价值,现金流,0.0023411553575772314,2545,2733
2018-04-17,debtToAssets,资产负债率,质量,-0.01302388532350456,2605,2733
2018-04-17,receivablesTurnover,应收账款周转率,质量,0.04146441363160111,2054,2733
2018-04-17,inventoryTurnover,存货周转率,质量,0.0023327604826548468,2052,2733
2018-04-17,logMarketCap,总市值(对数),规模,0.07623935287399165,2733,2733
2018-04-17,logRevenue,营业收入(对数),规模,0.05507294306656113,2604,2733
2018-04-17,logAssets,总资产(对数),规模,0.06647205196825054,2605,2733
2018-04-17,turnover,换手率,换手率,0.03134671947820619,2733,2733
2018-04-17,turnover20,20日平均换手率,换手率,-0.00024277245093189237,2733,2733
2018-04-17,turnoverStd20,20日换手率标准差,换手率,0.03585221498245991,2733,2733
2018-04-24,roe,ROE,盈利,0.0217191275248936,2600,2739
2018-04-24,grossMargin,毛利率,盈利,0.03942909527565603,2600,2739
2018-04-24,ocfToRevenue,经营现金流/营收,现金流,-0.01054782037260162,2612,2739
2018-04-24,fcfToEv,自由现金流/企业价值,现金流,0.03994868469490682,2553,2739
2018-04-24,debtToAssets,资产负债率,质量,0.02198074583260059,2612,2739
2018-04-24,receivablesTurnover,应收账款周转率,质量,0.02764005724502287,2052,2739
2018-04-24,inventoryTurnover,存货周转率,质量,-0.0034579116728376716,2050,2739
2018-04-24,logMarketCap,总市值(对数),规模,0.045260508633766385,2739,2739
2018-04-24,logRevenue,营业收入(对数),规模,0.0004644259451091788,2611,2739
2018-04-24,logAssets,总资产(对数),规模,0.019294954993553833,2612,2739
2018-04-24,turnover,换手率,换手率,0.03840906497728893,2739,2739
2018-04-24,turnover20,20日平均换手率,换手率,0.043026365294905874,2739,2739
2018-04-24,turnoverStd20,20日换手率标准差,换手率,0.036424359513484786,2739,2739
2018-05-03,roe,ROE,盈利,0.11973543334935849,2623,2765
2018-05-03,grossMargin,毛利率,盈利,0.12619446880480104,2623,2765
2018-05-03,ocfToRevenue,经营现金流/营收,现金流,-0.1037918107419693,2635,2765
2018-05-03,fcfToEv,自由现金流/企业价值,现金流,-0.005555514017959531,2576,2765
2018-05-03,debtToAssets,资产负债率,质量,0.11375908319754126,2635,2765
2018-05-03,receivablesTurnover,应收账款周转率,质量,0.035313329563717466,2062,2765
2018-05-03,inventoryTurnover,存货周转率,质量,0.0897931591290998,2060,2765
2018-05-03,logMarketCap,总市值(对数),规模,-0.18032186638292147,2765,2765
2018-05-03,logRevenue,营业收入(对数),规模,-0.1709275082565915,2632,2765
2018-05-03,logAssets,总资产(对数),规模,-0.2174672968311881,2635,2765
2018-05-03,turnover,换手率,换手率,-0.044642672093804556,2765,2765
2018-05-03,turnover20,20日平均换手率,换手率,-0.12079588627437485,2765,2765
2018-05-03,turnoverStd20,20日换手率标准差,换手率,-0.07662245112018998,2765,2765
2018-05-10,roe,ROE,盈利,0.05388642362858786,2632,2777
2018-05-10,grossMargin,毛利率,盈利,-0.017694389316217744,2632,2777
2018-05-10,ocfToRevenue,经营现金流/营收,现金流,-0.10229591479063291,2644,2777
2018-05-10,fcfToEv,自由现金流/企业价值,现金流,0.0068752370922105,2585,2777
2018-05-10,debtToAssets,资产负债率,质量,-0.021498431884543413,2644,2777
2018-05-10,receivablesTurnover,应收账款周转率,质量,-0.10095317690301055,2064,2777
2018-05-10,inventoryTurnover,存货周转率,质量,0.023634077328556553,2062,2777
2018-05-10,logMarketCap,总市值(对数),规模,0.12522192806062044,2777,2777
2018-05-10,logRevenue,营业收入(对数),规模,0.15079742307908375,2641,2777
2018-05-10,logAssets,总资产(对数),规模,0.14516762022461674,2644,2777
2018-05-10,turnover,换手率,换手率,0.042419431465591954,2777,2777
2018-05-10,turnover20,20日平均换手率,换手率,0.0429795281413889,2777,2777
2018-05-10,turnoverStd20,20日换手率标准差,换手率,0.025682401361343702,2777,2777
2018-05-17,roe,ROE,盈利,0.039046026535448926,2658,2804
2018-05-17,grossMargin,毛利率,盈利,0.011896024008944246,2658,2804
2018-05-17,ocfToRevenue,经营现金流/营收,现金流,-0.015074660260677566,2670,2804
2018-05-17,fcfToEv,自由现金流/企业价值,现金流,0.011604614799498435,2612,2804
2018-05-17,debtToAssets,资产负债率,质量,0.024587933279863854,2670,2804
2018-05-17,receivablesTurnover,应收账款周转率,质量,0.03226179235009674,2074,2804
2018-05-17,inventoryTurnover,存货周转率,质量,-0.053785825230584415,2072,2804
2018-05-17,logMarketCap,总市值(对数),规模,-0.1403313457500191,2804,2804
2018-05-17,logRevenue,营业收入(对数),规模,-0.10047960492167501,2667,2804
2018-05-17,logAssets,总资产(对数),规模,-0.1296588396349685,2670,2804
2018-05-17,turnover,换手率,换手率,0.03277768329685869,2804,2804
2018-05-17,turnover20,20日平均换手率,换手率,0.007171624620561459,2804,2804
2018-05-17,turnoverStd20,20日换手率标准差,换手率,0.03566760814639919,2804,2804
2018-05-24,roe,ROE,盈利,0.032539378603889495,2662,2806
2018-05-24,grossMargin,毛利率,盈利,-0.00256057376427312,2662,2806
2018-05-24,ocfToRevenue,经营现金流/营收,现金流,-0.15692541774133492,2674,2806
2018-05-24,fcfToEv,自由现金流/企业价值,现金流,-0.003535221469328232,2616,2806
2018-05-24,debtToAssets,资产负债率,质量,0.013339588845517121,2674,2806
2018-05-24,receivablesTurnover,应收账款周转率,质量,-0.08533184566706258,2074,2806
2018-05-24,inventoryTurnover,存货周转率,质量,0.0779235903180533,2072,2806
2018-05-24,logMarketCap,总市值(对数),规模,0.2123621724677162,2806,2806
2018-05-24,logRevenue,营业收入(对数),规模,0.1975635783415786,2671,2806
2018-05-24,logAssets,总资产(对数),规模,0.17788137920091876,2674,2806
2018-05-24,turnover,换手率,换手率,0.0458991467509836,2806,2806
2018-05-24,turnover20,20日平均换手率,换手率,0.06311376887990651,2806,2806
2018-05-24,turnoverStd20,20日换手率标准差,换手率,0.03808150482674386,2806,2806
2018-05-31,roe,ROE,盈利,0.11204240676785589,2667,2809
2018-05-31,grossMargin,毛利率,盈利,0.052652741513773894,2667,2809
2018-05-31,ocfToRevenue,经营现金流/营收,现金流,-0.0021383609990430364,2679,2809
2018-05-31,fcfToEv,自由现金流/企业价值,现金流,0.021033774540211065,2621,2809
2018-05-31,debtToAssets,资产负债率,质量,0.02509851817009479,2679,2809
2018-05-31,receivablesTurnover,应收账款周转率,质量,0.0010656955590186313,2068,2809
2018-05-31,inventoryTurnover,存货周转率,质量,0.08919385853053978,2066,2809
2018-05-31,logMarketCap,总市值(对数),规模,0.03532632027639809,2809,2809
2018-05-31,logRevenue,营业收入(对数),规模,0.010487002964580428,2676,2809
2018-05-31,logAssets,总资产(对数),规模,-0.0009845262198463478,2679,2809
2018-05-31,turnover,换手率,换手率,-0.02195752230347637,2809,2809
2018-05-31,turnover20,20日平均换手率,换手率,-0.06652273382917798,2809,2809
2018-05-31,turnoverStd20,20日换手率标准差,换手率,-0.04563616028820812,2809,2809
2018-06-07,roe,ROE,盈利,0.05053203104602705,2680,2822
2018-06-07,grossMargin,毛利率,盈利,-0.011902831523878533,2680,2822
2018-06-07,ocfToRevenue,经营现金流/营收,现金流,-0.03636487423176596,2692,2822
2018-06-07,fcfToEv,自由现金流/企业价值,现金流,0.02948422547310601,2634,2822
2018-06-07,debtToAssets,资产负债率,质量,-0.02206935032073294,2692,2822
2018-06-07,receivablesTurnover,应收账款周转率,质量,-0.02132096887691705,2072,2822
2018-06-07,inventoryTurnover,存货周转率,质量,0.13163681911025224,2070,2822
2018-06-07,logMarketCap,总市值(对数),规模,0.13378078958433617,2822,2822
2018-06-07,logRevenue,营业收入(对数),规模,0.10212516698247719,2689,2822
2018-06-07,logAssets,总资产(对数),规模,0.08823414459915287,2692,2822
2018-06-07,turnover,换手率,换手率,-0.03218227949098203,2822,2822
2018-06-07,turnover20,20日平均换手率,换手率,-0.04719183662768573,2822,2822
2018-06-07,turnoverStd20,20日换手率标准差,换手率,-0.053271331298559856,2822,2822
2018-06-14,roe,ROE,盈利,0.05267798151978978,2686,2826
2018-06-14,grossMargin,毛利率,盈利,0.058032651945019484,2686,2826
2018-06-14,ocfToRevenue,经营现金流/营收,现金流,-0.07946836165576183,2698,2826
2018-06-14,fcfToEv,自由现金流/企业价值,现金流,0.012606173459598052,2641,2826
2018-06-14,debtToAssets,资产负债率,质量,-0.016240802519809912,2698,2826
2018-06-14,receivablesTurnover,应收账款周转率,质量,-0.11123317537437945,2069,2826
2018-06-14,inventoryTurnover,存货周转率,质量,0.11711717356909639,2067,2826
2018-06-14,logMarketCap,总市值(对数),规模,0.33567753745278217,2826,2826
2018-06-14,logRevenue,营业收入(对数),规模,0.25322895088619274,2695,2826
2018-06-14,logAssets,总资产(对数),规模,0.28566237239307557,2698,2826
2018-06-14,turnover,换手率,换手率,-0.10129154161211894,2826,2826
2018-06-14,turnover20,20日平均换手率,换手率,-0.038320579546762476,2826,2826
2018-06-14,turnoverStd20,20日换手率标准差,换手率,-0.051261022014443595,2826,2826
2018-06-22,roe,ROE,盈利,0.02214381748192393,2687,2825
2018-06-22,grossMargin,毛利率,盈利,0.0329679894877457,2687,2825
2018-06-22,ocfToRevenue,经营现金流/营收,现金流,0.15846505522078677,2699,2825
2018-06-22,fcfToEv,自由现金流/企业价值,现金流,0.03316482550975199,2639,2825
2018-06-22,debtToAssets,资产负债率,质量,0.047112630832693465,2699,2825
2018-06-22,receivablesTurnover,应收账款周转率,质量,0.15476560939230646,2059,2825
2018-06-22,inventoryTurnover,存货周转率,质量,-0.11743944177987381,2057,2825
2018-06-22,logMarketCap,总市值(对数),规模,-0.22934206628748963,2825,2825
2018-06-22,logRevenue,营业收入(对数),规模,-0.2092293490432805,2696,2825
2018-06-22,logAssets,总资产(对数),规模,-0.211358168301745,2699,2825
2018-06-22,turnover,换手率,换手率,0.03208045020958225,2825,2825
2018-06-22,turnover20,20日平均换手率,换手率,0.047365243132440324,2825,2825
2018-06-22,turnoverStd20,20日换手率标准差,换手率,0.1161250842266901,2825,2825
2018-06-29,roe,ROE,盈利,-0.007205545122758343,2717,2858
2018-06-29,grossMargin,毛利率,盈利,-0.003956521327090096,2717,2858
2018-06-29,ocfToRevenue,经营现金流/营收,现金流,0.09383484303280823,2730,2858
2018-06-29,fcfToEv,自由现金流/企业价值,现金流,-0.01607708780088365,2671,2858
2018-06-29,debtToAssets,资产负债率,质量,0.008702441033507034,2730,2858
2018-06-29,receivablesTurnover,应收账款周转率,质量,0.03724455251741352,2083,2858
2018-06-29,inventoryTurnover,存货周转率,质量,-0.04305669726139452,2081,2858
2018-06-29,logMarketCap,总市值(对数),规模,-0.05700532919174807,2858,2858
2018-06-29,logRevenue,营业收入(对数),规模,-0.044587145115205444,2727,2858
2018-06-29,logAssets,总资产(对数),规模,-0.028556699046014156,2730,2858
2018-06-29,turnover,换手率,换手率,0.13125663123940826,2858,2858
2018-06-29,turnover20,20日平均换手率,换手率,0.11171843557292088,2858,2858
2018-06-29,turnoverStd20,20日换手率标准差,换手率,0.11360009634210463,2858,2858
2018-07-06,roe,ROE,盈利,0.08516925327122553,2737,2881
2018-07-06,grossMargin,毛利率,盈利,0.07338893629982897,2737,2881
2018-07-06,ocfToRevenue,经营现金流/营收,现金流,-0.0936897173455653,2750,2881
2018-07-06,fcfToEv,自由现金流/企业价值,现金流,-0.0005931517248953348,2689,2881
2018-07-06,debtToAssets,资产负债率,质量,0.019123200767259187,2750,2881
2018-07-06,receivablesTurnover,应收账款周转率,质量,-0.0020787027836232297,2096,2881
2018-07-06,inventoryTurnover,存货周转率,质量,0.17640865287552351,2094,2881
2018-07-06,logMarketCap,总市值(对数),规模,0.09147601430757689,2881,2881
2018-07-06,logRevenue,营业收入(对数),规模,0.053416075106161,2747,2881
2018-07-06,logAssets,总资产(对数),规模,0.03335334162776998,2750,2881
2018-07-06,turnover,换手率,换手率,-0.07149449239285009,2881,2881
2018-07-06,turnover20,20日平均换手率,换手率,-0.10526731606302815,2881,2881
2018-07-06,turnoverStd20,20日换手率标准差,换手率,-0.06502654843814036,2881,2881
2018-07-13,roe,ROE,盈利,-0.03346747882481809,2754,2897
2018-07-13,grossMargin,毛利率,盈利,-0.07731524109666667,2754,2897
2018-07-13,ocfToRevenue,经营现金流/营收,现金流,0.055203675816587354,2767,2897
2018-07-13,fcfToEv,自由现金流/企业价值,现金流,-0.019730377531881966,2706,2897
2018-07-13,debtToAssets,资产负债率,质量,-0.061217230995799204,2767,2897
2018-07-13,receivablesTurnover,应收账款周转率,质量,0.03548292744216342,2108,2897
2018-07-13,inventoryTurnover,存货周转率,质量,-0.037005694349251904,2106,2897
2018-07-13,logMarketCap,总市值(对数),规模,-0.029774488803273762,2897,2897
2018-07-13,logRevenue,营业收入(对数),规模,0.050100248796911204,2764,2897
2018-07-13,logAssets,总资产(对数),规模,0.04960064320654796,2767,2897
2018-07-13,turnover,换手率,换手率,0.14013802977243503,2897,2897
2018-07-13,turnover20,20日平均换手率,换手率,0.14144286060984293,2897,2897
2018-07-13,turnoverStd20,20日换手率标准差,换手率,0.14732587250831125,2897,2897
2018-07-20,roe,ROE,盈利,-0.1618509532788809,2775,2921
2018-07-20,grossMargin,毛利率,盈利,-0.13528804491666727,2775,2921
2018-07-20,ocfToRevenue,经营现金流/营收,现金流,0.0661557419168809,2788,2921
2018-07-20,fcfToEv,自由现金流/企业价值,现金流,-0.04633433406963369,2727,2921
2018-07-20,debtToAssets,资产负债率,质量,-0.10128991759868941,2788,2921
2018-07-20,receivablesTurnover,应收账款周转率,质量,-0.03355648311429608,2117,2921
2018-07-20,inventoryTurnover,存货周转率,质量,-0.06943095859470266,2115,2921
2018-07-20,logMarketCap,总市值(对数),规模,-0.16004599199247138,2921,2921
2018-07-20,logRevenue,营业收入(对数),规模,0.048679701933736996,2785,2921
2018-07-20,logAssets,总资产(对数),规模,0.05174741656926944,2788,2921
2018-07-20,turnover,换手率,换手率,0.2768607735659358,2921,2921
2018-07-20,turnover20,20日平均换手率,换手率,0.2496242881522317,2921,2921
2018-07-20,turnoverStd20,20日换手率标准差,换手率,0.2630750565299884,2921,2921
2018-07-27,roe,ROE,盈利,-0.0175793914364191,2784,2929
2018-07-27,grossMargin,毛利率,盈利,-0.08433516030601998,2784,2929
2018-07-27,ocfToRevenue,经营现金流/营收,现金流,-0.0465416572072372,2797,2929
2018-07-27,fcfToEv,自由现金流/企业价值,现金流,-0.01991156634598434,2737,2929
2018-07-27,debtToAssets,资产负债率,质量,-0.0679410784457351,2797,2929
2018-07-27,receivablesTurnover,应收账款周转率,质量,-0.06936168891698892,2119,2929
2018-07-27,inventoryTurnover,存货周转率,质量,-0.01678236216038701,2117,2929
2018-07-27,logMarketCap,总市值(对数),规模,0.049803153878534345,2929,2929
2018-07-27,logRevenue,营业收入(对数),规模,0.12431408771421665,2794,2929
2018-07-27,logAssets,总资产(对数),规模,0.12077190278134974,2797,2929
2018-07-27,turnover,换手率,换手率,0.2619430885174873,2929,2929
2018-07-27,turnover20,20日平均换手率,换手率,0.24658178176191128,2929,2929
2018-07-27,turnoverStd20,20日换手率标准差,换手率,0.1985448394278229,2929,2929
2018-08-03,roe,ROE,盈利,-0.00980069322036456,2807,2955
2018-08-03,grossMargin,毛利率,盈利,0.0068239388287921416,2807,2955
2018-08-03,ocfToRevenue,经营现金流/营收,现金流,0.12019103586780067,2820,2955
2018-08-03,fcfToEv,自由现金流/企业价值,现金流,-0.03203610989397471,2760,2955
2018-08-03,debtToAssets,资产负债率,质量,0.0026701205549899947,2820,2955
2018-08-03,receivablesTurnover,应收账款周转率,质量,9.358580223937582e-05,2128,2955
2018-08-03,inventoryTurnover,存货周转率,质量,-0.06620539511093643,2126,2955
2018-08-03,logMarketCap,总市值(对数),规模,-0.02644185048642861,2955,2955
2018-08-03,logRevenue,营业收入(对数),规模,0.02789876989459301,2817,2955
2018-08-03,logAssets,总资产(对数),规模,0.032381098939200874,2820,2955
2018-08-03,turnover,换手率,换手率,0.09433547959831769,2955,2955
2018-08-03,turnover20,20日平均换手率,换手率,0.025702676432518418,2955,2955
2018-08-03,turnoverStd20,20日换手率标准差,换手率,0.052233573631484065,2955,2955
2018-08-10,roe,ROE,盈利,-0.05671438483614556,2821,2969
2018-08-10,grossMargin,毛利率,盈利,-0.0038930971012561487,2821,2969
2018-08-10,ocfToRevenue,经营现金流/营收,现金流,0.018868570034480555,2834,2969
2018-08-10,fcfToEv,自由现金流/企业价值,现金流,-0.005819668677499412,2774,2969
2018-08-10,debtToAssets,资产负债率,质量,0.006150438562110693,2834,2969
2018-08-10,receivablesTurnover,应收账款周转率,质量,0.008097503436425959,2132,2969
2018-08-10,inventoryTurnover,存货周转率,质量,-0.022570977768997583,2130,2969
2018-08-10,logMarketCap,总市值(对数),规模,-0.025607397603062926,2969,2969
2018-08-10,logRevenue,营业收入(对数),规模,-0.017338017731709163,2831,2969
2018-08-10,logAssets,总资产(对数),规模,-0.004584632831985992,2834,2969
2018-08-10,turnover,换手率,换手率,0.21484372495512527,2969,2969
2018-08-10,turnover20,20日平均换手率,换手率,0.18999690483536807,2969,2969
2018-08-10,turnoverStd20,20日换手率标准差,换手率,0.2004729038218814,2969,2969
2018-08-17,roe,ROE,盈利,0.0860649421172657,2831,2982
2018-08-17,grossMargin,毛利率,盈利,0.012610377295110825,2831,2982
2018-08-17,ocfToRevenue,经营现金流/营收,现金流,-0.018491707375799145,2844,2982
2018-08-17,fcfToEv,自由现金流/企业价值,现金流,0.02137833000520564,2785,2982
2018-08-17,debtToAssets,资产负债率,质量,0.01604657992708491,2844,2982
2018-08-17,receivablesTurnover,应收账款周转率,质量,0.015435942618829183,2137,2982
2018-08-17,inventoryTurnover,存货周转率,质量,0.02059608094739842,2135,2982
2018-08-17,logMarketCap,总市值(对数),规模,0.03859442859107837,2982,2982
2018-08-17,logRevenue,营业收入(对数),规模,0.04197179912528004,2841,2982
2018-08-17,logAssets,总资产(对数),规模,0.017991097398341593,2844,2982
2018-08-17,turnover,换手率,换手率,0.0033151474947907857,2982,2982
2018-08-17,turnover20,20日平均换手率,换手率,-0.028028942720092643,2982,2982
2018-08-17,turnoverStd20,20日换手率标准差,换手率,0.009921587653542278,2982,2982
2018-08-24,roe,ROE,盈利,-0.01390190094400627,2844,2998
2018-08-24,grossMargin,毛利率,盈利,-0.053688521231191264,2844,2998
2018-08-24,ocfToRevenue,经营现金流/营收,现金流,-0.04869009291154975,2857,2998
2018-08-24,fcfToEv,自由现金流/企业价值,现金流,-0.06179759926306591,2798,2998
2018-08-24,debtToAssets,资产负债率,质量,-0.02843956372891473,2857,2998
2018-08-24,receivablesTurnover,应收账款周转率,质量,-0.025294556626728856,2141,2998
2018-08-24,inventoryTurnover,存货周转率,质量,0.001631511953039372,2139,2998
2018-08-24,logMarketCap,总市值(对数),规模,0.11912204464993251,2998,2998
2018-08-24,logRevenue,营业收入(对数),规模,0.1308249187190851,2854,2998
2018-08-24,logAssets,总资产(对数),规模,0.12938649926144288,2857,2998
2018-08-24,turnover,换手率,换手率,0.09598444810384683,2998,2998
2018-08-24,turnover20,20日平均换手率,换手率,0.09973214951906526,2998,2998
2018-08-24,turnoverStd20,20日换手率标准差,换手率,0.08175251472092455,2998,2998
2018-08-31,roe,ROE,盈利,-0.10369524316627772,2853,3008
2018-08-31,grossMargin,毛利率,盈利,-0.03183095242478326,2853,3008
2018-08-31,ocfToRevenue,经营现金流/营收,现金流,0.014018076642301902,2866,3008
2018-08-31,fcfToEv,自由现金流/企业价值,现金流,-0.02793387300693871,2806,3008
2018-08-31,debtToAssets,资产负债率,质量,0.005487767655915613,2866,3008
2018-08-31,receivablesTurnover,应收账款周转率,质量,0.018725600713079514,2144,3008
2018-08-31,inventoryTurnover,存货周转率,质量,-0.12832239161548703,2142,3008
2018-08-31,logMarketCap,总市值(对数),规模,-0.16421725338415283,3008,3008
2018-08-31,logRevenue,营业收入(对数),规模,-0.06716900332653777,2866,3008
2018-08-31,logAssets,总资产(对数),规模,-0.06731269076030372,2866,3008
2018-08-31,turnover,换手率,换手率,0.09597786237077813,3008,3008
2018-08-31,turnover20,20日平均换手率,换手率,0.05129150916428915,3008,3008
2018-08-31,turnoverStd20,20日换手率标准差,换手率,0.07432384563932205,3008,3008
2018-09-07,roe,ROE,盈利,-0.11461618826710072,2860,3012
2018-09-07,grossMargin,毛利率,盈利,-0.08020527621405145,2860,3012
2018-09-07,ocfToRevenue,经营现金流/营收,现金流,-0.045066960219647664,2873,3012
2018-09-07,fcfToEv,自由现金流/企业价值,现金流,-0.033622006937030414,2814,3012
2018-09-07,debtToAssets,资产负债率,质量,-0.034306218294405263,2873,3012
2018-09-07,receivablesTurnover,应收账款周转率,质量,0.01957147337589946,2147,3012
2018-09-07,inventoryTurnover,存货周转率,质量,-0.022209832896848525,2145,3012
2018-09-07,logMarketCap,总市值(对数),规模,-0.05558796213917611,3012,3012
2018-09-07,logRevenue,营业收入(对数),规模,0.03745274862868377,2873,3012
2018-09-07,logAssets,总资产(对数),规模,0.03862066289588041,2873,3012
2018-09-07,turnover,换手率,换手率,0.15838565163844384,3012,3012
2018-09-07,turnover20,20日平均换手率,换手率,0.14587163253420832,3012,3012
2018-09-07,turnoverStd20,20日换手率标准差,换手率,0.13199426302253095,3012,3012
2018-09-14,roe,ROE,盈利,-0.008039050230704522,2871,3027
2018-09-14,grossMargin,毛利率,盈利,0.0077191401866631305,2871,3027
2018-09-14,ocfToRevenue,经营现金流/营收,现金流,-0.014110387698102883,2884,3027
2018-09-14,fcfToEv,自由现金流/企业价值,现金流,0.02620337405462604,2825,3027
2018-09-14,debtToAssets,资产负债率,质量,-0.016619796716495303,2884,3027
2018-09-14,receivablesTurnover,应收账款周转率,质量,-0.031407679134015785,2151,3027
2018-09-14,inventoryTurnover,存货周转率,质量,0.03159523476086025,2149,3027
2018-09-14,logMarketCap,总市值(对数),规模,0.13671004656657426,3027,3027
2018-09-14,logRevenue,营业收入(对数),规模,0.15257771562888586,2884,3027
2018-09-14,logAssets,总资产(对数),规模,0.15278375632789998,2884,3027
2018-09-14,turnover,换手率,换手率,-0.10924070287919642,3027,3027
2018-09-14,turnover20,20日平均换手率,换手率,-0.15953176344278205,3027,3027
2018-09-14,turnoverStd20,20日换手率标准差,换手率,-0.1355924153432868,3027,3027
2018-09-21,roe,ROE,盈利,-0.007715383776327932,2881,3037
2018-09-21,grossMargin,毛利率,盈利,-0.08502038877970952,2881,3037
2018-09-21,ocfToRevenue,经营现金流/营收,现金流,-0.039428947535307714,2894,3037
2018-09-21,fcfToEv,自由现金流/企业价值,现金流,0.016613791641376063,2835,3037
2018-09-21,debtToAssets,资产负债率,质量,-0.05923239446736066,2894,3037
2018-09-21,receivablesTurnover,应收账款周转率,质量,-0.06413191227586408,2150,3037
2018-09-21,inventoryTurnover,存货周转率,质量,0.06108756044207621,2148,3037
2018-09-21,logMarketCap,总市值(对数),规模,0.17566713601997794,3037,3037
2018-09-21,logRevenue,营业收入(对数),规模,0.18442444619260975,2894,3037
2018-09-21,logAssets,总资产(对数),规模,0.19036463902030543,2894,3037
2018-09-21,turnover,换手率,换手率,0.17679474465253575,3037,3037
2018-09-21,turnover20,20日平均换手率,换手率,0.1634522781346861,3037,3037
2018-09-21,turnoverStd20,20日换手率标准差,换手率,0.13035074348016465,3037,3037
2018-10-08,roe,ROE,盈利,0.20561601572106095,2897,3050
2018-10-08,grossMargin,毛利率,盈利,0.06225125911906975,2897,3050
2018-10-08,ocfToRevenue,经营现金流/营收,现金流,-0.03816699152530311,2910,3050
2018-10-08,fcfToEv,自由现金流/企业价值,现金流,0.07949329592345743,2851,3050
2018-10-08,debtToAssets,资产负债率,质量,0.054016992046044876,2910,3050
2018-10-08,receivablesTurnover,应收账款周转率,质量,-0.030625547070147315,2158,3050
2018-10-08,inventoryTurnover,存货周转率,质量,0.10745665672598131,2156,3050
2018-10-08,logMarketCap,总市值(对数),规模,0.07773613453982446,3050,3050
2018-10-08,logRevenue,营业收入(对数),规模,0.005811933848327246,2910,3050
2018-10-08,logAssets,总资产(对数),规模,-0.028164518658505677,2910,3050
2018-10-08,turnover,换手率,换手率,-0.06797005465010686,3050,3050
2018-10-08,turnover20,20日平均换手率,换手率,-0.08526750648487655,3050,3050
2018-10-08,turnoverStd20,20日换手率标准差,换手率,-0.08877784837302856,3050,3050
2018-10-15,roe,ROE,盈利,0.10702263890837593,2916,3069
2018-10-15,grossMargin,毛利率,盈利,0.10622908210887942,2916,3069
2018-10-15,ocfToRevenue,经营现金流/营收,现金流,0.055382936588783814,2929,3069
2018-10-15,fcfToEv,自由现金流/企业价值,现金流,0.026164576958891458,2870,3069
2018-10-15,debtToAssets,资产负债率,质量,0.070245108490433,2929,3069
2018-10-15,receivablesTurnover,应收账款周转率,质量,0.02223034708416069,2168,3069
2018-10-15,inventoryTurnover,存货周转率,质量,-0.043838496580960264,2166,3069
2018-10-15,logMarketCap,总市值(对数),规模,0.018242448128396642,3069,3069
2018-10-15,logRevenue,营业收入(对数),规模,-0.009327335719312909,2929,3069
2018-10-15,logAssets,总资产(对数),规模,0.0049399738454467,2929,3069
2018-10-15,turnover,换手率,换手率,-0.02867438131122328,3069,3069
2018-10-15,turnover20,20日平均换手率,换手率,-0.03323326961562564,3069,3069
2018-10-15,turnoverStd20,20日换手率标准差,换手率,-0.002917325335694553,3069,3069
2018-10-22,roe,ROE,盈利,-0.17029851605151786,2920,3070
2018-10-22,grossMargin,毛利率,盈利,-0.12432887212267381,2920,3070
2018-10-22,ocfToRevenue,经营现金流/营收,现金流,0.0069802987855486325,2933,3070
2018-10-22,fcfToEv,自由现金流/企业价值,现金流,-0.026300833787988948,2873,3070
2018-10-22,debtToAssets,资产负债率,质量,-0.04236933477057831,2933,3070
2018-10-22,receivablesTurnover,应收账款周转率,质量,0.0420196859990232,2163,3070
2018-10-22,inventoryTurnover,存货周转率,质量,-0.13608306733997375,2161,3070
2018-10-22,logMarketCap,总市值(对数),规模,-0.2787560920891911,3070,3070
2018-10-22,logRevenue,营业收入(对数),规模,-0.10490786833592532,2933,3070
2018-10-22,logAssets,总资产(对数),规模,-0.10640269191487256,2933,3070
2018-10-22,turnover,换手率,换手率,0.25945147208435926,3070,3070
2018-10-22,turnover20,20日平均换手率,换手率,0.25054506931849213,3070,3070
2018-10-22,turnoverStd20,20日换手率标准差,换手率,0.252090314839723,3070,3070
2018-10-29,roe,ROE,盈利,0.008294719514912481,2925,3079
2018-10-29,grossMargin,毛利率,盈利,0.04114364408639826,2925,3079
2018-10-29,ocfToRevenue,经营现金流/营收,现金流,0.002284700186044677,2939,3079
2018-10-29,fcfToEv,自由现金流/企业价值,现金流,-0.007547013427786308,2877,3079
2018-10-29,debtToAssets,资产负债率,质量,0.0075230637205698035,2939,3079
2018-10-29,receivablesTurnover,应收账款周转率,质量,0.06120386745626277,2162,3079
2018-10-29,inventoryTurnover,存货周转率,质量,-0.024038881829796865,2160,3079
2018-10-29,logMarketCap,总市值(对数),规模,-0.05127082389130971,3079,3079
2018-10-29,logRevenue,营业收入(对数),规模,-0.01667543123510297,2939,3079
2018-10-29,logAssets,总资产(对数),规模,-0.033962549730676285,2939,3079
2018-10-29,turnover,换手率,换手率,-0.04896648492169076,3079,3079
2018-10-29,turnover20,20日平均换手率,换手率,-0.08521496330025467,3079,3079
2018-10-29,turnoverStd20,20日换手率标准差,换手率,-0.040121070345309706,3079,3079
2018-11-05,roe,ROE,盈利,-0.16092341996032722,2943,3100
2018-11-05,grossMargin,毛利率,盈利,-0.10267548613051512,2943,3100
2018-11-05,ocfToRevenue,经营现金流/营收,现金流,-0.010698478640613247,2957,3100
2018-11-05,fcfToEv,自由现金流/企业价值,现金流,-0.06016906726864081,2896,3100
2018-11-05,debtToAssets,资产负债率,质量,-0.04316432157894783,2957,3100
2018-11-05,receivablesTurnover,应收账款周转率,质量,0.056363841769409284,2172,3100
2018-11-05,inventoryTurnover,存货周转率,质量,-0.07937018914510888,2170,3100
2018-11-05,logMarketCap,总市值(对数),规模,-0.2752570002872415,3100,3100
2018-11-05,logRevenue,营业收入(对数),规模,-0.11928008334744918,2957,3100
2018-11-05,logAssets,总资产(对数),规模,-0.1142160995217324,2957,3100
2018-11-05,turnover,换手率,换手率,0.23536592640073492,3100,3100
2018-11-05,turnover20,20日平均换手率,换手率,0.23450497615699767,3100,3100
2018-11-05,turnoverStd20,20日换手率标准差,换手率,0.2744130156322563,3100,3100
2018-11-12,roe,ROE,盈利,-0.06713384414216116,2960,3121
2018-11-12,grossMargin,毛利率,盈利,0.009501002645295263,2960,3121
2018-11-12,ocfToRevenue,经营现金流/营收,现金流,-0.0035396309101226073,2974,3121
2018-11-12,fcfToEv,自由现金流/企业价值,现金流,-0.028683530444800976,2913,3121
2018-11-12,debtToAssets,资产负债率,质量,0.0065370179034634724,2974,3121
2018-11-12,receivablesTurnover,应收账款周转率,质量,0.035898214222765706,2177,3121
2018-11-12,inventoryTurnover,存货周转率,质量,-0.1154460667936464,2175,3121
2018-11-12,logMarketCap,总市值(对数),规模,-0.23757485635300946,3121,3121
2018-11-12,logRevenue,营业收入(对数),规模,-0.16493239367564325,2974,3121
2018-11-12,logAssets,总资产(对数),规模,-0.15707572895413616,2974,3121
2018-11-12,turnover,换手率,换手率,0.15926361570681488,3121,3121
2018-11-12,turnover20,20日平均换手率,换手率,0.1431555584425046,3121,3121
2018-11-12,turnoverStd20,20日换手率标准差,换手率,0.1697336998234534,3121,3121
2018-11-19,roe,ROE,盈利,-0.06830524210736463,2977,3138
2018-11-19,grossMargin,毛利率,盈利,-0.04350758063606238,2977,3138
2018-11-19,ocfToRevenue,经营现金流/营收,现金流,-0.05403162786556076,2991,3138
2018-11-19,fcfToEv,自由现金流/企业价值,现金流,-0.04541993833003495,2930,3138
2018-11-19,debtToAssets,资产负债率,质量,-0.023066526711868464,2991,3138
2018-11-19,receivablesTurnover,应收账款周转率,质量,0.02397022416142598,2183,3138
2018-11-19,inventoryTurnover,存货周转率,质量,0.026443571073735794,2181,3138
2018-11-19,logMarketCap,总市值(对数),规模,0.0828859130926195,3138,3138
2018-11-19,logRevenue,营业收入(对数),规模,0.11867299165884239,2991,3138
2018-11-19,logAssets,总资产(对数),规模,0.12698916585352263,2991,3138
2018-11-19,turnover,换手率,换手率,0.2488162207870408,3138,3138
2018-11-19,turnover20,20日平均换手率,换手率,0.22727711089293087,3138,3138
2018-11-19,turnoverStd20,20日换手率标准差,换手率,0.21552192338573206,3138,3138
2018-11-26,roe,ROE,盈利,0.11238506236199339,2985,3145
2018-11-26,grossMargin,毛利率,盈利,0.05408527968580868,2985,3145
2018-11-26,ocfToRevenue,经营现金流/营收,现金流,0.024382531619472392,2999,3145
2018-11-26,fcfToEv,自由现金流/企业价值,现金流,0.03355274366047087,2938,3145
2018-11-26,debtToAssets,资产负债率,质量,0.011287895344626727,2999,3145
2018-11-26,receivablesTurnover,应收账款周转率,质量,0.04671988819677522,2187,3145
2018-11-26,inventoryTurnover,存货周转率,质量,0.09119821649875362,2185,3145
2018-11-26,logMarketCap,总市值(对数),规模,0.03356038944409058,3145,3145
2018-11-26,logRevenue,营业收入(对数),规模,0.07244710347618902,2999,3145
2018-11-26,logAssets,总资产(对数),规模,0.04233411326823838,2999,3145
2018-11-26,turnover,换手率,换手率,0.1934400781532719,3145,3145
2018-11-26,turnover20,20日平均换手率,换手率,0.1023051953519376,3145,3145
2018-11-26,turnoverStd20,20日换手率标准差,换手率,0.1519522047842109,3145,3145
2018-12-03,roe,ROE,盈利,0.020499954388964407,2997,3160
2018-12-03,grossMargin,毛利率,盈利,-0.007049856901788105,2997,3160
2018-12-03,ocfToRevenue,经营现金流/营收,现金流,0.01816523351701452,3011,3160
2018-12-03,fcfToEv,自由现金流/企业价值,现金流,0.009959593631279939,2950,3160
2018-12-03,debtToAssets,资产负债率,质量,0.022930657630731415,3011,3160
2018-12-03,receivablesTurnover,应收账款周转率,质量,0.00749692817192805,2192,3160
2018-12-03,inventoryTurnover,存货周转率,质量,-0.026613114672559873,2190,3160
2018-12-03,logMarketCap,总市值(对数),规模,-0.029368520619310685,3160,3160
2018-12-03,logRevenue,营业收入(对数),规模,-0.004547141794086399,3011,3160
2018-12-03,logAssets,总资产(对数),规模,-0.018705034145179836,3011,3160
2018-12-03,turnover,换手率,换手率,0.17380320239577327,3160,3160
2018-12-03,turnover20,20日平均换手率,换手率,0.14155240157943833,3160,3160
2018-12-03,turnoverStd20,20日换手率标准差,换手率,0.1458631250168445,3160,3160
2018-12-10,roe,ROE,盈利,0.07049744543829818,3009,3174
2018-12-10,grossMargin,毛利率,盈利,0.0601875818006117,3009,3174
2018-12-10,ocfToRevenue,经营现金流/营收,现金流,0.014756508736090227,3023,3174
2018-12-10,fcfToEv,自由现金流/企业价值,现金流,0.06335855547715323,2962,3174
2018-12-10,debtToAssets,资产负债率,质量,0.01380600276685183,3023,3174
2018-12-10,receivablesTurnover,应收账款周转率,质量,-0.02687993942260779,2199,3174
2018-12-10,inventoryTurnover,存货周转率,质量,0.08619440362058339,2197,3174
2018-12-10,logMarketCap,总市值(对数),规模,0.06525465974146441,3174,3174
2018-12-10,logRevenue,营业收入(对数),规模,0.025223814706092106,3023,3174
2018-12-10,logAssets,总资产(对数),规模,0.039117940748268167,3023,3174
2018-12-10,turnover,换手率,换手率,-0.0037096774936100827,3174,3174
2018-12-10,turnover20,20日平均换手率,换手率,-0.0320329614197747,3174,3174
2018-12-10,turnoverStd20,20日换手率标准差,换手率,-0.0485636826616373,3174,3174
2018-12-17,roe,ROE,盈利,0.1177878174648313,3012,3175
2018-12-17,grossMargin,毛利率,盈利,0.010351885043356192,3012,3175
2018-12-17,ocfToRevenue,经营现金流/营收,现金流,0.06597837596711814,3026,3175
2018-12-17,fcfToEv,自由现金流/企业价值,现金流,0.05071348666407532,2964,3175
2018-12-17,debtToAssets,资产负债率,质量,0.05170516888512274,3026,3175
2018-12-17,receivablesTurnover,应收账款周转率,质量,0.019371468926040917,2200,3175
2018-12-17,inventoryTurnover,存货周转率,质量,-0.04897513273304408,2198,3175
2018-12-17,logMarketCap,总市值(对数),规模,-0.13480532679554574,3175,3175
2018-12-17,logRevenue,营业收入(对数),规模,-0.10752649944583721,3026,3175
2018-12-17,logAssets,总资产(对数),规模,-0.14079613635422603,3026,3175
2018-12-17,turnover,换手率,换手率,0.0800704739588903,3175,3175
2018-12-17,turnover20,20日平均换手率,换手率,0.010954446405054238,3175,3175
2018-12-17,turnoverStd20,20日换手率标准差,换手率,0.028843210400401817,3175,3175
2018-12-24,roe,ROE,盈利,0.033814280761675565,3016,3178
2018-12-24,grossMargin,毛利率,盈利,-0.020335937660354676,3016,3178
2018-12-24,ocfToRevenue,经营现金流/营收,现金流,0.0018098174252449003,3030,3178
2018-12-24,fcfToEv,自由现金流/企业价值,现金流,0.04980373360299217,2968,3178
2018-12-24,debtToAssets,资产负债率,质量,0.037675794236653855,3030,3178
2018-12-24,receivablesTurnover,应收账款周转率,质量,0.02303677428757953,2202,3178
2018-12-24,inventoryTurnover,存货周转率,质量,-0.012952288095858099,2200,3178
2018-12-24,logMarketCap,总市值(对数),规模,0.016622167912759587,3178,3178
2018-12-24,logRevenue,营业收入(对数),规模,0.008668972455748172,3030,3178
2018-12-24,logAssets,总资产(对数),规模,0.0007747017503295327,3030,3178
2018-12-24,turnover,换手率,换手率,0.08517796236601109,3178,3178
2018-12-24,turnover20,20日平均换手率,换手率,0.1534291974769393,3178,3178
2018-12-24,turnoverStd20,20日换手率标准差,换手率,0.1316360905419472,3178,3178
2019-01-02,roe,ROE,盈利,-0.19879628782583775,3027,3187
2019-01-02,grossMargin,毛利率,盈利,-0.09075331999928647,3027,3187
2019-01-02,ocfToRevenue,经营现金流/营收,现金流,0.01125634532259044,3041,3187
2019-01-02,fcfToEv,自由现金流/企业价值,现金流,-0.06944767582631012,2980,3187
2019-01-02,debtToAssets,资产负债率,质量,-0.03927476439506526,3041,3187
2019-01-02,receivablesTurnover,应收账款周转率,质量,0.11802486721793007,2203,3187
2019-01-02,inventoryTurnover,存货周转率,质量,-0.04587684679466507,2201,3187
2019-01-02,logMarketCap,总市值(对数),规模,-0.12251229887903996,3187,3187
2019-01-02,logRevenue,营业收入(对数),规模,0.013073034216991034,3041,3187
2019-01-02,logAssets,总资产(对数),规模,0.03877777204723803,3041,3187
2019-01-02,turnover,换手率,换手率,0.22013265525722303,3187,3187
2019-01-02,turnover20,20日平均换手率,换手率,0.16743305614562295,3187,3187
2019-01-02,turnoverStd20,20日换手率标准差,换手率,0.16197375410507675,3187,3187
2019-01-09,roe,ROE,盈利,0.017756403291162296,3032,3194
2019-01-09,grossMargin,毛利率,盈利,-0.02029041534950183,3032,3194
2019-01-09,ocfToRevenue,经营现金流/营收,现金流,0.02991858917109677,3046,3194
2019-01-09,fcfToEv,自由现金流/企业价值,现金流,0.041281682028818496,2986,3194
2019-01-09,debtToAssets,资产负债率,质量,-0.011022213074769234,3046,3194
2019-01-09,receivablesTurnover,应收账款周转率,质量,0.022899070531107273,2204,3194
2019-01-09,inventoryTurnover,存货周转率,质量,-0.021924329915291793,2202,3194
2019-01-09,logMarketCap,总市值(对数),规模,-0.021288987700689842,3194,3194
2019-01-09,logRevenue,营业收入(对数),规模,0.04851192885328302,3046,3194
2019-01-09,logAssets,总资产(对数),规模,0.018632238946512638,3046,3194
2019-01-09,turnover,换手率,换手率,0.14000864194395735,3194,3194
2019-01-09,turnover20,20日平均换手率,换手率,0.09913596595551694,3194,3194
2019-01-09,turnoverStd20,20日换手率标准差,换手率,0.1349627255166905,3194,3194
2019-01-16,roe,ROE,盈利,0.11534217955356817,3033,3195
2019-01-16,grossMargin,毛利率,盈利,0.01914313862671636,3033,3195
2019-01-16,ocfToRevenue,经营现金流/营收,现金流,-0.01679873520407333,3047,3195
2019-01-16,fcfToEv,自由现金流/企业价值,现金流,0.0656134397982332,2986,3195
2019-01-16,debtToAssets,资产负债率,质量,0.0033065477460352197,3047,3195
2019-01-16,receivablesTurnover,应收账款周转率,质量,-0.02590632140303868,2203,3195
2019-01-16,inventoryTurnover,存货周转率,质量,0.09191976075615335,2201,3195
2019-01-16,logMarketCap,总市值(对数),规模,0.12316155709831568,3195,3195
2019-01-16,logRevenue,营业收入(对数),规模,0.12000183945145873,3047,3195
2019-01-16,logAssets,总资产(对数),规模,0.10358758798391136,3047,3195
2019-01-16,turnover,换手率,换手率,0.06733079121023142,3195,3195
2019-01-16,turnover20,20日平均换手率,换手率,0.00855829840521527,3195,3195
2019-01-16,turnoverStd20,20日换手率标准差,换手率,0.03677724205580591,3195,3195
2019-01-23,roe,ROE,盈利,0.1210008894994659,3033,3194
2019-01-23,grossMargin,毛利率,盈利,0.03292979086844036,3033,3194
2019-01-23,ocfToRevenue,经营现金流/营收,现金流,-0.006003339304404246,3047,3194
2019-01-23,fcfToEv,自由现金流/企业价值,现金流,0.035643378300618686,2986,3194
2019-01-23,debtToAssets,资产负债率,质量,0.013076034840255454,3047,3194
2019-01-23,receivablesTurnover,应收账款周转率,质量,-0.04662911030493554,2199,3194
2019-01-23,inventoryTurnover,存货周转率,质量,0.11880806261365497,2197,3194
2019-01-23,logMarketCap,总市值(对数),规模,0.3759789352335843,3194,3194
2019-01-23,logRevenue,营业收入(对数),规模,0.2678908678775971,3047,3194
2019-01-23,logAssets,总资产(对数),规模,0.2697439687644982,3047,3194
2019-01-23,turnover,换手率,换手率,0.13115854596533386,3194,3194
2019-01-23,turnover20,20日平均换手率,换手率,0.13840408281600916,3194,3194
2019-01-23,turnoverStd20,20日换手率标准差,换手率,0.12256128626269563,3194,3194
2019-01-30,roe,ROE,盈利,0.04565101865268412,3039,3200
2019-01-30,grossMargin,毛利率,盈利,0.07094193620420548,3039,3200
2019-01-30,ocfToRevenue,经营现金流/营收,现金流,0.010327294858487098,3053,3200
2019-01-30,fcfToEv,自由现金流/企业价值,现金流,-0.0439161373461529,2992,3200
2019-01-30,debtToAssets,资产负债率,质量,0.021990957509902345,3053,3200
2019-01-30,receivablesTurnover,应收账款周转率,质量,0.0602393199657032,2202,3200
2019-01-30,inventoryTurnover,存货周转率,质量,0.0563499990609643,2200,3200
2019-01-30,logMarketCap,总市值(对数),规模,0.05911647175484737,3200,3200
2019-01-30,logRevenue,营业收入(对数),规模,0.030963529292641033,3053,3200
2019-01-30,logAssets,总资产(对数),规模,0.04815092674716719,3053,3200
2019-01-30,turnover,换手率,换手率,-0.05960794883191877,3200,3200
2019-01-30,turnover20,20日平均换手率,换手率,-0.0639960023076525,3200,3200
2019-01-30,turnoverStd20,20日换手率标准差,换手率,-0.03698626462799075,3200,3200
2019-02-13,roe,ROE,盈利,-0.14575156857550395,3049,3214
2019-02-13,grossMargin,毛利率,盈利,-0.049974699861040764,3049,3214
2019-02-13,ocfToRevenue,经营现金流/营收,现金流,-0.0007762834638354558,3065,3214
2019-02-13,fcfToEv,自由现金流/企业价值,现金流,-0.06501920658183667,3002,3214
2019-02-13,debtToAssets,资产负债率,质量,-0.06423211159621828,3065,3214
2019-02-13,receivablesTurnover,应收账款周转率,质量,0.0691353755405375,2206,3214
2019-02-13,inventoryTurnover,存货周转率,质量,-0.06755713553445304,2204,3214
2019-02-13,logMarketCap,总市值(对数),规模,-0.22862136399402672,3214,3214
2019-02-13,logRevenue,营业收入(对数),规模,-0.13342223882018012,3065,3214
2019-02-13,logAssets,总资产(对数),规模,-0.12342728728190785,3065,3214
2019-02-13,turnover,换手率,换手率,-0.023414117674582804,3214,3214
2019-02-13,turnover20,20日平均换手率,换手率,-0.07793681233181084,3214,3214
2019-02-13,turnoverStd20,20日换手率标准差,换手率,-0.0642762260548461,3214,3214
2019-02-20,roe,ROE,盈利,-0.12317286894629967,3042,3206
2019-02-20,grossMargin,毛利率,盈利,-0.030672363736212547,3042,3206
2019-02-20,ocfToRevenue,经营现金流/营收,现金流,-0.01852016294267744,3058,3206
2019-02-20,fcfToEv,自由现金流/企业价值,现金流,-0.09618583444395457,2995,3206
2019-02-20,debtToAssets,资产负债率,质量,-0.08946417273600256,3058,3206
2019-02-20,receivablesTurnover,应收账款周转率,质量,-0.028797467051554143,2199,3206
2019-02-20,inventoryTurnover,存货周转率,质量,-0.10845251481186602,2197,3206
2019-02-20,logMarketCap,总市值(对数),规模,-0.0076377155368311,3206,3206
2019-02-20,logRevenue,营业收入(对数),规模,0.015683594056136892,3058,3206
2019-02-20,logAssets,总资产(对数),规模,0.05992155901352729,3058,3206
2019-02-20,turnover,换手率,换手率,0.0568359227113499,3206,3206
2019-02-20,turnover20,20日平均换手率,换手率,-0.009139990586580276,3206,3206
2019-02-20,turnoverStd20,20日换手率标准差,换手率,0.03338975685980678,3206,3206
2019-02-27,roe,ROE,盈利,-0.13073133350722102,3043,3210
2019-02-27,grossMargin,毛利率,盈利,-0.04081984699366481,3043,3210
2019-02-27,ocfToRevenue,经营现金流/营收,现金流,0.01973124250213435,3059,3210
2019-02-27,fcfToEv,自由现金流/企业价值,现金流,-0.061455896179115205,2997,3210
2019-02-27,debtToAssets,资产负债率,质量,-0.02131909716981729,3059,3210
2019-02-27,receivablesTurnover,应收账款周转率,质量,0.05284303059218295,2198,3210
2019-02-27,inventoryTurnover,存货周转率,质量,-0.036488082313717043,2196,3210
2019-02-27,logMarketCap,总市值(对数),规模,-0.12209558005034289,3210,3210
2019-02-27,logRevenue,营业收入(对数),规模,-0.06985226960471101,3059,3210
2019-02-27,logAssets,总资产(对数),规模,-0.05639939875842612,3059,3210
2019-02-27,turnover,换手率,换手率,0.022163573966700552,3210,3210
2019-02-27,turnover20,20日平均换手率,换手率,-0.012666720102378017,3210,3210
2019-02-27,turnoverStd20,20日换手率标准差,换手率,0.006714932920883753,3210,3210
2019-03-06,roe,ROE,盈利,-0.010314792648787697,3046,3214
2019-03-06,grossMargin,毛利率,盈利,0.017198140686019627,3047,3214
2019-03-06,ocfToRevenue,经营现金流/营收,现金流,0.029439443358233685,3063,3214
2019-03-06,fcfToEv,自由现金流/企业价值,现金流,-0.031542614639619354,3001,3214
2019-03-06,debtToAssets,资产负债率,质量,0.03520685315170282,3063,3214
2019-03-06,receivablesTurnover,应收账款周转率,质量,0.0007944913617243087,2196,3214
2019-03-06,inventoryTurnover,存货周转率,质量,-0.0781443298526312,2194,3214
2019-03-06,logMarketCap,总市值(对数),规模,-0.10173169607475273,3214,3214
2019-03-06,logRevenue,营业收入(对数),规模,-0.07907294209107932,3063,3214
2019-03-06,logAssets,总资产(对数),规模,-0.07038499318224961,3063,3214
2019-03-06,turnover,换手率,换手率,0.17494253236362017,3214,3214
2019-03-06,turnover20,20日平均换手率,换手率,0.14045299966937594,3214,3214
2019-03-06,turnoverStd20,20日换手率标准差,换手率,0.16738604657403758,3214,3214
2019-03-13,roe,ROE,盈利,0.07949449533954092,3048,3216
2019-03-13,grossMargin,毛利率,盈利,0.022378761487560135,3049,3216
2019-03-13,ocfToRevenue,经营现金流/营收,现金流,-0.02511871106218782,3065,3216
2019-03-13,fcfToEv,自由现金流/企业价值,现金流,0.01492720501823396,3003,3216
2019-03-13,debtToAssets,资产负债率,质量,-0.029927101630844596,3065,3216
2019-03-13,receivablesTurnover,应收账款周转率,质量,-0.036490191717201956,2198,3216
2019-03-13,inventoryTurnover,存货周转率,质量,-0.005023928812287965,2196,3216
2019-03-13,logMarketCap,总市值(对数),规模,-0.042738181876721126,3216,3216
2019-03-13,logRevenue,营业收入(对数),规模,0.011567540110543732,3065,3216
2019-03-13,logAssets,总资产(对数),规模,-0.019936196974173096,3065,3216
2019-03-13,turnover,换手率,换手率,0.1414305215341078,3216,3216
2019-03-13,turnover20,20日平均换手率,换手率,0.07895554597594044,3216,3216
2019-03-13,turnoverStd20,20日换手率标准差,换手率,0.11993301033879752,3216,3216
2019-03-20,roe,ROE,盈利,0.04476410921004013,3048,3216
2019-03-20,grossMargin,毛利率,盈利,0.0006776692105601889,3049,3216
2019-03-20,ocfToRevenue,经营现金流/营收,现金流,-0.05958172742213202,3065,3216
2019-03-20,fcfToEv,自由现金流/企业价值,现金流,0.026704246545311193,3003,3216
2019-03-20,debtToAssets,资产负债率,质量,0.011221643252019431,3065,3216
2019-03-20,receivablesTurnover,应收账款周转率,质量,0.04558924490565519,2197,3216
2019-03-20,inventoryTurnover,存货周转率,质量,0.01732418959727752,2195,3216
2019-03-20,logMarketCap,总市值(对数),规模,-0.049933374785223195,3216,3216
2019-03-20,logRevenue,营业收入(对数),规模,-0.016020616011714253,3065,3216
2019-03-20,logAssets,总资产(对数),规模,-0.030985864656880868,3065,3216
2019-03-20,turnover,换手率,换手率,0.19184981886061858,3216,3216
2019-03-20,turnover20,20日平均换手率,换手率,0.18596252965628982,3216,3216
2019-03-20,turnoverStd20,20日换手率标准差,换手率,0.1749068962967216,3216,3216
2019-03-27,roe,ROE,盈利,-0.007742801417841436,3038,3204
2019-03-27,grossMargin,毛利率,盈利,-0.00806234079232219,3039,3204
2019-03-27,ocfToRevenue,经营现金流/营收,现金流,-0.027183099889472897,3055,3204
2019-03-27,fcfToEv,自由现金流/企业价值,现金流,-0.03412765459662107,2993,3204
2019-03-27,debtToAssets,资产负债率,质量,-0.039382074998581526,3055,3204
2019-03-27,receivablesTurnover,应收账款周转率,质量,0.03690157112235402,2187,3204
2019-03-27,inventoryTurnover,存货周转率,质量,0.023679348911886437,2185,3204
2019-03-27,logMarketCap,总市值(对数),规模,-0.006569718598256941,3204,3204
2019-03-27,logRevenue,营业收入(对数),规模,0.042580882185735996,3055,3204
2019-03-27,logAssets,总资产(对数),规模,0.04079639917281599,3055,3204
2019-03-27,turnover,换手率,换手率,0.1337166611259615,3204,3204
2019-03-27,turnover20,20日平均换手率,换手率,0.06274180841714103,3204,3204
2019-03-27,turnoverStd20,20日换手率标准差,换手率,0.09615664543586008,3204,3204
2019-04-03,roe,ROE,盈利,-0.03316401703958925,3044,3211
2019-04-03,grossMargin,毛利率,盈利,-0.0774437948967479,3045,3211
2019-04-03,ocfToRevenue,经营现金流/营收,现金流,-0.12262152145055105,3061,3211
2019-04-03,fcfToEv,自由现金流/企业价值,现金流,-0.00807843873032877,2999,3211
2019-04-03,debtToAssets,资产负债率,质量,-0.06901804385984585,3061,3211
2019-04-03,receivablesTurnover,应收账款周转率,质量,0.004656745917130928,2193,3211
2019-04-03,inventoryTurnover,存货周转率,质量,0.04339335485945843,2191,3211
2019-04-03,logMarketCap,总市值(对数),规模,-0.0987889465083942,3211,3211
2019-04-03,logRevenue,营业收入(对数),规模,0.03683360529386794,3061,3211
2019-04-03,logAssets,总资产(对数),规模,0.01568991225353582,3061,3211
2019-04-03,turnover,换手率,换手率,0.13297765232112682,3211,3211
2019-04-03,turnover20,20日平均换手率,换手率,0.1304635635108177,3211,3211
2019-04-03,turnoverStd20,20日换手率标准差,换手率,0.1334110100568903,3211,3211
2019-04-11,roe,ROE,盈利,-0.04989175583159905,3053,3217
2019-04-11,grossMargin,毛利率,盈利,-0.0635640957516445,3054,3217
2019-04-11,ocfToRevenue,经营现金流/营收,现金流,-0.00015969229004130582,3070,3217
2019-04-11,fcfToEv,自由现金流/企业价值,现金流,-0.009642917880323265,3008,3217
2019-04-11,debtToAssets,资产负债率,质量,-0.020515740137678012,3070,3217
2019-04-11,receivablesTurnover,应收账款周转率,质量,0.046203999497263004,2201,3217
2019-04-11,inventoryTurnover,存货周转率,质量,0.0070337330300721075,2199,3217
2019-04-11,logMarketCap,总市值(对数),规模,-0.08581392725393183,3217,3217
2019-04-11,logRevenue,营业收入(对数),规模,-0.012266684140878061,3070,3217
2019-04-11,logAssets,总资产(对数),规模,-0.017958776575051637,3070,3217
2019-04-11,turnover,换手率,换手率,0.10199046485407082,3217,3217
2019-04-11,turnover20,20日平均换手率,换手率,0.07769543236168444,3217,3217
2019-04-11,turnoverStd20,20日换手率标准差,换手率,0.09847547343669506,3217,3217
2019-04-18,roe,ROE,盈利,0.08418500384066824,3063,3228
2019-04-18,grossMargin,毛利率,盈利,0.07012852935845751,3064,3228
2019-04-18,ocfToRevenue,经营现金流/营收,现金流,0.06403835834634583,3080,3228
2019-04-18,fcfToEv,自由现金流/企业价值,现金流,0.013358810220503612,3018,3228
2019-04-18,debtToAssets,资产负债率,质量,0.055704058099992834,3080,3228
2019-04-18,receivablesTurnover,应收账款周转率,质量,-0.028093668592051115,2205,3228
2019-04-18,inventoryTurnover,存货周转率,质量,0.08086114412484162,2203,3228
2019-04-18,logMarketCap,总市值(对数),规模,0.15031307856656545,3228,3228
2019-04-18,logRevenue,营业收入(对数),规模,0.07455554389189838,3080,3228
2019-04-18,logAssets,总资产(对数),规模,0.0727342407505035,3080,3228
2019-04-18,turnover,换手率,换手率,0.14394737825252255,3228,3228
2019-04-18,turnover20,20日平均换手率,换手率,0.11895872339309423,3228,3228
2019-04-18,turnoverStd20,20日换手率标准差,换手率,0.12341510980064588,3228,3228
2019-04-25,roe,ROE,盈利,0.0649991490247282,3060,3220
2019-04-25,grossMargin,毛利率,盈利,0.05631642037911119,3061,3220
2019-04-25,ocfToRevenue,经营现金流/营收,现金流,-0.06943099572658959,3077,3220
2019-04-25,fcfToEv,自由现金流/企业价值,现金流,0.02584479676933099,3015,3220
2019-04-25,debtToAssets,资产负债率,质量,0.0832712264259856,3077,3220
2019-04-25,receivablesTurnover,应收账款周转率,质量,-0.07142836987579686,2198,3220
2019-04-25,inventoryTurnover,存货周转率,质量,-0.007728521824965349,2196,3220
2019-04-25,logMarketCap,总市值(对数),规模,0.08219255456279237,3220,3220
2019-04-25,logRevenue,营业收入(对数),规模,0.046727076488481976,3077,3220
2019-04-25,logAssets,总资产(对数),规模,0.07181447441522457,3077,3220
2019-04-25,turnover,换手率,换手率,0.2119781007375889,3220,3220
2019-04-25,turnover20,20日平均换手率,换手率,0.19995849382221742,3220,3220
2019-04-25,turnoverStd20,20日换手率标准差,换手率,0.1643721761173047,3220,3220
2019-05-07,roe,ROE,盈利,-0.01756388533777306,3063,3223
2019-05-07,grossMargin,毛利率,盈利,0.03537469607024709,3064,3223
2019-05-07,ocfToRevenue,经营现金流/营收,现金流,0.13712266239973905,3080,3223
2019-05-07,fcfToEv,自由现金流/企业价值,现金流,0.013050165755081592,3018,3223
2019-05-07,debtToAssets,资产负债率,质量,0.08570799284187389,3080,3223
2019-05-07,receivablesTurnover,应收账款周转率,质量,0.11021188338795505,2199,3223
2019-05-07,inventoryTurnover,存货周转率,质量,-0.015317845075981997,2197,3223
2019-05-07,logMarketCap,总市值(对数),规模,-0.23227111310437182,3223,3223
2019-05-07,logRevenue,营业收入(对数),规模,-0.26672170995827094,3080,3223
2019-05-07,logAssets,总资产(对数),规模,-0.26491021528847647,3080,3223
2019-05-07,turnover,换手率,换手率,0.00020460345092400365,3223,3223
2019-05-07,turnover20,20日平均换手率,换手率,-0.009750920820370507,3223,3223
2019-05-07,turnoverStd20,20日换手率标准差,换手率,0.03560348633904957,3223,3223
2019-05-14,roe,ROE,盈利,0.009936630917233317,3066,3226
2019-05-14,grossMargin,毛利率,盈利,-0.03633296168627783,3067,3226
2019-05-14,ocfToRevenue,经营现金流/营收,现金流,0.020382936356843552,3083,3226
2019-05-14,fcfToEv,自由现金流/企业价值,现金流,-0.0007751414573984566,3021,3226
2019-05-14,debtToAssets,资产负债率,质量,-0.0052701868358667105,3083,3226
2019-05-14,receivablesTurnover,应收账款周转率,质量,0.04042703911160857,2200,3226
2019-05-14,inventoryTurnover,存货周转率,质量,0.05758987924295294,2198,3226
2019-05-14,logMarketCap,总市值(对数),规模,0.00387891704310344,3226,3226
2019-05-14,logRevenue,营业收入(对数),规模,0.025518687487555994,3083,3226
2019-05-14,logAssets,总资产(对数),规模,0.023325932376322477,3083,3226
2019-05-14,turnover,换手率,换手率,0.06584204733874473,3226,3226
2019-05-14,turnover20,20日平均换手率,换手率,0.0456671755103238,3226,3226
2019-05-14,turnoverStd20,20日换手率标准差,换手率,0.038913847641372616,3226,3226
2019-05-21,roe,ROE,盈利,0.049137373384473215,3068,3228
2019-05-21,grossMargin,毛利率,盈利,0.04239129263703476,3069,3228
2019-05-21,ocfToRevenue,经营现金流/营收,现金流,-0.002872596666574176,3085,3228
2019-05-21,fcfToEv,自由现金流/企业价值,现金流,0.02057199342600634,3023,3228
2019-05-21,debtToAssets,资产负债率,质量,0.07720782508362559,3085,3228
2019-05-21,receivablesTurnover,应收账款周转率,质量,-0.006515884529392331,2201,3228
2019-05-21,inventoryTurnover,存货周转率,质量,-0.03718739258233548,2199,3228
2019-05-21,logMarketCap,总市值(对数),规模,0.01919282711964844,3228,3228
2019-05-21,logRevenue,营业收入(对数),规模,-0.030118003417393475,3085,3228
2019-05-21,logAssets,总资产(对数),规模,-0.03213064475426325,3085,3228
2019-05-21,turnover,换手率,换手率,0.13964288518519752,3228,3228
2019-05-21,turnover20,20日平均换手率,换手率,0.12171081707478511,3228,3228
2019-05-21,turnoverStd20,20日换手率标准差,换手率,0.13167443356190275,3228,3228
2019-05-28,roe,ROE,盈利,0.10054965285349018,3072,3234
2019-05-28,grossMargin,毛利率,盈利,0.05014556514834562,3073,3234
2019-05-28,ocfToRevenue,经营现金流/营收,现金流,-0.07135725114401141,3089,3234
2019-05-28,fcfToEv,自由现金流/企业价值,现金流,0.02625247801101241,3027,3234
2019-05-28,debtToAssets,资产负债率,质量,0.06327261823737428,3089,3234
2019-05-28,receivablesTurnover,应收账款周转率,质量,-0.05102642216020306,2201,3234
2019-05-28,inventoryTurnover,存货周转率,质量,0.024600498157265286,2199,3234
2019-05-28,logMarketCap,总市值(对数),规模,0.024095070694329878,3234,3234
2019-05-28,logRevenue,营业收入(对数),规模,-0.00885179008202288,3089,3234
2019-05-28,logAssets,总资产(对数),规模,-0.013504475627708604,3089,3234
2019-05-28,turnover,换手率,换手率,0.12781959413219246,3234,3234
2019-05-28,turnover20,20日平均换手率,换手率,0.1348204739649816,3234,3234
2019-05-28,turnoverStd20,20日换手率标准差,换手率,0.1373155751042748,3234,3234
2019-06-04,roe,ROE,盈利,0.08138282380246176,3068,3228
2019-06-04,grossMargin,毛利率,盈利,0.013607110717070409,3069,3228
2019-06-04,ocfToRevenue,经营现金流/营收,现金流,0.02760387201948472,3085,3228
2019-06-04,fcfToEv,自由现金流/企业价值,现金流,-0.010366390935357994,3022,3228
2019-06-04,debtToAssets,资产负债率,质量,0.02999505419209657,3085,3228
2019-06-04,receivablesTurnover,应收账款周转率,质量,0.006312589503461473,2198,3228
2019-06-04,inventoryTurnover,存货周转率,质量,0.033199500021404184,2196,3228
2019-06-04,logMarketCap,总市值(对数),规模,-0.05286518317657516,3228,3228
2019-06-04,logRevenue,营业收入(对数),规模,-0.0330550216179923,3085,3228
2019-06-04,logAssets,总资产(对数),规模,-0.039328093328934534,3085,3228
2019-06-04,turnover,换手率,换手率,0.013113045832474293,3228,3228
2019-06-04,turnover20,20日平均换手率,换手率,-0.020506649232366045,3228,3228
2019-06-04,turnoverStd20,20日换手率标准差,换手率,0.017672415425490577,3228,3228
2019-06-12,roe,ROE,盈利,0.012220119962713171,3069,3226
2019-06-12,grossMargin,毛利率,盈利,0.017609677459007947,3070,3226
2019-06-12,ocfToRevenue,经营现金流/营收,现金流,-0.04407166848247614,3086,3226
2019-06-12,fcfToEv,自由现金流/企业价值,现金流,-0.04296322758584799,3023,3226
2019-06-12,debtToAssets,资产负债率,质量,0.011748246474328513,3086,3226
2019-06-12,receivablesTurnover,应收账款周转率,质量,0.004534789769608718,2195,3226
2019-06-12,inventoryTurnover,存货周转率,质量,-0.057383154843093476,2193,3226
2019-06-12,logMarketCap,总市值(对数),规模,-0.005435723673419112,3226,3226
2019-06-12,logRevenue,营业收入(对数),规模,0.00943900111470078,3086,3226
2019-06-12,logAssets,总资产(对数),规模,0.019315288467157188,3086,3226
2019-06-12,turnover,换手率,换手率,0.10747464594581103,3226,3226
2019-06-12,turnover20,20日平均换手率,换手率,0.08204948403818114,3226,3226
2019-06-12,turnoverStd20,20日换手率标准差,换手率,0.10049399767958725,3226,3226
2019-06-19,roe,ROE,盈利,0.02933038262431321,3073,3229
2019-06-19,grossMargin,毛利率,盈利,0.05996168952844449,3074,3229
2019-06-19,ocfToRevenue,经营现金流/营收,现金流,0.059195346867318296,3090,3229
2019-06-19,fcfToEv,自由现金流/企业价值,现金流,0.005728785958665799,3026,3229
2019-06-19,debtToAssets,资产负债率,质量,0.010595951692068489,3090,3229
2019-06-19,receivablesTurnover,应收账款周转率,质量,0.07077642117327793,2198,3229
2019-06-19,inventoryTurnover,存货周转率,质量,-0.019419551859185383,2196,3229
2019-06-19,logMarketCap,总市值(对数),规模,-0.07691277184481099,3229,3229
2019-06-19,logRevenue,营业收入(对数),规模,-0.03031376088975733,3090,3229
2019-06-19,logAssets,总资产(对数),规模,-0.046504777494816185,3090,3229
2019-06-19,turnover,换手率,换手率,0.12546404849289558,3229,3229
2019-06-19,turnover20,20日平均换手率,换手率,0.08488401428643988,3229,3229
2019-06-19,turnoverStd20,20日换手率标准差,换手率,0.11136107168802072,3229,3229
2019-06-26,roe,ROE,盈利,0.07983344563836962,3077,3235
2019-06-26,grossMargin,毛利率,盈利,0.07215878487392745,3078,3235
2019-06-26,ocfToRevenue,经营现金流/营收,现金流,-0.055457412279191085,3095,3235
2019-06-26,fcfToEv,自由现金流/企业价值,现金流,0.026280523723627186,3031,3235
2019-06-26,debtToAssets,资产负债率,质量,0.02355240860561277,3095,3235
2019-06-26,receivablesTurnover,应收账款周转率,质量,-0.06486923802410548,2202,3235
2019-06-26,inventoryTurnover,存货周转率,质量,0.14108259664096773,2200,3235
2019-06-26,logMarketCap,总市值(对数),规模,0.16457441361429354,3235,3235
2019-06-26,logRevenue,营业收入(对数),规模,0.1207244686839671,3095,3235
2019-06-26,logAssets,总资产(对数),规模,0.13030843095868658,3095,3235
2019-06-26,turnover,换手率,换手率,0.06541117041495305,3235,3235
2019-06-26,turnover20,20日平均换手率,换手率,0.04778637804033507,3235,3235
2019-06-26,turnoverStd20,20日换手率标准差,换手率,0.08255789021329449,3235,3235
2019-07-03,roe,ROE,盈利,0.06388027864482466,3083,3240
2019-07-03,grossMargin,毛利率,盈利,0.012265889166777432,3084,3240
2019-07-03,ocfToRevenue,经营现金流/营收,现金流,-0.05864235473605014,3101,3240
2019-07-03,fcfToEv,自由现金流/企业价值,现金流,-0.024652066244603837,3037,3240
2019-07-03,debtToAssets,资产负债率,质量,0.02513815020550605,3101,3240
2019-07-03,receivablesTurnover,应收账款周转率,质量,0.011486037145627329,2206,3240
2019-07-03,inventoryTurnover,存货周转率,质量,0.02209983000151677,2204,3240
2019-07-03,logMarketCap,总市值(对数),规模,0.05093912597804828,3240,3240
2019-07-03,logRevenue,营业收入(对数),规模,0.04862345436473436,3101,3240
2019-07-03,logAssets,总资产(对数),规模,0.03235539816242325,3101,3240
2019-07-03,turnover,换手率,换手率,0.1284559442431449,3240,3240
2019-07-03,turnover20,20日平均换手率,换手率,0.14306204138963377,3240,3240
2019-07-03,turnoverStd20,20日换手率标准差,换手率,0.12756866561151406,3240,3240
2019-07-10,roe,ROE,盈利,0.016545074914630187,3084,3239
2019-07-10,grossMargin,毛利率,盈利,-0.025638975579290922,3085,3239
2019-07-10,ocfToRevenue,经营现金流/营收,现金流,0.04464254238822349,3102,3239
2019-07-10,fcfToEv,自由现金流/企业价值,现金流,-0.011882689753067808,3037,3239
2019-07-10,debtToAssets,资产负债率,质量,-0.024224610490906205,3102,3239
2019-07-10,receivablesTurnover,应收账款周转率,质量,0.018128538341729505,2206,3239
2019-07-10,inventoryTurnover,存货周转率,质量,0.033316385516096704,2204,3239
2019-07-10,logMarketCap,总市值(对数),规模,-0.04863894842046647,3239,3239
2019-07-10,logRevenue,营业收入(对数),规模,0.0044445866292075475,3102,3239
2019-07-10,logAssets,总资产(对数),规模,-0.008131273644616585,3102,3239
2019-07-10,turnover,换手率,换手率,0.12464657803765622,3239,3239
2019-07-10,turnover20,20日平均换手率,换手率,0.0783683861398182,3239,3239
2019-07-10,turnoverStd20,20日换手率标准差,换手率,0.089211245403013,3239,3239
2019-07-17,roe,ROE,盈利,0.022130995709526664,3085,3241
2019-07-17,grossMargin,毛利率,盈利,-0.007310312829558703,3086,3241
2019-07-17,ocfToRevenue,经营现金流/营收,现金流,-0.014272309978790799,3103,3241
2019-07-17,fcfToEv,自由现金流/企业价值,现金流,0.03421300014800006,3038,3241
2019-07-17,debtToAssets,资产负债率,质量,0.01907850979477197,3103,3241
2019-07-17,receivablesTurnover,应收账款周转率,质量,-0.02750354272974196,2204,3241
2019-07-17,inventoryTurnover,存货周转率,质量,0.014555518352148748,2202,3241
2019-07-17,logMarketCap,总市值(对数),规模,0.1693977961460261,3241,3241
2019-07-17,logRevenue,营业收入(对数),规模,0.11683979875437141,3103,3241
2019-07-17,logAssets,总资产(对数),规模,0.11815018901539977,3103,3241
2019-07-17,turnover,换手率,换手率,0.014649831052371408,3241,3241
2019-07-17,turnover20,20日平均换手率,换手率,0.018255365166269678,3241,3241
2019-07-17,turnoverStd20,20日换手率标准差,换手率,0.018822729257047446,3241,3241
2019-07-24,roe,ROE,盈利,0.08907996210821621,3086,3238
2019-07-24,grossMargin,毛利率,盈利,0.04879324607614879,3087,3238
2019-07-24,ocfToRevenue,经营现金流/营收,现金流,-0.01495698995323105,3104,3238
2019-07-24,fcfToEv,自由现金流/企业价值,现金流,0.022440080281034565,3039,3238
2019-07-24,debtToAssets,资产负债率,质量,0.08608230041202392,3104,3238
2019-07-24,receivablesTurnover,应收账款周转率,质量,5.39296892229839e-06,2204,3238
2019-07-24,inventoryTurnover,存货周转率,质量,0.032519595605020775,2202,3238
2019-07-24,logMarketCap,总市值(对数),规模,0.07914692952590882,3238,3238
2019-07-24,logRevenue,营业收入(对数),规模,0.03175554749176519,3104,3238
2019-07-24,logAssets,总资产(对数),规模,0.024404180258541783,3104,3238
2019-07-24,turnover,换手率,换手率,0.04075394292460069,3238,3238
2019-07-24,turnover20,20日平均换手率,换手率,0.00959472840849265,3238,3238
2019-07-24,turnoverStd20,20日换手率标准差,换手率,0.01056925729134709,3238,3238
2019-07-31,roe,ROE,盈利,0.0796612784331719,3089,3242
2019-07-31,grossMargin,毛利率,盈利,0.03274260207252753,3090,3242
2019-07-31,ocfToRevenue,经营现金流/营收,现金流,-0.07190101890338779,3107,3242
2019-07-31,fcfToEv,自由现金流/企业价值,现金流,0.04101188557725791,3042,3242
2019-07-31,debtToAssets,资产负债率,质量,0.04456592734966198,3107,3242
2019-07-31,receivablesTurnover,应收账款周转率,质量,-0.05923134679236218,2205,3242
2019-07-31,inventoryTurnover,存货周转率,质量,0.043291109737893824,2203,3242
2019-07-31,logMarketCap,总市值(对数),规模,0.05179417363053947,3242,3242
2019-07-31,logRevenue,营业收入(对数),规模,-0.00013265799376494607,3107,3242
2019-07-31,logAssets,总资产(对数),规模,-0.017180118143340698,3107,3242
2019-07-31,turnover,换手率,换手率,-0.02856014270343278,3242,3242
2019-07-31,turnover20,20日平均换手率,换手率,-0.007832050488034184,3242,3242
2019-07-31,turnoverStd20,20日换手率标准差,换手率,-0.03102340598993994,3242,3242
2019-08-07,roe,ROE,盈利,0.03624852191882204,3091,3244
2019-08-07,grossMargin,毛利率,盈利,0.06806782223858178,3092,3244
2019-08-07,ocfToRevenue,经营现金流/营收,现金流,0.007978856817199276,3109,3244
2019-08-07,fcfToEv,自由现金流/企业价值,现金流,0.0013182071215572372,3044,3244
2019-08-07,debtToAssets,资产负债率,质量,0.01980699423906569,3109,3244
2019-08-07,receivablesTurnover,应收账款周转率,质量,0.025338321019970703,2208,3244
2019-08-07,inventoryTurnover,存货周转率,质量,0.022215221861449887,2206,3244
2019-08-07,logMarketCap,总市值(对数),规模,0.019274156002169692,3244,3244
2019-08-07,logRevenue,营业收入(对数),规模,-0.013504309265579417,3109,3244
2019-08-07,logAssets,总资产(对数),规模,-0.024316749078056945,3109,3244
2019-08-07,turnover,换手率,换手率,0.010730023757857247,3244,3244
2019-08-07,turnover20,20日平均换手率,换手率,-0.04883700162100569,3244,3244
2019-08-07,turnoverStd20,20日换手率标准差,换手率,-0.02467510323300805,3244,3244
2019-08-14,roe,ROE,盈利,0.02182371465435128,3086,3240
2019-08-14,grossMargin,毛利率,盈利,0.06277523397315973,3087,3240
2019-08-14,ocfToRevenue,经营现金流/营收,现金流,0.10303060100965711,3104,3240
2019-08-14,fcfToEv,自由现金流/企业价值,现金流,0.021488633335537577,3039,3240
2019-08-14,debtToAssets,资产负债率,质量,0.03145685627556514,3104,3240
2019-08-14,receivablesTurnover,应收账款周转率,质量,0.026829669133233876,2202,3240
2019-08-14,inventoryTurnover,存货周转率,质量,-0.02553316820933963,2200,3240
2019-08-14,logMarketCap,总市值(对数),规模,-0.029540496193164924,3240,3240
2019-08-14,logRevenue,营业收入(对数),规模,-0.08576273869755999,3104,3240
2019-08-14,logAssets,总资产(对数),规模,-0.05945518687829296,3104,3240
2019-08-14,turnover,换手率,换手率,0.031982555316227096,3240,3240
2019-08-14,turnover20,20日平均换手率,换手率,0.00559263273634462,3240,3240
2019-08-14,turnoverStd20,20日换手率标准差,换手率,0.030680766793076682,3240,3240
2019-08-21,roe,ROE,盈利,-0.10739500802242112,3087,3241
2019-08-21,grossMargin,毛利率,盈利,-0.018773062092843986,3088,3241
2019-08-21,ocfToRevenue,经营现金流/营收,现金流,0.002263213175894111,3105,3241
2019-08-21,fcfToEv,自由现金流/企业价值,现金流,-0.03869971954705684,3040,3241
2019-08-21,debtToAssets,资产负债率,质量,-0.010860478949434019,3105,3241
2019-08-21,receivablesTurnover,应收账款周转率,质量,0.05584841752320778,2202,3241
2019-08-21,inventoryTurnover,存货周转率,质量,-0.017633203953646513,2200,3241
2019-08-21,logMarketCap,总市值(对数),规模,-0.05762499089438236,3241,3241
2019-08-21,logRevenue,营业收入(对数),规模,-0.03210292414952806,3105,3241
2019-08-21,logAssets,总资产(对数),规模,0.003744767798573517,3105,3241
2019-08-21,turnover,换手率,换手率,0.1421169094736569,3241,3241
2019-08-21,turnover20,20日平均换手率,换手率,0.11244481113053362,3241,3241
2019-08-21,turnoverStd20,20日换手率标准差,换手率,0.13805748570173507,3241,3241
2019-08-28,roe,ROE,盈利,0.006878289911963759,3090,3243
2019-08-28,grossMargin,毛利率,盈利,0.023731133771829494,3091,3243
2019-08-28,ocfToRevenue,经营现金流/营收,现金流,0.11316154897039443,3108,3243
2019-08-28,fcfToEv,自由现金流/企业价值,现金流,0.019370898583102675,3044,3243
2019-08-28,debtToAssets,资产负债率,质量,0.0023233523498898834,3108,3243
2019-08-28,receivablesTurnover,应收账款周转率,质量,0.007177162297642554,2203,3243
2019-08-28,inventoryTurnover,存货周转率,质量,-0.01121517516346298,2201,3243
2019-08-28,logMarketCap,总市值(对数),规模,0.09545295857919915,3243,3243
2019-08-28,logRevenue,营业收入(对数),规模,0.032432816589230806,3108,3243
2019-08-28,logAssets,总资产(对数),规模,0.06539477015592807,3108,3243
2019-08-28,turnover,换手率,换手率,0.08785308384108177,3243,3243
2019-08-28,turnover20,20日平均换手率,换手率,0.05755368528765973,3243,3243
2019-08-28,turnoverStd20,20日换手率标准差,换手率,0.08556391244109776,3243,3243
2019-09-04,roe,ROE,盈利,0.025045113326460654,3095,3248
2019-09-04,grossMargin,毛利率,盈利,0.022386335262875864,3096,3248
2019-09-04,ocfToRevenue,经营现金流/营收,现金流,0.04621683592756184,3113,3248
2019-09-04,fcfToEv,自由现金流/企业价值,现金流,-0.024374803561566342,3049,3248
2019-09-04,debtToAssets,资产负债率,质量,0.0032007372045592146,3113,3248
2019-09-04,receivablesTurnover,应收账款周转率,质量,0.04228073318810952,2206,3248
2019-09-04,inventoryTurnover,存货周转率,质量,-0.039557415273938724,2204,3248
2019-09-04,logMarketCap,总市值(对数),规模,-0.08162101141776795,3248,3248
2019-09-04,logRevenue,营业收入(对数),规模,-0.0440262112934239,3113,3248
2019-09-04,logAssets,总资产(对数),规模,-0.044662908904306194,3113,3248
2019-09-04,turnover,换手率,换手率,0.07014110918841295,3248,3248
2019-09-04,turnover20,20日平均换手率,换手率,0.0010437278717762694,3248,3248
2019-09-04,turnoverStd20,20日换手率标准差,换手率,0.051327724825216844,3248,3248
2019-09-11,roe,ROE,盈利,0.1062055155819166,3095,3249
2019-09-11,grossMargin,毛利率,盈利,0.04405901113630183,3096,3249
2019-09-11,ocfToRevenue,经营现金流/营收,现金流,0.020251794845433557,3113,3249
2019-09-11,fcfToEv,自由现金流/企业价值,现金流,-0.005851347413707928,3049,3249
2019-09-11,debtToAssets,资产负债率,质量,0.07234801009325242,3113,3249
2019-09-11,receivablesTurnover,应收账款周转率,质量,0.04357865679354839,2206,3249
2019-09-11,inventoryTurnover,存货周转率,质量,-0.01879107689716723,2204,3249
2019-09-11,logMarketCap,总市值(对数),规模,-0.10573790682212843,3249,3249
2019-09-11,logRevenue,营业收入(对数),规模,-0.09156910377042786,3113,3249
2019-09-11,logAssets,总资产(对数),规模,-0.11912473156622859,3113,3249
2019-09-11,turnover,换手率,换手率,0.06149825078328683,3249,3249
2019-09-11,turnover20,20日平均换手率,换手率,0.03173817405000356,3249,3249
2019-09-11,turnoverStd20,20日换手率标准差,换手率,0.06146490608748489,3249,3249
2019-09-19,roe,ROE,盈利,0.08788280200433286,3097,3252
2019-09-19,grossMargin,毛利率,盈利,0.008170691554555326,3098,3252
2019-09-19,ocfToRevenue,经营现金流/营收,现金流,-0.054071682079691444,3116,3252
2019-09-19,fcfToEv,自由现金流/企业价值,现金流,0.016134885271830084,3051,3252
2019-09-19,debtToAssets,资产负债率,质量,-0.010902042689584574,3116,3252
2019-09-19,receivablesTurnover,应收账款周转率,质量,-0.08109882717358143,2204,3252
2019-09-19,inventoryTurnover,存货周转率,质量,0.06532518620377233,2202,3252
2019-09-19,logMarketCap,总市值(对数),规模,0.13362693333622006,3252,3252
2019-09-19,logRevenue,营业收入(对数),规模,0.13142057179282407,3116,3252
2019-09-19,logAssets,总资产(对数),规模,0.12025063633322444,3116,3252
2019-09-19,turnover,换手率,换手率,0.1552757115574538,3252,3252
2019-09-19,turnover20,20日平均换手率,换手率,0.20343364282059564,3252,3252
2019-09-19,turnoverStd20,20日换手率标准差,换手率,0.18660866809045254,3252,3252
2019-09-26,roe,ROE,盈利,0.08705514797018571,3100,3255
2019-09-26,grossMargin,毛利率,盈利,0.018054654037968527,3101,3255
2019-09-26,ocfToRevenue,经营现金流/营收,现金流,0.06121426770901464,3120,3255
2019-09-26,fcfToEv,自由现金流/企业价值,现金流,0.014784005452461084,3053,3255
2019-09-26,debtToAssets,资产负债率,质量,-0.0022494700586389717,3120,3255
2019-09-26,receivablesTurnover,应收账款周转率,质量,0.05715878224895597,2204,3255
2019-09-26,inventoryTurnover,存货周转率,质量,-0.021655098142783047,2202,3255
2019-09-26,logMarketCap,总市值(对数),规模,-0.1363563427216489,3255,3255
2019-09-26,logRevenue,营业收入(对数),规模,-0.10564055092288083,3120,3255
2019-09-26,logAssets,总资产(对数),规模,-0.12061010404385196,3120,3255
2019-09-26,turnover,换手率,换手率,0.04968347600448442,3255,3255
2019-09-26,turnover20,20日平均换手率,换手率,-0.020683554878602493,3255,3255
2019-09-26,turnoverStd20,20日换手率标准差,换手率,0.027226912715955613,3255,3255
2019-10-10,roe,ROE,盈利,0.03449339820089424,3099,3254
2019-10-10,grossMargin,毛利率,盈利,0.003586656829668347,3100,3254
2019-10-10,ocfToRevenue,经营现金流/营收,现金流,-0.0006111142746465724,3119,3254
2019-10-10,fcfToEv,自由现金流/企业价值,现金流,0.014866194888744926,3053,3254
2019-10-10,debtToAssets,资产负债率,质量,0.0023005005241146415,3119,3254
2019-10-10,receivablesTurnover,应收账款周转率,质量,-0.00048691041352532554,2203,3254
2019-10-10,inventoryTurnover,存货周转率,质量,-0.0685739082024313,2201,3254
2019-10-10,logMarketCap,总市值(对数),规模,-0.0007737353563329681,3254,3254
2019-10-10,logRevenue,营业收入(对数),规模,0.010037427796295588,3119,3254
2019-10-10,logAssets,总资产(对数),规模,0.015516274916087603,3119,3254
2019-10-10,turnover,换手率,换手率,0.03800892774248098,3254,3254
2019-10-10,turnover20,20日平均换手率,换手率,0.05775767844700978,3254,3254
2019-10-10,turnoverStd20,20日换手率标准差,换手率,0.062008247386257806,3254,3254
2019-10-17,roe,ROE,盈利,-0.02248233693790785,3103,3259
2019-10-17,grossMargin,毛利率,盈利,0.008199031257179178,3104,3259
2019-10-17,ocfToRevenue,经营现金流/营收,现金流,-0.01161644545077844,3123,3259
2019-10-17,fcfToEv,自由现金流/企业价值,现金流,0.012344826959808698,3057,3259
2019-10-17,debtToAssets,资产负债率,质量,-0.0008661780584692882,3123,3259
2019-10-17,receivablesTurnover,应收账款周转率,质量,0.04145673787358006,2204,3259
2019-10-17,inventoryTurnover,存货周转率,质量,-0.02580329144222409,2202,3259
2019-10-17,logMarketCap,总市值(对数),规模,-0.1209610827211458,3259,3259
2019-10-17,logRevenue,营业收入(对数),规模,-0.0544829907388682,3123,3259
2019-10-17,logAssets,总资产(对数),规模,-0.05830083913724951,3123,3259
2019-10-17,turnover,换手率,换手率,0.1413097384365508,3259,3259
2019-10-17,turnover20,20日平均换手率,换手率,0.16312872666832126,3259,3259
2019-10-17,turnoverStd20,20日换手率标准差,换手率,0.15709769408421198,3259,3259
2019-10-24,roe,ROE,盈利,0.03435521000448856,3105,3260
2019-10-24,grossMargin,毛利率,盈利,0.01996376789266562,3106,3260
2019-10-24,ocfToRevenue,经营现金流/营收,现金流,-0.05308897092303278,3126,3260
2019-10-24,fcfToEv,自由现金流/企业价值,现金流,0.001159356089156361,3058,3260
2019-10-24,debtToAssets,资产负债率,质量,0.03430339547441381,3126,3260
2019-10-24,receivablesTurnover,应收账款周转率,质量,-0.020214465529978198,2204,3260
2019-10-24,inventoryTurnover,存货周转率,质量,0.05829390933804085,2202,3260
2019-10-24,logMarketCap,总市值(对数),规模,0.19835138392423443,3260,3260
2019-10-24,logRevenue,营业收入(对数),规模,0.14306327945235525,3126,3260
2019-10-24,logAssets,总资产(对数),规模,0.15571063723107578,3126,3260
2019-10-24,turnover,换手率,换手率,0.0840652477276018,3260,3260
2019-10-24,turnover20,20日平均换手率,换手率,0.06821844700732348,3260,3260
2019-10-24,turnoverStd20,20日换手率标准差,换手率,0.05755225540022198,3260,3260
2019-10-31,roe,ROE,盈利,0.10136761900513581,3099,3252
2019-10-31,grossMargin,毛利率,盈利,0.05728384541854567,3100,3252
2019-10-31,ocfToRevenue,经营现金流/营收,现金流,-0.0613904109669199,3121,3252
2019-10-31,fcfToEv,自由现金流/企业价值,现金流,0.011752391902713266,3052,3252
2019-10-31,debtToAssets,资产负债率,质量,0.0066703395131529975,3121,3252
2019-10-31,receivablesTurnover,应收账款周转率,质量,-0.0422641379065491,2202,3252
2019-10-31,inventoryTurnover,存货周转率,质量,0.03561858409297807,2200,3252
2019-10-31,logMarketCap,总市值(对数),规模,0.15601919387466628,3252,3252
2019-10-31,logRevenue,营业收入(对数),规模,0.09471697714614806,3121,3252
2019-10-31,logAssets,总资产(对数),规模,0.10029148933773267,3121,3252
2019-10-31,turnover,换手率,换手率,-0.07843237434907986,3252,3252
2019-10-31,turnover20,20日平均换手率,换手率,-0.10573621816598193,3252,3252
2019-10-31,turnoverStd20,20日换手率标准差,换手率,-0.11029061417429908,3252,3252
2019-11-07,roe,ROE,盈利,0.06540506190889732,3105,3258
2019-11-07,grossMargin,毛利率,盈利,0.06518851200457022,3106,3258
2019-11-07,ocfToRevenue,经营现金流/营收,现金流,-0.009102430239884402,3127,3258
2019-11-07,fcfToEv,自由现金流/企业价值,现金流,0.04455901379240782,3058,3258
2019-11-07,debtToAssets,资产负债率,质量,0.052361109837530936,3127,3258
2019-11-07,receivablesTurnover,应收账款周转率,质量,-0.008010245388946312,2204,3258
2019-11-07,inventoryTurnover,存货周转率,质量,0.024143822989014404,2202,3258
2019-11-07,logMarketCap,总市值(对数),规模,0.054946105256346876,3258,3258
2019-11-07,logRevenue,营业收入(对数),规模,-0.0028813842788727394,3127,3258
2019-11-07,logAssets,总资产(对数),规模,-0.019955109292817047,3127,3258
2019-11-07,turnover,换手率,换手率,0.02568753079983185,3258,3258
2019-11-07,turnover20,20日平均换手率,换手率,-0.003367485651921955,3258,3258
2019-11-07,turnoverStd20,20日换手率标准差,换手率,-0.0025118235493095152,3258,3258
2019-11-14,roe,ROE,盈利,-0.05328445123370291,3104,3260
2019-11-14,grossMargin,毛利率,盈利,0.004221431228855386,3105,3260
2019-11-14,ocfToRevenue,经营现金流/营收,现金流,0.03232946174503344,3126,3260
2019-11-14,fcfToEv,自由现金流/企业价值,现金流,0.022796785497296718,3057,3260
2019-11-14,debtToAssets,资产负债率,质量,0.0009174239711781824,3126,3260
2019-11-14,receivablesTurnover,应收账款周转率,质量,-0.0034843609212183027,2202,3260
2019-11-14,inventoryTurnover,存货周转率,质量,-0.08246708235967022,2200,3260
2019-11-14,logMarketCap,总市值(对数),规模,-0.01507691063449877,3260,3260
2019-11-14,logRevenue,营业收入(对数),规模,0.020073044540989175,3126,3260
2019-11-14,logAssets,总资产(对数),规模,0.02827955368803409,3126,3260
2019-11-14,turnover,换手率,换手率,0.10167782912721765,3260,3260
2019-11-14,turnover20,20日平均换手率,换手率,0.10109472217702879,3260,3260
2019-11-14,turnoverStd20,20日换手率标准差,换手率,0.13039664463305065,3260,3260
2019-11-21,roe,ROE,盈利,-0.08617600748803811,3108,3266
2019-11-21,grossMargin,毛利率,盈利,-0.10205286342026965,3109,3266
2019-11-21,ocfToRevenue,经营现金流/营收,现金流,-0.05689096085859559,3131,3266
2019-11-21,fcfToEv,自由现金流/企业价值,现金流,-0.008341615856199223,3061,3266
2019-11-21,debtToAssets,资产负债率,质量,-0.09269526252440512,3131,3266
2019-11-21,receivablesTurnover,应收账款周转率,质量,-0.04756052144749729,2204,3266
2019-11-21,inventoryTurnover,存货周转率,质量,0.005243318788102904,2202,3266
2019-11-21,logMarketCap,总市值(对数),规模,0.036675823764378154,3266,3266
2019-11-21,logRevenue,营业收入(对数),规模,0.1639630104736416,3131,3266
2019-11-21,logAssets,总资产(对数),规模,0.16209800810402766,3131,3266
2019-11-21,turnover,换手率,换手率,0.11014316408567021,3266,3266
2019-11-21,turnover20,20日平均换手率,换手率,0.17589592573445284,3266,3266
2019-11-21,turnoverStd20,20日换手率标准差,换手率,0.1446309983759954,3266,3266
2019-11-28,roe,ROE,盈利,0.025455322118581297,3107,3265
2019-11-28,grossMargin,毛利率,盈利,0.0006263395620549239,3108,3265
2019-11-28,ocfToRevenue,经营现金流/营收,现金流,0.08281942714534313,3130,3265
2019-11-28,fcfToEv,自由现金流/企业价值,现金流,0.020588207457106635,3060,3265
2019-11-28,debtToAssets,资产负债率,质量,-0.01009454651653985,3130,3265
2019-11-28,receivablesTurnover,应收账款周转率,质量,0.09635749940833765,2204,3265
2019-11-28,inventoryTurnover,存货周转率,质量,-0.0010169945650626564,2202,3265
2019-11-28,logMarketCap,总市值(对数),规模,-0.09787111539049863,3265,3265
2019-11-28,logRevenue,营业收入(对数),规模,-0.09138530401312027,3130,3265
2019-11-28,logAssets,总资产(对数),规模,-0.08477000363309353,3130,3265
2019-11-28,turnover,换手率,换手率,0.10145070552853933,3265,3265
2019-11-28,turnover20,20日平均换手率,换手率,0.04623936975684184,3265,3265
2019-11-28,turnoverStd20,20日换手率标准差,换手率,0.08077160113291817,3265,3265
2019-12-05,roe,ROE,盈利,0.0667096153724888,3109,3268
2019-12-05,grossMargin,毛利率,盈利,0.022691030641448052,3110,3268
2019-12-05,ocfToRevenue,经营现金流/营收,现金流,0.021492749453556826,3132,3268
2019-12-05,fcfToEv,自由现金流/企业价值,现金流,0.017137398799292426,3063,3268
2019-12-05,debtToAssets,资产负债率,质量,0.032794729088010184,3132,3268
2019-12-05,receivablesTurnover,应收账款周转率,质量,0.0531915684897225,2201,3268
2019-12-05,inventoryTurnover,存货周转率,质量,-0.0037345347634784596,2199,3268
2019-12-05,logMarketCap,总市值(对数),规模,0.016866603733892187,3268,3268
2019-12-05,logRevenue,营业收入(对数),规模,-0.02678053512223485,3132,3268
2019-12-05,logAssets,总资产(对数),规模,-0.03772419503983057,3132,3268
2019-12-05,turnover,换手率,换手率,-0.014456729747398487,3268,3268
2019-12-05,turnover20,20日平均换手率,换手率,-0.037631608623443766,3268,3268
2019-12-05,turnoverStd20,20日换手率标准差,换手率,-0.029164405335717247,3268,3268
2019-12-12,roe,ROE,盈利,-0.044031196968386754,3107,3267
2019-12-12,grossMargin,毛利率,盈利,0.017886074365081665,3108,3267
2019-12-12,ocfToRevenue,经营现金流/营收,现金流,0.02938219812251052,3130,3267
2019-12-12,fcfToEv,自由现金流/企业价值,现金流,0.004554539164787279,3061,3267
2019-12-12,debtToAssets,资产负债率,质量,-0.016617221605838273,3130,3267
2019-12-12,receivablesTurnover,应收账款周转率,质量,0.04392455801696146,2200,3267
2019-12-12,inventoryTurnover,存货周转率,质量,-0.004786752945310362,2198,3267
2019-12-12,logMarketCap,总市值(对数),规模,-0.13196608682563699,3267,3267
2019-12-12,logRevenue,营业收入(对数),规模,-0.0423575522948295,3130,3267
2019-12-12,logAssets,总资产(对数),规模,-0.04667366632591179,3130,3267
2019-12-12,turnover,换手率,换手率,0.09859634049464532,3267,3267
2019-12-12,turnover20,20日平均换手率,换手率,0.01924932101964925,3267,3267
2019-12-12,turnoverStd20,20日换手率标准差,换手率,0.07305275917779094,3267,3267
2019-12-19,roe,ROE,盈利,0.09660831532976315,3113,3271
2019-12-19,grossMargin,毛利率,盈利,0.024232197462098454,3114,3271
2019-12-19,ocfToRevenue,经营现金流/营收,现金流,0.00259192366259947,3136,3271
2019-12-19,fcfToEv,自由现金流/企业价值,现金流,0.019331448384527737,3067,3271
2019-12-19,debtToAssets,资产负债率,质量,0.0008197461565662698,3136,3271
2019-12-19,receivablesTurnover,应收账款周转率,质量,0.039801967762400886,2205,3271
2019-12-19,inventoryTurnover,存货周转率,质量,0.08152302488056172,2203,3271
2019-12-19,logMarketCap,总市值(对数),规模,-0.03164900881476073,3271,3271
2019-12-19,logRevenue,营业收入(对数),规模,0.002255423415529749,3136,3271
2019-12-19,logAssets,总资产(对数),规模,-0.005545058221778875,3136,3271
2019-12-19,turnover,换手率,换手率,0.1297046068799171,3271,3271
2019-12-19,turnover20,20日平均换手率,换手率,0.10608020527061908,3271,3271
2019-12-19,turnoverStd20,20日换手率标准差,换手率,0.14052643291859068,3271,3271
2019-12-26,roe,ROE,盈利,0.02598484671394258,3115,3274
2019-12-26,grossMargin,毛利率,盈利,-0.005848573240314099,3116,3274
2019-12-26,ocfToRevenue,经营现金流/营收,现金流,0.021252576904530855,3138,3274
2019-12-26,fcfToEv,自由现金流/企业价值,现金流,-0.008519167353925916,3069,3274
2019-12-26,debtToAssets,资产负债率,质量,0.0010991187052894918,3138,3274
2019-12-26,receivablesTurnover,应收账款周转率,质量,-0.018880366026904388,2206,3274
2019-12-26,inventoryTurnover,存货周转率,质量,-0.008810675131218448,2204,3274
2019-12-26,logMarketCap,总市值(对数),规模,0.11407728950659438,3274,3274
2019-12-26,logRevenue,营业收入(对数),规模,0.15428330890694442,3138,3274
2019-12-26,logAssets,总资产(对数),规模,0.1614211669140836,3138,3274
2019-12-26,turnover,换手率,换手率,0.12436495440462224,3274,3274
2019-12-26,turnover20,20日平均换手率,换手率,0.10010958154850694,3274,3274
2019-12-26,turnoverStd20,20日换手率标准差,换手率,0.10733820171491056,3274,3274
2020-01-03,roe,ROE,盈利,0.10868194268450379,3116,3275
2020-01-03,grossMargin,毛利率,盈利,0.06410442697872182,3117,3275
2020-01-03,ocfToRevenue,经营现金流/营收,现金流,0.05305635366752072,3140,3275
2020-01-03,fcfToEv,自由现金流/企业价值,现金流,-0.02111163703299987,3070,3275
2020-01-03,debtToAssets,资产负债率,质量,0.042871206597874655,3140,3275
2020-01-03,receivablesTurnover,应收账款周转率,质量,0.06073113417291746,2205,3275
2020-01-03,inventoryTurnover,存货周转率,质量,-0.022360386398111564,2203,3275
2020-01-03,logMarketCap,总市值(对数),规模,-0.005771907061244176,3275,3275
2020-01-03,logRevenue,营业收入(对数),规模,-0.04132719462716682,3140,3275
2020-01-03,logAssets,总资产(对数),规模,-0.046546401987042685,3140,3275
2020-01-03,turnover,换手率,换手率,0.08187317920801356,3275,3275
2020-01-03,turnover20,20日平均换手率,换手率,0.041142448634345345,3275,3275
2020-01-03,turnoverStd20,20日换手率标准差,换手率,0.08982145277913077,3275,3275
2020-01-10,roe,ROE,盈利,0.17510693554634618,3114,3274
2020-01-10,grossMargin,毛利率,盈利,0.0629005461314742,3115,3274
2020-01-10,ocfToRevenue,经营现金流/营收,现金流,0.04537720245796729,3138,3274
2020-01-10,fcfToEv,自由现金流/企业价值,现金流,-0.010820576769896445,3069,3274
2020-01-10,debtToAssets,资产负债率,质量,0.03593574645893482,3138,3274
2020-01-10,receivablesTurnover,应收账款周转率,质量,-0.013816927099678,2203,3274
2020-01-10,inventoryTurnover,存货周转率,质量,0.02827887452802894,2201,3274
2020-01-10,logMarketCap,总市值(对数),规模,0.1717063560887313,3274,3274
2020-01-10,logRevenue,营业收入(对数),规模,0.05473131469517123,3138,3274
2020-01-10,logAssets,总资产(对数),规模,0.05734458219405536,3138,3274
2020-01-10,turnover,换手率,换手率,0.0018096418590475458,3274,3274
2020-01-10,turnover20,20日平均换手率,换手率,-0.011757061832571695,3274,3274
2020-01-10,turnoverStd20,20日换手率标准差,换手率,0.007273531108651177,3274,3274
2020-01-17,roe,ROE,盈利,0.007246378618111195,3118,3280
2020-01-17,grossMargin,毛利率,盈利,0.00874802931824061,3119,3280
2020-01-17,ocfToRevenue,经营现金流/营收,现金流,-0.03413097978271672,3144,3280
2020-01-17,fcfToEv,自由现金流/企业价值,现金流,0.011397094409604886,3072,3280
2020-01-17,debtToAssets,资产负债率,质量,0.005707559504646966,3144,3280
2020-01-17,receivablesTurnover,应收账款周转率,质量,-0.02076511692423798,2205,3280
2020-01-17,inventoryTurnover,存货周转率,质量,0.050601690026691994,2203,3280
2020-01-17,logMarketCap,总市值(对数),规模,0.0525960405648798,3280,3280
2020-01-17,logRevenue,营业收入(对数),规模,0.03994143147764578,3144,3280
2020-01-17,logAssets,总资产(对数),规模,0.05064895354644529,3144,3280
2020-01-17,turnover,换手率,换手率,0.12001217067831041,3280,3280
2020-01-17,turnover20,20日平均换手率,换手率,0.12833212542921626,3280,3280
2020-01-17,turnoverStd20,20日换手率标准差,换手率,0.12337432493793901,3280,3280
2020-02-03,roe,ROE,盈利,0.051699190814932905,3132,3293
2020-02-03,grossMargin,毛利率,盈利,0.04156146298624914,3133,3293
2020-02-03,ocfToRevenue,经营现金流/营收,现金流,-0.025034253983373198,3158,3293
2020-02-03,fcfToEv,自由现金流/企业价值,现金流,0.002504288417988924,3085,3293
2020-02-03,debtToAssets,资产负债率,质量,0.045403870542087894,3158,3293
2020-02-03,receivablesTurnover,应收账款周转率,质量,-0.033519418203924616,2212,3293
2020-02-03,inventoryTurnover,存货周转率,质量,0.01826985299273359,2210,3293
2020-02-03,logMarketCap,总市值(对数),规模,0.16246905585676086,3293,3293
2020-02-03,logRevenue,营业收入(对数),规模,0.09022454426323431,3158,3293
2020-02-03,logAssets,总资产(对数),规模,0.10071408033984074,3158,3293
2020-02-03,turnover,换手率,换手率,-0.1644095769927783,3293,3293
2020-02-03,turnover20,20日平均换手率,换手率,-0.06239837610322214,3293,3293
2020-02-03,turnoverStd20,20日换手率标准差,换手率,-0.03442079548809822,3293,3293
2020-02-10,roe,ROE,盈利,0.028581538715110606,3134,3295
2020-02-10,grossMargin,毛利率,盈利,0.00887765275551249,3135,3295
2020-02-10,ocfToRevenue,经营现金流/营收,现金流,0.06660405180587378,3160,3295
2020-02-10,fcfToEv,自由现金流/企业价值,现金流,0.006449761630044728,3087,3295
2020-02-10,debtToAssets,资产负债率,质量,-0.006187181327266286,3160,3295
2020-02-10,receivablesTurnover,应收账款周转率,质量,0.03804597596359438,2214,3295
2020-02-10,inventoryTurnover,存货周转率,质量,0.030172983243348536,2212,3295
2020-02-10,logMarketCap,总市值(对数),规模,0.055744710381112214,3295,3295
2020-02-10,logRevenue,营业收入(对数),规模,0.0008364248371284338,3160,3295
2020-02-10,logAssets,总资产(对数),规模,0.009971701518356186,3160,3295
2020-02-10,turnover,换手率,换手率,0.017426160094054403,3295,3295
2020-02-10,turnover20,20日平均换手率,换手率,-0.06407163103417562,3295,3295
2020-02-10,turnoverStd20,20日换手率标准差,换手率,-0.026443988277822513,3295,3295
2020-02-17,roe,ROE,盈利,0.01713993177594689,3136,3298
2020-02-17,grossMargin,毛利率,盈利,0.01260317215252756,3137,3298
2020-02-17,ocfToRevenue,经营现金流/营收,现金流,0.09320451892825667,3162,3298
2020-02-17,fcfToEv,自由现金流/企业价值,现金流,-0.0029341969261035376,3089,3298
2020-02-17,debtToAssets,资产负债率,质量,0.0336139814545803,3162,3298
2020-02-17,receivablesTurnover,应收账款周转率,质量,0.09738852711379044,2216,3298
2020-02-17,inventoryTurnover,存货周转率,质量,0.05836349749551919,2214,3298
2020-02-17,logMarketCap,总市值(对数),规模,-0.1067864069494754,3298,3298
2020-02-17,logRevenue,营业收入(对数),规模,-0.13588918630937144,3162,3298
2020-02-17,logAssets,总资产(对数),规模,-0.14088342428799783,3162,3298
2020-02-17,turnover,换手率,换手率,-0.009799318695220025,3298,3298
2020-02-17,turnover20,20日平均换手率,换手率,-0.027657328466221893,3298,3298
2020-02-17,turnoverStd20,20日换手率标准差,换手率,0.014063068921462848,3298,3298
2020-02-24,roe,ROE,盈利,-0.02277539061267225,3139,3300
2020-02-24,grossMargin,毛利率,盈利,-0.041165251410622265,3140,3300
2020-02-24,ocfToRevenue,经营现金流/营收,现金流,-0.0541266106132746,3165,3300
2020-02-24,fcfToEv,自由现金流/企业价值,现金流,-0.017457325045551992,3092,3300
2020-02-24,debtToAssets,资产负债率,质量,-0.06853724400006012,3165,3300
2020-02-24,receivablesTurnover,应收账款周转率,质量,-0.04724248671441982,2216,3300
2020-02-24,inventoryTurnover,存货周转率,质量,0.013110098790820089,2214,3300
2020-02-24,logMarketCap,总市值(对数),规模,-0.008333268039197145,3300,3300
2020-02-24,logRevenue,营业收入(对数),规模,0.0840068153744024,3165,3300
2020-02-24,logAssets,总资产(对数),规模,0.0884954986011107,3165,3300
2020-02-24,turnover,换手率,换手率,0.13803105704249705,3300,3300
2020-02-24,turnover20,20日平均换手率,换手率,0.1308369322726196,3300,3300
2020-02-24,turnoverStd20,20日换手率标准差,换手率,0.10115284360783715,3300,3300
2020-03-02,roe,ROE,盈利,-0.03924450604069428,3137,3298
2020-03-02,grossMargin,毛利率,盈利,-0.07109626098176375,3138,3298
2020-03-02,ocfToRevenue,经营现金流/营收,现金流,-0.0016166680055225429,3164,3298
2020-03-02,fcfToEv,自由现金流/企业价值,现金流,-0.037969958672315125,3090,3298
2020-03-02,debtToAssets,资产负债率,质量,-0.03555179989659709,3164,3298
2020-03-02,receivablesTurnover,应收账款周转率,质量,0.05517454901594859,2214,3298
2020-03-02,inventoryTurnover,存货周转率,质量,0.004429539794689035,2212,3298
2020-03-02,logMarketCap,总市值(对数),规模,-0.25936956678465123,3298,3298
2020-03-02,logRevenue,营业收入(对数),规模,-0.1121913460791116,3164,3298
2020-03-02,logAssets,总资产(对数),规模,-0.13520386986072727,3164,3298
2020-03-02,turnover,换手率,换手率,0.13710035248572558,3298,3298
2020-03-02,turnover20,20日平均换手率,换手率,0.13906794641022235,3298,3298
2020-03-02,turnoverStd20,20日换手率标准差,换手率,0.1430894479105112,3298,3298
2020-03-09,roe,ROE,盈利,-0.09316453223589101,3132,3292
2020-03-09,grossMargin,毛利率,盈利,-0.053324411346635195,3133,3292
2020-03-09,ocfToRevenue,经营现金流/营收,现金流,0.011642767033485102,3159,3292
2020-03-09,fcfToEv,自由现金流/企业价值,现金流,-0.01850616622379761,3085,3292
2020-03-09,debtToAssets,资产负债率,质量,-0.048582448969103964,3159,3292
2020-03-09,receivablesTurnover,应收账款周转率,质量,-0.020844952259264204,2209,3292
2020-03-09,inventoryTurnover,存货周转率,质量,-0.07001389433665275,2207,3292
2020-03-09,logMarketCap,总市值(对数),规模,-0.19535588319622468,3292,3292
2020-03-09,logRevenue,营业收入(对数),规模,-0.06332804685377469,3159,3292
2020-03-09,logAssets,总资产(对数),规模,-0.05698123897601446,3159,3292
2020-03-09,turnover,换手率,换手率,0.13610240105372742,3292,3292
2020-03-09,turnover20,20日平均换手率,换手率,0.1449141449382963,3292,3292
2020-03-09,turnoverStd20,20日换手率标准差,换手率,0.12710342567785576,3292,3292
2020-03-16,roe,ROE,盈利,0.1272352510095986,3134,3293
2020-03-16,grossMargin,毛利率,盈利,0.02351794748080053,3135,3293
2020-03-16,ocfToRevenue,经营现金流/营收,现金流,0.06462835034542204,3160,3293
2020-03-16,fcfToEv,自由现金流/企业价值,现金流,0.013288306223502504,3088,3293
2020-03-16,debtToAssets,资产负债率,质量,0.07984351250538577,3160,3293
2020-03-16,receivablesTurnover,应收账款周转率,质量,0.05629035911081238,2209,3293
2020-03-16,inventoryTurnover,存货周转率,质量,-0.017598083334805153,2207,3293
2020-03-16,logMarketCap,总市值(对数),规模,-0.11975293926053207,3293,3293
2020-03-16,logRevenue,营业收入(对数),规模,-0.09093150391145666,3160,3293
2020-03-16,logAssets,总资产(对数),规模,-0.12867644063339947,3160,3293
2020-03-16,turnover,换手率,换手率,0.1958397810873187,3293,3293
2020-03-16,turnover20,20日平均换手率,换手率,0.13161310137511492,3293,3293
2020-03-16,turnoverStd20,20日换手率标准差,换手率,0.13949527919950835,3293,3293
2020-03-23,roe,ROE,盈利,0.04031192996139313,3139,3296
2020-03-23,grossMargin,毛利率,盈利,-0.010276963782294481,3140,3296
2020-03-23,ocfToRevenue,经营现金流/营收,现金流,-0.0728168446281959,3166,3296
2020-03-23,fcfToEv,自由现金流/企业价值,现金流,0.009104944224281448,3093,3296
2020-03-23,debtToAssets,资产负债率,质量,0.003303692106646596,3166,3296
2020-03-23,receivablesTurnover,应收账款周转率,质量,-0.09172597341470519,2211,3296
2020-03-23,inventoryTurnover,存货周转率,质量,0.03721009595697,2209,3296
2020-03-23,logMarketCap,总市值(对数),规模,0.08839511973493658,3296,3296
2020-03-23,logRevenue,营业收入(对数),规模,0.09184104004340107,3166,3296
2020-03-23,logAssets,总资产(对数),规模,0.08233110728440694,3166,3296
2020-03-23,turnover,换手率,换手率,0.09782030075281899,3296,3296
2020-03-23,turnover20,20日平均换手率,换手率,0.07999747056837814,3296,3296
2020-03-23,turnoverStd20,20日换手率标准差,换手率,0.07403436223333831,3296,3296
2020-03-30,roe,ROE,盈利,0.05356999179198227,3141,3299
2020-03-30,grossMargin,毛利率,盈利,0.052278220874641644,3142,3299
2020-03-30,ocfToRevenue,经营现金流/营收,现金流,-0.006407145313423431,3169,3299
2020-03-30,fcfToEv,自由现金流/企业价值,现金流,0.007692539943772012,3095,3299
2020-03-30,debtToAssets,资产负债率,质量,0.056514196207837514,3169,3299
2020-03-30,receivablesTurnover,应收账款周转率,质量,-0.009717918340183354,2210,3299
2020-03-30,inventoryTurnover,存货周转率,质量,0.07509710405277567,2208,3299
2020-03-30,logMarketCap,总市值(对数),规模,0.06735506078704064,3299,3299
2020-03-30,logRevenue,营业收入(对数),规模,-0.04597835142446535,3169,3299
2020-03-30,logAssets,总资产(对数),规模,-0.049608690081669196,3169,3299
2020-03-30,turnover,换手率,换手率,-0.02921501510327435,3299,3299
2020-03-30,turnover20,20日平均换手率,换手率,-0.08212181389219324,3299,3299
2020-03-30,turnoverStd20,20日换手率标准差,换手率,-0.03767000550032192,3299,3299
2020-04-07,roe,ROE,盈利,0.02089904682705399,3141,3300
2020-04-07,grossMargin,毛利率,盈利,-0.0066326388791500025,3142,3300
2020-04-07,ocfToRevenue,经营现金流/营收,现金流,-0.017739859082783322,3169,3300
2020-04-07,fcfToEv,自由现金流/企业价值,现金流,0.03516822786853706,3096,3300
2020-04-07,debtToAssets,资产负债率,质量,-0.003756830456443373,3169,3300
2020-04-07,receivablesTurnover,应收账款周转率,质量,0.013987337317605342,2208,3300
2020-04-07,inventoryTurnover,存货周转率,质量,0.030448953551312333,2206,3300
2020-04-07,logMarketCap,总市值(对数),规模,0.025886039795465676,3300,3300
2020-04-07,logRevenue,营业收入(对数),规模,0.042703985814077874,3169,3300
2020-04-07,logAssets,总资产(对数),规模,0.02672465241969103,3169,3300
2020-04-07,turnover,换手率,换手率,0.1480982376292557,3300,3300
2020-04-07,turnover20,20日平均换手率,换手率,0.09880273700517697,3300,3300
2020-04-07,turnoverStd20,20日换手率标准差,换手率,0.08482271136663759,3300,3300
2020-04-14,roe,ROE,盈利,0.10614354816534302,3142,3298
2020-04-14,grossMargin,毛利率,盈利,0.06711563070648285,3143,3298
2020-04-14,ocfToRevenue,经营现金流/营收,现金流,0.05287589356110151,3170,3298
2020-04-14,fcfToEv,自由现金流/企业价值,现金流,-0.01591305773431265,3097,3298
2020-04-14,debtToAssets,资产负债率,质量,0.05637040575766019,3170,3298
2020-04-14,receivablesTurnover,应收账款周转率,质量,0.002828818287451183,2205,3298
2020-04-14,inventoryTurnover,存货周转率,质量,-0.02038630483864176,2203,3298
2020-04-14,logMarketCap,总市值(对数),规模,0.09461030486237619,3298,3298
2020-04-14,logRevenue,营业收入(对数),规模,-0.014618163205634652,3170,3298
2020-04-14,logAssets,总资产(对数),规模,-0.014635193244070714,3170,3298
2020-04-14,turnover,换手率,换手率,0.011687364131848541,3298,3298
2020-04-14,turnover20,20日平均换手率,换手率,-0.01088441295321705,3298,3298
2020-04-14,turnoverStd20,20日换手率标准差,换手率,0.035308571556237886,3298,3298
2020-04-21,roe,ROE,盈利,0.09378380270019443,3144,3298
2020-04-21,grossMargin,毛利率,盈利,0.01574504297267017,3145,3298
2020-04-21,ocfToRevenue,经营现金流/营收,现金流,-0.0596924710066046,3172,3298
2020-04-21,fcfToEv,自由现金流/企业价值,现金流,0.04495237492739895,3099,3298
2020-04-21,debtToAssets,资产负债率,质量,0.05255988550801633,3172,3298
2020-04-21,receivablesTurnover,应收账款周转率,质量,-0.07391381152843199,2206,3298
2020-04-21,inventoryTurnover,存货周转率,质量,0.02562414203262866,2204,3298
2020-04-21,logMarketCap,总市值(对数),规模,0.2520037634764827,3298,3298
2020-04-21,logRevenue,营业收入(对数),规模,0.16445891733253726,3172,3298
2020-04-21,logAssets,总资产(对数),规模,0.1481123682972105,3172,3298
2020-04-21,turnover,换手率,换手率,0.15350258137426562,3298,3298
2020-04-21,turnover20,20日平均换手率,换手率,0.13403812454282032,3298,3298
2020-04-21,turnoverStd20,20日换手率标准差,换手率,0.084088912904689,3298,3298
2020-04-28,roe,ROE,盈利,0.04202722507763517,3142,3292
2020-04-28,grossMargin,毛利率,盈利,0.08219720651339174,3143,3292
2020-04-28,ocfToRevenue,经营现金流/营收,现金流,0.044361855795630865,3170,3292
2020-04-28,fcfToEv,自由现金流/企业价值,现金流,0.011006148338495876,3096,3292
2020-04-28,debtToAssets,资产负债率,质量,0.05607418519328865,3170,3292
2020-04-28,receivablesTurnover,应收账款周转率,质量,0.01989306463812799,2200,3292
2020-04-28,inventoryTurnover,存货周转率,质量,-0.03196458666622079,2198,3292
2020-04-28,logMarketCap,总市值(对数),规模,0.03821418771453579,3292,3292
2020-04-28,logRevenue,营业收入(对数),规模,-0.06218438127795363,3170,3292
2020-04-28,logAssets,总资产(对数),规模,-0.023993509964099206,3170,3292
2020-04-28,turnover,换手率,换手率,-0.029289528484860446,3292,3292
2020-04-28,turnover20,20日平均换手率,换手率,-0.052676569132899344,3292,3292
2020-04-28,turnoverStd20,20日换手率标准差,换手率,0.015277107107398177,3292,3292
2020-05-08,roe,ROE,盈利,0.08605254172782512,3148,3297
2020-05-08,grossMargin,毛利率,盈利,0.06306664760962712,3149,3297
2020-05-08,ocfToRevenue,经营现金流/营收,现金流,-0.043271633814518935,3176,3297
2020-05-08,fcfToEv,自由现金流/企业价值,现金流,0.031968017472108576,3103,3297
2020-05-08,debtToAssets,资产负债率,质量,0.10142112098686533,3176,3297
2020-05-08,receivablesTurnover,应收账款周转率,质量,-0.029744498383038956,2204,3297
2020-05-08,inventoryTurnover,存货周转率,质量,0.010546376486516811,2203,3297
2020-05-08,logMarketCap,总市值(对数),规模,0.026439375853937325,3297,3297
2020-05-08,logRevenue,营业收入(对数),规模,-0.08774282436835816,3176,3297
2020-05-08,logAssets,总资产(对数),规模,-0.09360120092506413,3176,3297
2020-05-08,turnover,换手率,换手率,-0.018808266455053107,3297,3297
2020-05-08,turnover20,20日平均换手率,换手率,-0.022854017731485324,3297,3297
2020-05-08,turnoverStd20,20日换手率标准差,换手率,-0.0023637335636551068,3297,3297
2020-05-15,roe,ROE,盈利,0.043803161940740555,3151,3300
2020-05-15,grossMargin,毛利率,盈利,0.020615397089465592,3152,3300
2020-05-15,ocfToRevenue,经营现金流/营收,现金流,-0.05417449723948498,3179,3300
2020-05-15,fcfToEv,自由现金流/企业价值,现金流,-0.012587512139828016,3106,3300
2020-05-15,debtToAssets,资产负债率,质量,0.010956094207884884,3179,3300
2020-05-15,receivablesTurnover,应收账款周转率,质量,-0.03301827231297357,2204,3300
2020-05-15,inventoryTurnover,存货周转率,质量,0.037785078135338525,2203,3300
2020-05-15,logMarketCap,总市值(对数),规模,-0.063834845444705,3300,3300
2020-05-15,logRevenue,营业收入(对数),规模,-0.013560692810102897,3179,3300
2020-05-15,logAssets,总资产(对数),规模,-0.023795934206339797,3179,3300
2020-05-15,turnover,换手率,换手率,0.1863217929394493,3300,3300
2020-05-15,turnover20,20日平均换手率,换手率,0.1921246091706196,3300,3300
2020-05-15,turnoverStd20,20日换手率标准差,换手率,0.19117542015058756,3300,3300
2020-05-22,roe,ROE,盈利,0.042318505761435726,3154,3301
2020-05-22,grossMargin,毛利率,盈利,0.03254169395545587,3155,3301
2020-05-22,ocfToRevenue,经营现金流/营收,现金流,-0.01941622772314299,3182,3301
2020-05-22,fcfToEv,自由现金流/企业价值,现金流,0.04093042337510738,3109,3301
2020-05-22,debtToAssets,资产负债率,质量,0.03631708843507045,3182,3301
2020-05-22,receivablesTurnover,应收账款周转率,质量,0.03191622721868836,2201,3301
2020-05-22,inventoryTurnover,存货周转率,质量,0.0273033686183635,2200,3301
2020-05-22,logMarketCap,总市值(对数),规模,-0.08944358730629656,3301,3301
2020-05-22,logRevenue,营业收入(对数),规模,-0.06400297261870241,3182,3301
2020-05-22,logAssets,总资产(对数),规模,-0.08693845671844433,3182,3301
2020-05-22,turnover,换手率,换手率,0.09139304427866868,3301,3301
2020-05-22,turnover20,20日平均换手率,换手率,0.09815527597819372,3301,3301
2020-05-22,turnoverStd20,20日换手率标准差,换手率,0.1299866390875104,3301,3301
2020-05-29,roe,ROE,盈利,0.011970477721771063,3152,3299
2020-05-29,grossMargin,毛利率,盈利,0.020486312703487598,3153,3299
2020-05-29,ocfToRevenue,经营现金流/营收,现金流,0.024653839604767854,3180,3299
2020-05-29,fcfToEv,自由现金流/企业价值,现金流,0.011964084245981573,3107,3299
2020-05-29,debtToAssets,资产负债率,质量,-0.009402664396050106,3180,3299
2020-05-29,receivablesTurnover,应收账款周转率,质量,0.06623168660023758,2201,3299
2020-05-29,inventoryTurnover,存货周转率,质量,-0.020986631358807385,2200,3299
2020-05-29,logMarketCap,总市值(对数),规模,-0.08321871666296116,3299,3299
2020-05-29,logRevenue,营业收入(对数),规模,-0.05218293435559478,3180,3299
2020-05-29,logAssets,总资产(对数),规模,-0.04561476273508656,3180,3299
2020-05-29,turnover,换手率,换手率,0.10443082540476573,3299,3299
2020-05-29,turnover20,20日平均换手率,换手率,-0.015386539033743266,3299,3299
2020-05-29,turnoverStd20,20日换手率标准差,换手率,0.018728460286940172,3299,3299
2020-06-05,roe,ROE,盈利,0.03562612411493449,3156,3305
2020-06-05,grossMargin,毛利率,盈利,0.0686062608707565,3157,3305
2020-06-05,ocfToRevenue,经营现金流/营收,现金流,-0.009629404785915166,3184,3305
2020-06-05,fcfToEv,自由现金流/企业价值,现金流,0.02375006417442668,3111,3305
2020-06-05,debtToAssets,资产负债率,质量,0.03408909837559918,3184,3305
2020-06-05,receivablesTurnover,应收账款周转率,质量,0.005587050326936484,2202,3305
2020-06-05,inventoryTurnover,存货周转率,质量,-0.007174650304472844,2201,3305
2020-06-05,logMarketCap,总市值(对数),规模,0.09319501512124526,3305,3305
2020-06-05,logRevenue,营业收入(对数),规模,0.03529961977879881,3184,3305
2020-06-05,logAssets,总资产(对数),规模,0.020110499131509866,3184,3305
2020-06-05,turnover,换手率,换手率,0.08021463899952848,3305,3305
2020-06-05,turnover20,20日平均换手率,换手率,0.030392385359021685,3305,3305
2020-06-05,turnoverStd20,20日换手率标准差,换手率,0.07399398983278901,3305,3305
2020-06-12,roe,ROE,盈利,0.06052291836013789,3160,3309
2020-06-12,grossMargin,毛利率,盈利,0.025864004470087545,3161,3309
2020-06-12,ocfToRevenue,经营现金流/营收,现金流,-0.010889138407720536,3188,3309
2020-06-12,fcfToEv,自由现金流/企业价值,现金流,0.02057703086722131,3115,3309
2020-06-12,debtToAssets,资产负债率,质量,0.014968233157511565,3188,3309
2020-06-12,receivablesTurnover,应收账款周转率,质量,-0.0040490076083045615,2205,3309
2020-06-12,inventoryTurnover,存货周转率,质量,0.02279245169847349,2204,3309
2020-06-12,logMarketCap,总市值(对数),规模,0.09498306989371978,3309,3309
2020-06-12,logRevenue,营业收入(对数),规模,0.05739052823104165,3188,3309
2020-06-12,logAssets,总资产(对数),规模,0.05167997866307218,3188,3309
2020-06-12,turnover,换手率,换手率,0.03341169479474424,3309,3309
2020-06-12,turnover20,20日平均换手率,换手率,-0.024150436942580147,3309,3309
2020-06-12,turnoverStd20,20日换手率标准差,换手率,-0.0007220879286206175,3309,3309
2020-06-19,roe,ROE,盈利,0.10907173153736395,3166,3314
2020-06-19,grossMargin,毛利率,盈利,0.08120927247277578,3167,3314
2020-06-19,ocfToRevenue,经营现金流/营收,现金流,-0.011284619341794791,3194,3314
2020-06-19,fcfToEv,自由现金流/企业价值,现金流,0.023529007615541633,3122,3314
2020-06-19,debtToAssets,资产负债率,质量,0.0646836875993011,3194,3314
2020-06-19,receivablesTurnover,应收账款周转率,质量,0.012001755511589697,2207,3314
2020-06-19,inventoryTurnover,存货周转率,质量,0.035179688432013356,2206,3314
2020-06-19,logMarketCap,总市值(对数),规模,0.10727617767665364,3314,3314
2020-06-19,logRevenue,营业收入(对数),规模,-0.02229859745659406,3194,3314
2020-06-19,logAssets,总资产(对数),规模,-0.016324077321957474,3194,3314
2020-06-19,turnover,换手率,换手率,-0.042226427406225474,3314,3314
2020-06-19,turnover20,20日平均换手率,换手率,-0.03549564664052186,3314,3314
2020-06-19,turnoverStd20,20日换手率标准差,换手率,0.0010233730749825514,3314,3314
2020-06-30,roe,ROE,盈利,-0.03553545334635695,3164,3307
2020-06-30,grossMargin,毛利率,盈利,-0.055469801209768306,3165,3307
2020-06-30,ocfToRevenue,经营现金流/营收,现金流,0.02618694506219088,3192,3307
2020-06-30,fcfToEv,自由现金流/企业价值,现金流,-0.03200461879598642,3119,3307
2020-06-30,debtToAssets,资产负债率,质量,-0.06296339382652233,3192,3307
2020-06-30,receivablesTurnover,应收账款周转率,质量,-0.06917363450746751,2202,3307
2020-06-30,inventoryTurnover,存货周转率,质量,-0.0900890189122713,2201,3307
2020-06-30,logMarketCap,总市值(对数),规模,0.14557040477484517,3307,3307
2020-06-30,logRevenue,营业收入(对数),规模,0.18489055503790477,3192,3307
2020-06-30,logAssets,总资产(对数),规模,0.2165326315096094,3192,3307
2020-06-30,turnover,换手率,换手率,-0.020685651605287465,3307,3307
2020-06-30,turnover20,20日平均换手率,换手率,-0.06039366864382371,3307,3307
2020-06-30,turnoverStd20,20日换手率标准差,换手率,-0.058270967868212814,3307,3307
2020-07-07,roe,ROE,盈利,0.05153737702879261,3168,3315
2020-07-07,grossMargin,毛利率,盈利,0.012051701833688021,3169,3315
2020-07-07,ocfToRevenue,经营现金流/营收,现金流,0.006302574528845063,3197,3315
2020-07-07,fcfToEv,自由现金流/企业价值,现金流,0.021637980296731217,3123,3315
2020-07-07,debtToAssets,资产负债率,质量,-0.0026607181676469274,3197,3315
2020-07-07,receivablesTurnover,应收账款周转率,质量,0.05208528510265258,2206,3315
2020-07-07,inventoryTurnover,存货周转率,质量,0.06637450605684787,2205,3315
2020-07-07,logMarketCap,总市值(对数),规模,-0.05039590605750534,3315,3315
2020-07-07,logRevenue,营业收入(对数),规模,-0.10195534017850832,3197,3315
2020-07-07,logAssets,总资产(对数),规模,-0.09432068919559468,3197,3315
2020-07-07,turnover,换手率,换手率,-0.07746608353911794,3315,3315
2020-07-07,turnover20,20日平均换手率,换手率,-0.07771678496110364,3315,3315
2020-07-07,turnoverStd20,20日换手率标准差,换手率,-0.05634261264057393,3315,3315
2020-07-14,roe,ROE,盈利,0.009632489859644868,3174,3322
2020-07-14,grossMargin,毛利率,盈利,-0.0006091443674662937,3175,3322
2020-07-14,ocfToRevenue,经营现金流/营收,现金流,-0.04958540614377517,3203,3322
2020-07-14,fcfToEv,自由现金流/企业价值,现金流,-0.005656632617403062,3130,3322
2020-07-14,debtToAssets,资产负债率,质量,-0.011868410414239495,3203,3322
2020-07-14,receivablesTurnover,应收账款周转率,质量,-0.02420474150051691,2210,3322
2020-07-14,inventoryTurnover,存货周转率,质量,0.04209541701862996,2209,3322
2020-07-14,logMarketCap,总市值(对数),规模,-0.009835555529185702,3322,3322
2020-07-14,logRevenue,营业收入(对数),规模,0.06142122941514532,3203,3322
2020-07-14,logAssets,总资产(对数),规模,0.057454452396357554,3203,3322
2020-07-14,turnover,换手率,换手率,0.27165279449819035,3322,3322
2020-07-14,turnover20,20日平均换手率,换手率,0.2574223809748419,3322,3322
2020-07-14,turnoverStd20,20日换手率标准差,换手率,0.2598899528736963,3322,3322
2020-07-21,roe,ROE,盈利,-0.03197259816723015,3173,3321
2020-07-21,grossMargin,毛利率,盈利,0.011740125641461239,3174,3321
2020-07-21,ocfToRevenue,经营现金流/营收,现金流,-0.06361821290299585,3202,3321
2020-07-21,fcfToEv,自由现金流/企业价值,现金流,-0.007992994412846396,3128,3321
2020-07-21,debtToAssets,资产负债率,质量,0.0023988227050701773,3202,3321
2020-07-21,receivablesTurnover,应收账款周转率,质量,-0.006057540180601414,2206,3321
2020-07-21,inventoryTurnover,存货周转率,质量,0.11512427879361176,2205,3321
2020-07-21,logMarketCap,总市值(对数),规模,-0.06817307744520297,3321,3321
2020-07-21,logRevenue,营业收入(对数),规模,-0.016776594768538017,3202,3321
2020-07-21,logAssets,总资产(对数),规模,-0.03867682580449074,3202,3321
2020-07-21,turnover,换手率,换手率,0.11206173432881021,3321,3321
2020-07-21,turnover20,20日平均换手率,换手率,0.14781563251768354,3321,3321
2020-07-21,turnoverStd20,20日换手率标准差,换手率,0.11623588003668557,3321,3321
2020-07-28,roe,ROE,盈利,-0.0010756937366542456,3177,3326
2020-07-28,grossMargin,毛利率,盈利,0.04049939586929965,3178,3326
2020-07-28,ocfToRevenue,经营现金流/营收,现金流,-0.027520922055470975,3206,3326
2020-07-28,fcfToEv,自由现金流/企业价值,现金流,-0.03518224646056861,3132,3326
2020-07-28,debtToAssets,资产负债率,质量,-0.01374011429027809,3206,3326
2020-07-28,receivablesTurnover,应收账款周转率,质量,0.000824193044919514,2205,3326
2020-07-28,inventoryTurnover,存货周转率,质量,0.041946830225048914,2204,3326
2020-07-28,logMarketCap,总市值(对数),规模,-0.015970361398056656,3326,3326
2020-07-28,logRevenue,营业收入(对数),规模,-0.02779893225501928,3206,3326
2020-07-28,logAssets,总资产(对数),规模,-0.01716711901566179,3206,3326
2020-07-28,turnover,换手率,换手率,-0.03717536884562188,3326,3326
2020-07-28,turnover20,20日平均换手率,换手率,-0.09605101688023665,3326,3326
2020-07-28,turnoverStd20,20日换手率标准差,换手率,-0.04368292636685026,3326,3326
2020-08-04,roe,ROE,盈利,-0.04654821245166692,3180,3331
2020-08-04,grossMargin,毛利率,盈利,-0.01426549363622941,3181,3331
2020-08-04,ocfToRevenue,经营现金流/营收,现金流,-0.003550702672586701,3210,3331
2020-08-04,fcfToEv,自由现金流/企业价值,现金流,-0.05556746839365694,3135,3331
2020-08-04,debtToAssets,资产负债率,质量,-0.031040292538689472,3210,3331
2020-08-04,receivablesTurnover,应收账款周转率,质量,0.0051499676382872304,2205,3331
2020-08-04,inventoryTurnover,存货周转率,质量,-0.016110046868652812,2204,3331
2020-08-04,logMarketCap,总市值(对数),规模,-0.026795908410895443,3331,3331
2020-08-04,logRevenue,营业收入(对数),规模,0.011840932486340586,3210,3331
2020-08-04,logAssets,总资产(对数),规模,0.0313942214132945,3210,3331
2020-08-04,turnover,换手率,换手率,0.16258609778409017,3331,3331
2020-08-04,turnover20,20日平均换手率,换手率,0.18400476088726037,3331,3331
2020-08-04,turnoverStd20,20日换手率标准差,换手率,0.1779934925683262,3331,3331
2020-08-11,roe,ROE,盈利,0.0034613203948967073,3184,3337
2020-08-11,grossMargin,毛利率,盈利,-0.06346085966248774,3185,3337
2020-08-11,ocfToRevenue,经营现金流/营收,现金流,0.007454825005364177,3214,3337
2020-08-11,fcfToEv,自由现金流/企业价值,现金流,-0.011839184624422011,3139,3337
2020-08-11,debtToAssets,资产负债率,质量,-0.03481601187207986,3214,3337
2020-08-11,receivablesTurnover,应收账款周转率,质量,0.021075434206147915,2205,3337
2020-08-11,inventoryTurnover,存货周转率,质量,0.006668884676694056,2204,3337
2020-08-11,logMarketCap,总市值(对数),规模,-0.0930585235468351,3337,3337
2020-08-11,logRevenue,营业收入(对数),规模,-0.01878122509632703,3214,3337
2020-08-11,logAssets,总资产(对数),规模,-0.010162317693268122,3214,3337
2020-08-11,turnover,换手率,换手率,0.008988285833503657,3337,3337
2020-08-11,turnover20,20日平均换手率,换手率,-0.02544249927507394,3337,3337
2020-08-11,turnoverStd20,20日换手率标准差,换手率,0.005678908173970601,3337,3337
2020-08-18,roe,ROE,盈利,0.08196206022146134,3188,3342
2020-08-18,grossMargin,毛利率,盈利,0.07038739207431025,3189,3342
2020-08-18,ocfToRevenue,经营现金流/营收,现金流,0.01879820443287421,3218,3342
2020-08-18,fcfToEv,自由现金流/企业价值,现金流,0.04176493774777878,3143,3342
2020-08-18,debtToAssets,资产负债率,质量,0.06510184053808876,3218,3342
2020-08-18,receivablesTurnover,应收账款周转率,质量,0.033749285939040634,2209,3342
2020-08-18,inventoryTurnover,存货周转率,质量,-0.05998501654116473,2208,3342
2020-08-18,logMarketCap,总市值(对数),规模,-0.1166048931559334,3342,3342
2020-08-18,logRevenue,营业收入(对数),规模,-0.08465320316958462,3217,3342
2020-08-18,logAssets,总资产(对数),规模,-0.10098215767212783,3218,3342
2020-08-18,turnover,换手率,换手率,0.15952267990062236,3342,3342
2020-08-18,turnover20,20日平均换手率,换手率,0.17022185184139793,3342,3342
2020-08-18,turnoverStd20,20日换手率标准差,换手率,0.20189416817954292,3342,3342
2020-08-25,roe,ROE,盈利,0.013389127980215633,3190,3342
2020-08-25,grossMargin,毛利率,盈利,0.07760571399890585,3191,3342
2020-08-25,ocfToRevenue,经营现金流/营收,现金流,-0.018891314878945378,3220,3342
2020-08-25,fcfToEv,自由现金流/企业价值,现金流,-0.005576077763449263,3145,3342
2020-08-25,debtToAssets,资产负债率,质量,0.05659911362630183,3220,3342
2020-08-25,receivablesTurnover,应收账款周转率,质量,0.07823910267292879,2208,3342
2020-08-25,inventoryTurnover,存货周转率,质量,0.015078348073873387,2207,3342
2020-08-25,logMarketCap,总市值(对数),规模,-0.004042476845586659,3342,3342
2020-08-25,logRevenue,营业收入(对数),规模,-0.031098900000404554,3219,3342
2020-08-25,logAssets,总资产(对数),规模,-0.016607200647888367,3220,3342
2020-08-25,turnover,换手率,换手率,-0.015947719114687346,3342,3342
2020-08-25,turnover20,20日平均换手率,换手率,0.05482970619351891,3342,3342
2020-08-25,turnoverStd20,20日换手率标准差,换手率,0.06306351267213142,3342,3342
2020-09-01,roe,ROE,盈利,-0.11461593508646055,3193,3346
2020-09-01,grossMargin,毛利率,盈利,0.007982748185540189,3195,3346
2020-09-01,ocfToRevenue,经营现金流/营收,现金流,0.007873878701198026,3224,3346
2020-09-01,fcfToEv,自由现金流/企业价值,现金流,0.01616953097669512,3149,3346
2020-09-01,debtToAssets,资产负债率,质量,-0.00984719002229489,3224,3346
2020-09-01,receivablesTurnover,应收账款周转率,质量,0.15102667291057528,2211,3346
2020-09-01,inventoryTurnover,存货周转率,质量,0.036479314101234936,2210,3346
2020-09-01,logMarketCap,总市值(对数),规模,-0.3480251158653067,3346,3346
2020-09-01,logRevenue,营业收入(对数),规模,-0.17225124516549029,3223,3346
2020-09-01,logAssets,总资产(对数),规模,-0.16311329523965268,3224,3346
2020-09-01,turnover,换手率,换手率,0.008335648683410616,3346,3346
2020-09-01,turnover20,20日平均换手率,换手率,0.06326846938750677,3346,3346
2020-09-01,turnoverStd20,20日换手率标准差,换手率,0.05427824354243761,3346,3346
2020-09-08,roe,ROE,盈利,0.0522412461033098,3193,3346
2020-09-08,grossMargin,毛利率,盈利,0.01234956732457047,3196,3346
2020-09-08,ocfToRevenue,经营现金流/营收,现金流,-0.005081163792631931,3225,3346
2020-09-08,fcfToEv,自由现金流/企业价值,现金流,0.029377515107463108,3150,3346
2020-09-08,debtToAssets,资产负债率,质量,-0.05062710373363125,3225,3346
2020-09-08,receivablesTurnover,应收账款周转率,质量,-0.11989999214494956,2212,3346
2020-09-08,inventoryTurnover,存货周转率,质量,-0.05987843011292046,2211,3346
2020-09-08,logMarketCap,总市值(对数),规模,0.2037961050166629,3346,3346
2020-09-08,logRevenue,营业收入(对数),规模,0.1592809429731732,3224,3346
2020-09-08,logAssets,总资产(对数),规模,0.16665475084752224,3225,3346
2020-09-08,turnover,换手率,换手率,0.08731184760519506,3346,3346
2020-09-08,turnover20,20日平均换手率,换手率,0.05766543820705526,3346,3346
2020-09-08,turnoverStd20,20日换手率标准差,换手率,0.03984158454960434,3346,3346
2020-09-15,roe,ROE,盈利,0.03105237016237695,3192,3345
2020-09-15,grossMargin,毛利率,盈利,-0.06744833352506743,3195,3345
2020-09-15,ocfToRevenue,经营现金流/营收,现金流,0.020974416529356138,3224,3345
2020-09-15,fcfToEv,自由现金流/企业价值,现金流,0.00036796042409331973,3149,3345
2020-09-15,debtToAssets,资产负债率,质量,-0.0435872321020277,3224,3345
2020-09-15,receivablesTurnover,应收账款周转率,质量,-0.03622044299987043,2210,3345
2020-09-15,inventoryTurnover,存货周转率,质量,0.022294570357053543,2209,3345
2020-09-15,logMarketCap,总市值(对数),规模,0.017545113019054023,3345,3345
2020-09-15,logRevenue,营业收入(对数),规模,0.05113921151173301,3223,3345
2020-09-15,logAssets,总资产(对数),规模,0.05056419821065442,3224,3345
2020-09-15,turnover,换手率,换手率,0.09485698550611314,3345,3345
2020-09-15,turnover20,20日平均换手率,换手率,0.05777600176387977,3345,3345
2020-09-15,turnoverStd20,20日换手率标准差,换手率,0.05511513373245039,3345,3345
2020-09-22,roe,ROE,盈利,0.08233268969426065,3198,3350
2020-09-22,grossMargin,毛利率,盈利,0.027547446278380967,3201,3350
2020-09-22,ocfToRevenue,经营现金流/营收,现金流,0.005669717923549779,3230,3350
2020-09-22,fcfToEv,自由现金流/企业价值,现金流,0.00792246956158434,3156,3350
2020-09-22,debtToAssets,资产负债率,质量,0.0011563180972123319,3230,3350
2020-09-22,receivablesTurnover,应收账款周转率,质量,-0.03576678563765497,2213,3350
2020-09-22,inventoryTurnover,存货周转率,质量,-0.06277816347969928,2212,3350
2020-09-22,logMarketCap,总市值(对数),规模,0.16893809755302888,3350,3350
2020-09-22,logRevenue,营业收入(对数),规模,0.13883125616645647,3229,3350
2020-09-22,logAssets,总资产(对数),规模,0.13435144199051371,3230,3350
2020-09-22,turnover,换手率,换手率,0.1392298584893147,3350,3350
2020-09-22,turnover20,20日平均换手率,换手率,0.12135937647103892,3350,3350
2020-09-22,turnoverStd20,20日换手率标准差,换手率,0.1283472655017068,3350,3350
2020-09-29,roe,ROE,盈利,0.08262908258363828,3199,3349
2020-09-29,grossMargin,毛利率,盈利,0.060610046497808,3202,3349
2020-09-29,ocfToRevenue,经营现金流/营收,现金流,-0.03177980956845396,3231,3349
2020-09-29,fcfToEv,自由现金流/企业价值,现金流,0.007241922669191925,3157,3349
2020-09-29,debtToAssets,资产负债率,质量,0.02579964541232605,3231,3349
2020-09-29,receivablesTurnover,应收账款周转率,质量,0.042255478223606716,2212,3349
2020-09-29,inventoryTurnover,存货周转率,质量,0.0782254335807667,2211,3349
2020-09-29,logMarketCap,总市值(对数),规模,0.00945510840397031,3349,3349
2020-09-29,logRevenue,营业收入(对数),规模,-0.08322846662501548,3230,3349
2020-09-29,logAssets,总资产(对数),规模,-0.09574622840360955,3231,3349
2020-09-29,turnover,换手率,换手率,-0.1769800462905852,3349,3349
2020-09-29,turnover20,20日平均换手率,换手率,-0.21653342247252938,3349,3349
2020-09-29,turnoverStd20,20日换手率标准差,换手率,-0.18419804124715805,3349,3349
2020-10-14,roe,ROE,盈利,0.0271811606054735,3203,3353
2020-10-14,grossMargin,毛利率,盈利,0.007824419169441765,3206,3353
2020-10-14,ocfToRevenue,经营现金流/营收,现金流,0.041856608811747575,3235,3353
2020-10-14,fcfToEv,自由现金流/企业价值,现金流,0.019417947227914813,3161,3353
2020-10-14,debtToAssets,资产负债率,质量,0.03186268646539545,3235,3353
2020-10-14,receivablesTurnover,应收账款周转率,质量,0.08911034701917521,2216,3353
2020-10-14,inventoryTurnover,存货周转率,质量,0.06321240176092044,2215,3353
2020-10-14,logMarketCap,总市值(对数),规模,-0.137360319366865,3353,3353
2020-10-14,logRevenue,营业收入(对数),规模,-0.03374462690128026,3234,3353
2020-10-14,logAssets,总资产(对数),规模,-0.06285286962681849,3235,3353
2020-10-14,turnover,换手率,换手率,0.0364378967166689,3353,3353
2020-10-14,turnover20,20日平均换手率,换手率,0.0013510052948103731,3353,3353
2020-10-14,turnoverStd20,20日换手率标准差,换手率,-0.02857436290921731,3353,3353
2020-10-21,roe,ROE,盈利,0.04928883060466834,3202,3353
2020-10-21,grossMargin,毛利率,盈利,0.05776712158441901,3205,3353
2020-10-21,ocfToRevenue,经营现金流/营收,现金流,-0.03417579958657403,3234,3353
2020-10-21,fcfToEv,自由现金流/企业价值,现金流,0.01720075422694096,3160,3353
2020-10-21,debtToAssets,资产负债率,质量,0.0015651349216091214,3234,3353
2020-10-21,receivablesTurnover,应收账款周转率,质量,0.043711115216411286,2214,3353
2020-10-21,inventoryTurnover,存货周转率,质量,0.04324453262545233,2213,3353
2020-10-21,logMarketCap,总市值(对数),规模,-0.022961821235123085,3353,3353
2020-10-21,logRevenue,营业收入(对数),规模,0.005146276350468958,3233,3353
2020-10-21,logAssets,总资产(对数),规模,-0.008278115501907438,3234,3353
2020-10-21,turnover,换手率,换手率,0.018183719900179546,3353,3353
2020-10-21,turnover20,20日平均换手率,换手率,0.01971148857229262,3353,3353
2020-10-21,turnoverStd20,20日换手率标准差,换手率,0.03401163418265669,3353,3353
2020-10-28,roe,ROE,盈利,0.05318276573083061,3206,3359
2020-10-28,grossMargin,毛利率,盈利,0.0597282671578796,3209,3359
2020-10-28,ocfToRevenue,经营现金流/营收,现金流,0.00020088706940547468,3239,3359
2020-10-28,fcfToEv,自由现金流/企业价值,现金流,0.06849360654109454,3163,3359
2020-10-28,debtToAssets,资产负债率,质量,0.0026297209737139557,3239,3359
2020-10-28,receivablesTurnover,应收账款周转率,质量,-0.040036825789940875,2212,3359
2020-10-28,inventoryTurnover,存货周转率,质量,0.0339111322777186,2211,3359
2020-10-28,logMarketCap,总市值(对数),规模,0.11418464083554605,3359,3359
2020-10-28,logRevenue,营业收入(对数),规模,0.08399049342995955,3237,3359
2020-10-28,logAssets,总资产(对数),规模,0.07041011716429874,3239,3359
2020-10-28,turnover,换手率,换手率,-0.020551101377201012,3359,3359
2020-10-28,turnover20,20日平均换手率,换手率,0.0005332299822253195,3359,3359
2020-10-28,turnoverStd20,20日换手率标准差,换手率,-0.017312436314900956,3359,3359
2020-11-04,roe,ROE,盈利,-0.05042124485307667,3207,3359
2020-11-04,grossMargin,毛利率,盈利,-0.0837865018108195,3210,3359
2020-11-04,ocfToRevenue,经营现金流/营收,现金流,-0.018541217543242818,3240,3359
2020-11-04,fcfToEv,自由现金流/企业价值,现金流,0.004469913935891822,3164,3359
2020-11-04,debtToAssets,资产负债率,质量,-0.061305812411291245,3240,3359
2020-11-04,receivablesTurnover,应收账款周转率,质量,-0.07495401371825126,2215,3359
2020-11-04,inventoryTurnover,存货周转率,质量,0.03487793619107004,2214,3359
2020-11-04,logMarketCap,总市值(对数),规模,-0.005434718757952338,3359,3359
2020-11-04,logRevenue,营业收入(对数),规模,0.11481731925041604,3238,3359
2020-11-04,logAssets,总资产(对数),规模,0.10313024062198295,3240,3359
2020-11-04,turnover,换手率,换手率,0.12780551258398118,3359,3359
2020-11-04,turnover20,20日平均换手率,换手率,0.12528771774110284,3359,3359
2020-11-04,turnoverStd20,20日换手率标准差,换手率,0.10825444086331662,3359,3359
2020-11-11,roe,ROE,盈利,-0.03898576214758387,3215,3366
2020-11-11,grossMargin,毛利率,盈利,-0.061657523098885905,3218,3366
2020-11-11,ocfToRevenue,经营现金流/营收,现金流,-0.010881727667958115,3248,3366
2020-11-11,fcfToEv,自由现金流/企业价值,现金流,0.011036641173480011,3172,3366
2020-11-11,debtToAssets,资产负债率,质量,-0.036779589407569833,3248,3366
2020-11-11,receivablesTurnover,应收账款周转率,质量,0.009731551087413002,2217,3366
2020-11-11,inventoryTurnover,存货周转率,质量,0.09399446190467492,2216,3366
2020-11-11,logMarketCap,总市值(对数),规模,-0.10986000259390352,3366,3366
2020-11-11,logRevenue,营业收入(对数),规模,0.05166607631632946,3246,3366
2020-11-11,logAssets,总资产(对数),规模,0.04270217199829959,3248,3366
2020-11-11,turnover,换手率,换手率,0.15676200724179085,3366,3366
2020-11-11,turnover20,20日平均换手率,换手率,0.1618147319761306,3366,3366
2020-11-11,turnoverStd20,20日换手率标准差,换手率,0.1424500322946809,3366,3366
2020-11-18,roe,ROE,盈利,-0.07685712052670876,3219,3370
2020-11-18,grossMargin,毛利率,盈利,-0.07880041201233756,3222,3370
2020-11-18,ocfToRevenue,经营现金流/营收,现金流,-0.03897487749535544,3252,3370
2020-11-18,fcfToEv,自由现金流/企业价值,现金流,-0.03412454794691054,3176,3370
2020-11-18,debtToAssets,资产负债率,质量,-0.026319849325308124,3252,3370
2020-11-18,receivablesTurnover,应收账款周转率,质量,0.007939766614324039,2218,3370
2020-11-18,inventoryTurnover,存货周转率,质量,0.016557710673150816,2217,3370
2020-11-18,logMarketCap,总市值(对数),规模,0.02120223132974029,3370,3370
2020-11-18,logRevenue,营业收入(对数),规模,0.06175141643230064,3250,3370
2020-11-18,logAssets,总资产(对数),规模,0.07846262237289418,3252,3370
2020-11-18,turnover,换手率,换手率,0.15022810226333258,3370,3370
2020-11-18,turnover20,20日平均换手率,换手率,0.13994445183605048,3370,3370
2020-11-18,turnoverStd20,20日换手率标准差,换手率,0.13935452646945248,3370,3370
2020-11-25,roe,ROE,盈利,-0.01718381438934704,3221,3373
2020-11-25,grossMargin,毛利率,盈利,-0.006294112723453256,3224,3373
2020-11-25,ocfToRevenue,经营现金流/营收,现金流,-0.01697033042713224,3255,3373
2020-11-25,fcfToEv,自由现金流/企业价值,现金流,-0.03810936300271178,3178,3373
2020-11-25,debtToAssets,资产负债率,质量,-0.0021456275502812804,3255,3373
2020-11-25,receivablesTurnover,应收账款周转率,质量,-0.013023693038932095,2218,3373
2020-11-25,inventoryTurnover,存货周转率,质量,-0.08296745780382575,2217,3373
2020-11-25,logMarketCap,总市值(对数),规模,0.08444418209435607,3373,3373
2020-11-25,logRevenue,营业收入(对数),规模,0.07189658621417412,3253,3373
2020-11-25,logAssets,总资产(对数),规模,0.09804277855205959,3255,3373
2020-11-25,turnover,换手率,换手率,0.09425240129422968,3373,3373
2020-11-25,turnover20,20日平均换手率,换手率,0.08809489367468842,3373,3373
2020-11-25,turnoverStd20,20日换手率标准差,换手率,0.08214198876517699,3373,3373
2020-12-02,roe,ROE,盈利,0.02407594744034041,3224,3377
2020-12-02,grossMargin,毛利率,盈利,0.014411429899504558,3227,3377
2020-12-02,ocfToRevenue,经营现金流/营收,现金流,-0.02871295606676775,3258,3377
2020-12-02,fcfToEv,自由现金流/企业价值,现金流,-0.06407409984859397,3181,3377
2020-12-02,debtToAssets,资产负债率,质量,-0.001022197413611561,3258,3377
2020-12-02,receivablesTurnover,应收账款周转率,质量,-0.02361099879271766,2216,3377
2020-12-02,inventoryTurnover,存货周转率,质量,0.047086760783010426,2215,3377
2020-12-02,logMarketCap,总市值(对数),规模,-0.004151169061885179,3377,3377
2020-12-02,logRevenue,营业收入(对数),规模,-0.034201835795556024,3256,3377
2020-12-02,logAssets,总资产(对数),规模,-0.035692439601860346,3258,3377
2020-12-02,turnover,换手率,换手率,0.0906506935046417,3377,3377
2020-12-02,turnover20,20日平均换手率,换手率,0.11257764192254524,3377,3377
2020-12-02,turnoverStd20,20日换手率标准差,换手率,0.10708176379023632,3377,3377
2020-12-09,roe,ROE,盈利,0.06234282443022089,3224,3377
2020-12-09,grossMargin,毛利率,盈利,0.03285057941311043,3227,3377
2020-12-09,ocfToRevenue,经营现金流/营收,现金流,-0.03501646073474737,3258,3377
2020-12-09,fcfToEv,自由现金流/企业价值,现金流,-0.011381488053946039,3181,3377
2020-12-09,debtToAssets,资产负债率,质量,-0.020476217482698955,3258,3377
2020-12-09,receivablesTurnover,应收账款周转率,质量,-0.1056198882927467,2214,3377
2020-12-09,inventoryTurnover,存货周转率,质量,-0.029850358292621997,2213,3377
2020-12-09,logMarketCap,总市值(对数),规模,0.2092380903560291,3377,3377
2020-12-09,logRevenue,营业收入(对数),规模,0.16658559687442945,3256,3377
2020-12-09,logAssets,总资产(对数),规模,0.1569078253263895,3258,3377
2020-12-09,turnover,换手率,换手率,0.03705653861136019,3377,3377
2020-12-09,turnover20,20日平均换手率,换手率,0.021719968219178695,3377,3377
2020-12-09,turnoverStd20,20日换手率标准差,换手率,0.013019667789594255,3377,3377
2020-12-16,roe,ROE,盈利,-0.06670623974663432,3227,3379
2020-12-16,grossMargin,毛利率,盈利,-0.07906829979735264,3230,3379
2020-12-16,ocfToRevenue,经营现金流/营收,现金流,-0.08303762533546487,3261,3379
2020-12-16,fcfToEv,自由现金流/企业价值,现金流,-0.006369594837241065,3184,3379
2020-12-16,debtToAssets,资产负债率,质量,-0.06150543079180294,3261,3379
2020-12-16,receivablesTurnover,应收账款周转率,质量,-0.06323524352469763,2216,3379
2020-12-16,inventoryTurnover,存货周转率,质量,0.05004300062208127,2215,3379
2020-12-16,logMarketCap,总市值(对数),规模,0.08259045816865519,3379,3379
2020-12-16,logRevenue,营业收入(对数),规模,0.09794935682554759,3259,3379
2020-12-16,logAssets,总资产(对数),规模,0.11357430420936653,3261,3379
2020-12-16,turnover,换手率,换手率,-0.007588522542992638,3379,3379
2020-12-16,turnover20,20日平均换手率,换手率,-0.00632625197810668,3379,3379
2020-12-16,turnoverStd20,20日换手率标准差,换手率,-0.0029307937607186973,3379,3379
2020-12-23,roe,ROE,盈利,-0.011380386491297015,3229,3379
2020-12-23,grossMargin,毛利率,盈利,-0.029713230692730925,3232,3379
2020-12-23,ocfToRevenue,经营现金流/营收,现金流,-0.0007924588682280357,3264,3379
2020-12-23,fcfToEv,自由现金流/企业价值,现金流,-0.012855801934658838,3186,3379
2020-12-23,debtToAssets,资产负债率,质量,-0.051454194219308344,3264,3379
2020-12-23,receivablesTurnover,应收账款周转率,质量,-0.04388144972373798,2214,3379
2020-12-23,inventoryTurnover,存货周转率,质量,-0.09311212710593451,2213,3379
2020-12-23,logMarketCap,总市值(对数),规模,0.16873864401373043,3379,3379
2020-12-23,logRevenue,营业收入(对数),规模,0.16845163856977985,3262,3379
2020-12-23,logAssets,总资产(对数),规模,0.18747234995127043,3264,3379
2020-12-23,turnover,换手率,换手率,0.08015521625572931,3379,3379
2020-12-23,turnover20,20日平均换手率,换手率,0.09450110841377354,3379,3379
2020-12-23,turnoverStd20,20日换手率标准差,换手率,0.061158927640620184,3379,3379
2020-12-30,roe,ROE,盈利,0.04592470795486254,3233,3382
2020-12-30,grossMargin,毛利率,盈利,0.011482663168885781,3236,3382
2020-12-30,ocfToRevenue,经营现金流/营收,现金流,-0.05293354464862059,3268,3382
2020-12-30,fcfToEv,自由现金流/企业价值,现金流,-0.04167912291722405,3190,3382
2020-12-30,debtToAssets,资产负债率,质量,-0.014948041422470049,3268,3382
2020-12-30,receivablesTurnover,应收账款周转率,质量,-0.14486495015534398,2216,3382
2020-12-30,inventoryTurnover,存货周转率,质量,-0.012099430229018457,2215,3382
2020-12-30,logMarketCap,总市值(对数),规模,0.394964302529999,3382,3382
2020-12-30,logRevenue,营业收入(对数),规模,0.2718888137628239,3266,3382
2020-12-30,logAssets,总资产(对数),规模,0.2816587243672466,3268,3382
2020-12-30,turnover,换手率,换手率,0.02982597649409895,3382,3382
2020-12-30,turnover20,20日平均换手率,换手率,0.027140781192332136,3382,3382
2020-12-30,turnoverStd20,20日换手率标准差,换手率,0.0007405278209232315,3382,3382
2021-01-07,roe,ROE,盈利,0.02750857900830941,3235,3383
2021-01-07,grossMargin,毛利率,盈利,-0.019419699606419878,3238,3383
2021-01-07,ocfToRevenue,经营现金流/营收,现金流,-0.02590482994039565,3270,3383
2021-01-07,fcfToEv,自由现金流/企业价值,现金流,0.012629136342958081,3192,3383
2021-01-07,debtToAssets,资产负债率,质量,-0.019775792720439618,3270,3383
2021-01-07,receivablesTurnover,应收账款周转率,质量,-0.026950169329711508,2216,3383
2021-01-07,inventoryTurnover,存货周转率,质量,-0.1018160356697383,2215,3383
2021-01-07,logMarketCap,总市值(对数),规模,0.23342149018295918,3383,3383
2021-01-07,logRevenue,营业收入(对数),规模,0.20671434873134287,3268,3383
2021-01-07,logAssets,总资产(对数),规模,0.21973927574171223,3270,3383
2021-01-07,turnover,换手率,换手率,0.11984980597093012,3383,3383
2021-01-07,turnover20,20日平均换手率,换手率,0.10349398824270883,3383,3383
2021-01-07,turnoverStd20,20日换手率标准差,换手率,0.09090764326451456,3383,3383
2021-01-14,roe,ROE,盈利,0.03942701483311384,3235,3382
2021-01-14,grossMargin,毛利率,盈利,0.024866309079537283,3238,3382
2021-01-14,ocfToRevenue,经营现金流/营收,现金流,0.05008587884142326,3270,3382
2021-01-14,fcfToEv,自由现金流/企业价值,现金流,0.009737842548697303,3192,3382
2021-01-14,debtToAssets,资产负债率,质量,0.03031177887114677,3270,3382
2021-01-14,receivablesTurnover,应收账款周转率,质量,0.05972202753216515,2212,3382
2021-01-14,inventoryTurnover,存货周转率,质量,0.09134191192420256,2211,3382
2021-01-14,logMarketCap,总市值(对数),规模,-0.25324561999893036,3382,3382
2021-01-14,logRevenue,营业收入(对数),规模,-0.22087616654559186,3268,3382
2021-01-14,logAssets,总资产(对数),规模,-0.23871648477616128,3270,3382
2021-01-14,turnover,换手率,换手率,-0.0459908165841668,3382,3382
2021-01-14,turnover20,20日平均换手率,换手率,-0.07927174045091245,3382,3382
2021-01-14,turnoverStd20,20日换手率标准差,换手率,0.004031422735511157,3382,3382
2021-01-21,roe,ROE,盈利,0.08304829802130927,3235,3381
2021-01-21,grossMargin,毛利率,盈利,0.028327159825241973,3238,3381
2021-01-21,ocfToRevenue,经营现金流/营收,现金流,0.012734096125611289,3270,3381
2021-01-21,fcfToEv,自由现金流/企业价值,现金流,-0.0022380069861613135,3192,3381
2021-01-21,debtToAssets,资产负债率,质量,0.016840612239465536,3270,3381
2021-01-21,receivablesTurnover,应收账款周转率,质量,-0.013764090277737335,2212,3381
2021-01-21,inventoryTurnover,存货周转率,质量,-0.07756110922592352,2211,3381
2021-01-21,logMarketCap,总市值(对数),规模,0.024900803054080614,3381,3381
2021-01-21,logRevenue,营业收入(对数),规模,0.04908891278725883,3268,3381
2021-01-21,logAssets,总资产(对数),规模,0.03737309663792831,3270,3381
2021-01-21,turnover,换手率,换手率,0.16515920245724403,3381,3381
2021-01-21,turnover20,20日平均换手率,换手率,0.17751313286798026,3381,3381
2021-01-21,turnoverStd20,20日换手率标准差,换手率,0.16788150684325526,3381,3381
2021-01-28,roe,ROE,盈利,0.10676626188217131,3238,3385
2021-01-28,grossMargin,毛利率,盈利,0.021636065766583397,3241,3385
2021-01-28,ocfToRevenue,经营现金流/营收,现金流,-0.044878673588826495,3273,3385
2021-01-28,fcfToEv,自由现金流/企业价值,现金流,0.026363092972211243,3195,3385
2021-01-28,debtToAssets,资产负债率,质量,0.0018186224908559362,3273,3385
2021-01-28,receivablesTurnover,应收账款周转率,质量,-0.08702804164627484,2213,3385
2021-01-28,inventoryTurnover,存货周转率,质量,-0.02262596430296019,2212,3385
2021-01-28,logMarketCap,总市值(对数),规模,0.2455505869379322,3385,3385
2021-01-28,logRevenue,营业收入(对数),规模,0.17810249084633314,3271,3385
2021-01-28,logAssets,总资产(对数),规模,0.16682105161769864,3273,3385
2021-01-28,turnover,换手率,换手率,0.09591430428091147,3385,3385
2021-01-28,turnover20,20日平均换手率,换手率,0.1025254029620435,3385,3385
2021-01-28,turnoverStd20,20日换手率标准差,换手率,0.07245442330172004,3385,3385
2021-02-04,roe,ROE,盈利,-0.05744608687955461,3243,3391
2021-02-04,grossMargin,毛利率,盈利,-0.03021408084852759,3246,3391
2021-02-04,ocfToRevenue,经营现金流/营收,现金流,0.01576565536101727,3278,3391
2021-02-04,fcfToEv,自由现金流/企业价值,现金流,0.025050119689576697,3200,3391
2021-02-04,debtToAssets,资产负债率,质量,-0.019537423308448668,3278,3391
2021-02-04,receivablesTurnover,应收账款周转率,质量,0.057272772480369716,2217,3391
2021-02-04,inventoryTurnover,存货周转率,质量,0.02272986143451623,2216,3391
2021-02-04,logMarketCap,总市值(对数),规模,-0.028000117710645693,3391,3391
2021-02-04,logRevenue,营业收入(对数),规模,0.0680151604530102,3276,3391
2021-02-04,logAssets,总资产(对数),规模,0.06969775226522135,3278,3391
2021-02-04,turnover,换手率,换手率,0.1000051860320996,3391,3391
2021-02-04,turnover20,20日平均换手率,换手率,0.09162440419189893,3391,3391
2021-02-04,turnoverStd20,20日换手率标准差,换手率,0.11456292388391606,3391,3391
2021-02-18,roe,ROE,盈利,-0.05158439830218597,3247,3395
2021-02-18,grossMargin,毛利率,盈利,-0.06030342696526439,3250,3395
2021-02-18,ocfToRevenue,经营现金流/营收,现金流,0.08851922900678762,3282,3395
2021-02-18,fcfToEv,自由现金流/企业价值,现金流,0.02598613957335615,3204,3395
2021-02-18,debtToAssets,资产负债率,质量,-0.04729718093749921,3282,3395
2021-02-18,receivablesTurnover,应收账款周转率,质量,0.025018371795343875,2217,3395
2021-02-18,inventoryTurnover,存货周转率,质量,0.049748855781369325,2216,3395
2021-02-18,logMarketCap,总市值(对数),规模,-0.29554512855231546,3395,3395
2021-02-18,logRevenue,营业收入(对数),规模,-0.12727595408243314,3280,3395
2021-02-18,logAssets,总资产(对数),规模,-0.1303347436436703,3282,3395
2021-02-18,turnover,换手率,换手率,-0.0003386378237859635,3395,3395
2021-02-18,turnover20,20日平均换手率,换手率,0.015470713178639614,3395,3395
2021-02-18,turnoverStd20,20日换手率标准差,换手率,0.02830639816054965,3395,3395
2021-02-25,roe,ROE,盈利,0.0147674136091538,3257,3408
2021-02-25,grossMargin,毛利率,盈利,-0.01581781263215079,3260,3408
2021-02-25,ocfToRevenue,经营现金流/营收,现金流,-0.011342913872749529,3293,3408
2021-02-25,fcfToEv,自由现金流/企业价值,现金流,0.000504324170150061,3214,3408
2021-02-25,debtToAssets,资产负债率,质量,0.0065157944379689876,3293,3408
2021-02-25,receivablesTurnover,应收账款周转率,质量,0.1000698819863804,2223,3408
2021-02-25,inventoryTurnover,存货周转率,质量,0.06206094606115431,2222,3408
2021-02-25,logMarketCap,总市值(对数),规模,-0.3036948826148153,3408,3408
2021-02-25,logRevenue,营业收入(对数),规模,-0.1662944031260681,3291,3408
2021-02-25,logAssets,总资产(对数),规模,-0.17460886992088828,3293,3408
2021-02-25,turnover,换手率,换手率,0.10107747506617605,3408,3408
2021-02-25,turnover20,20日平均换手率,换手率,0.034393138003106484,3408,3408
2021-02-25,turnoverStd20,20日换手率标准差,换手率,0.07717707415993767,3408,3408
2021-03-04,roe,ROE,盈利,-0.0419459317514624,3253,3407
2021-03-04,grossMargin,毛利率,盈利,-0.045008521070984006,3256,3407
2021-03-04,ocfToRevenue,经营现金流/营收,现金流,-0.0006042142080558172,3289,3407
2021-03-04,fcfToEv,自由现金流/企业价值,现金流,0.03578859430613618,3210,3407
2021-03-04,debtToAssets,资产负债率,质量,-0.056252693936778904,3289,3407
2021-03-04,receivablesTurnover,应收账款周转率,质量,0.010269471605249467,2221,3407
2021-03-04,inventoryTurnover,存货周转率,质量,0.010459636136055044,2220,3407
2021-03-04,logMarketCap,总市值(对数),规模,-0.12814156511520336,3407,3407
2021-03-04,logRevenue,营业收入(对数),规模,0.003112983862347915,3287,3407
2021-03-04,logAssets,总资产(对数),规模,-0.013557529822921683,3289,3407
2021-03-04,turnover,换手率,换手率,0.14893195379872287,3407,3407
2021-03-04,turnover20,20日平均换手率,换手率,0.15263163578503713,3407,3407
2021-03-04,turnoverStd20,20日换手率标准差,换手率,0.1410914130974418,3407,3407
2021-03-11,roe,ROE,盈利,0.004418253987181088,3254,3408
2021-03-11,grossMargin,毛利率,盈利,-0.00346818321483604,3257,3408
2021-03-11,ocfToRevenue,经营现金流/营收,现金流,-0.015499310830816104,3290,3408
2021-03-11,fcfToEv,自由现金流/企业价值,现金流,0.010300922266954511,3211,3408
2021-03-11,debtToAssets,资产负债率,质量,-0.016848510647235228,3290,3408
2021-03-11,receivablesTurnover,应收账款周转率,质量,0.0025047382719729527,2219,3408
2021-03-11,inventoryTurnover,存货周转率,质量,0.007539523809810959,2218,3408
2021-03-11,logMarketCap,总市值(对数),规模,-0.0971420406102222,3408,3408
2021-03-11,logRevenue,营业收入(对数),规模,-0.028575850683516573,3288,3408
2021-03-11,logAssets,总资产(对数),规模,-0.03827668072659101,3290,3408
2021-03-11,turnover,换手率,换手率,0.11128472933236898,3408,3408
2021-03-11,turnover20,20日平均换手率,换手率,0.0697230079025176,3408,3408
2021-03-11,turnoverStd20,20日换手率标准差,换手率,0.08494325774190944,3408,3408
2021-03-18,roe,ROE,盈利,0.023531605281928113,3257,3411
2021-03-18,grossMargin,毛利率,盈利,0.008845273703152351,3260,3411
2021-03-18,ocfToRevenue,经营现金流/营收,现金流,0.02171969809754011,3293,3411
2021-03-18,fcfToEv,自由现金流/企业价值,现金流,0.00943198941728074,3214,3411
2021-03-18,debtToAssets,资产负债率,质量,0.029279365348825068,3293,3411
2021-03-18,receivablesTurnover,应收账款周转率,质量,0.08673369589379881,2219,3411
2021-03-18,inventoryTurnover,存货周转率,质量,-0.10321314679897023,2218,3411
2021-03-18,logMarketCap,总市值(对数),规模,-0.12031689455488365,3411,3411
2021-03-18,logRevenue,营业收入(对数),规模,-0.08652266363767508,3291,3411
2021-03-18,logAssets,总资产(对数),规模,-0.08387418278115656,3293,3411
2021-03-18,turnover,换手率,换手率,0.16102122453622167,3411,3411
2021-03-18,turnover20,20日平均换手率,换手率,0.15764845324141538,3411,3411
2021-03-18,turnoverStd20,20日换手率标准差,换手率,0.15561646900685994,3411,3411
2021-03-25,roe,ROE,盈利,0.0348628753135734,3262,3416
2021-03-25,grossMargin,毛利率,盈利,0.001473553379546433,3265,3416
2021-03-25,ocfToRevenue,经营现金流/营收,现金流,-0.024914513378686366,3298,3416
2021-03-25,fcfToEv,自由现金流/企业价值,现金流,-0.0029718278417441876,3219,3416
2021-03-25,debtToAssets,资产负债率,质量,-0.03397414680176318,3298,3416
2021-03-25,receivablesTurnover,应收账款周转率,质量,-0.05422916048528135,2221,3416
2021-03-25,inventoryTurnover,存货周转率,质量,0.011552935737676032,2220,3416
2021-03-25,logMarketCap,总市值(对数),规模,0.2006606615214164,3416,3416
2021-03-25,logRevenue,营业收入(对数),规模,0.13540043512746375,3296,3416
2021-03-25,logAssets,总资产(对数),规模,0.13425516178051217,3298,3416
2021-03-25,turnover,换手率,换手率,0.02396127963265972,3416,3416
2021-03-25,turnover20,20日平均换手率,换手率,0.010551692792758733,3416,3416
2021-03-25,turnoverStd20,20日换手率标准差,换手率,0.008877149776311407,3416,3416
2021-04-01,roe,ROE,盈利,-0.023467056056068247,3263,3417
2021-04-01,grossMargin,毛利率,盈利,-0.008170939861280885,3266,3417
2021-04-01,ocfToRevenue,经营现金流/营收,现金流,0.009443106099940868,3299,3417
2021-04-01,fcfToEv,自由现金流/企业价值,现金流,0.004019309642492955,3219,3417
2021-04-01,debtToAssets,资产负债率,质量,-0.010180118200138833,3299,3417
2021-04-01,receivablesTurnover,应收账款周转率,质量,0.06676181068792776,2220,3417
2021-04-01,inventoryTurnover,存货周转率,质量,0.14164113879908322,2219,3417
2021-04-01,logMarketCap,总市值(对数),规模,-0.1819830891300825,3417,3417
2021-04-01,logRevenue,营业收入(对数),规模,-0.1187337487437206,3297,3417
2021-04-01,logAssets,总资产(对数),规模,-0.12252878597920551,3299,3417
2021-04-01,turnover,换手率,换手率,0.09808243686503844,3417,3417
2021-04-01,turnover20,20日平均换手率,换手率,0.03813137620122837,3417,3417
2021-04-01,turnoverStd20,20日换手率标准差,换手率,0.07669482411600675,3417,3417
2021-04-09,roe,ROE,盈利,-0.04586253554267726,3267,3421
2021-04-09,grossMargin,毛利率,盈利,-0.026823054684764668,3270,3421
2021-04-09,ocfToRevenue,经营现金流/营收,现金流,-0.03479706486205163,3303,3421
2021-04-09,fcfToEv,自由现金流/企业价值,现金流,-0.0019380155929470588,3223,3421
2021-04-09,debtToAssets,资产负债率,质量,-0.001066551454605919,3303,3421
2021-04-09,receivablesTurnover,应收账款周转率,质量,0.08317338078464781,2221,3421
2021-04-09,inventoryTurnover,存货周转率,质量,-0.019788292558959898,2220,3421
2021-04-09,logMarketCap,总市值(对数),规模,-0.191805503760709,3421,3421
2021-04-09,logRevenue,营业收入(对数),规模,-0.08057519629423557,3301,3421
2021-04-09,logAssets,总资产(对数),规模,-0.06516444711838985,3303,3421
2021-04-09,turnover,换手率,换手率,0.1842126791182176,3421,3421
2021-04-09,turnover20,20日平均换手率,换手率,0.17419128988069565,3421,3421
2021-04-09,turnoverStd20,20日换手率标准差,换手率,0.16727514846510702,3421,3421
2021-04-16,roe,ROE,盈利,0.040958197872891206,3267,3422
2021-04-16,grossMargin,毛利率,盈利,0.06528135370377934,3270,3422
2021-04-16,ocfToRevenue,经营现金流/营收,现金流,-0.03262478346258176,3303,3422
2021-04-16,fcfToEv,自由现金流/企业价值,现金流,-0.02416929218080576,3223,3422
2021-04-16,debtToAssets,资产负债率,质量,0.008404963562022928,3303,3422
2021-04-16,receivablesTurnover,应收账款周转率,质量,-0.05938271075263277,2219,3422
2021-04-16,inventoryTurnover,存货周转率,质量,0.06503146798562284,2218,3422
2021-04-16,logMarketCap,总市值(对数),规模,0.20819243961284956,3422,3422
2021-04-16,logRevenue,营业收入(对数),规模,0.0783160613716669,3301,3422
2021-04-16,logAssets,总资产(对数),规模,0.08025012219039873,3303,3422
2021-04-16,turnover,换手率,换手率,0.044741045474561654,3422,3422
2021-04-16,turnover20,20日平均换手率,换手率,-0.00039138011831817496,3422,3422
2021-04-16,turnoverStd20,20日换手率标准差,换手率,0.021288899942495974,3422,3422
2021-04-23,roe,ROE,盈利,-0.05731363770504674,3271,3423
2021-04-23,grossMargin,毛利率,盈利,0.046984491046923524,3274,3423
2021-04-23,ocfToRevenue,经营现金流/营收,现金流,-0.05606589247120111,3307,3423
2021-04-23,fcfToEv,自由现金流/企业价值,现金流,-0.00558176759764006,3228,3423
2021-04-23,debtToAssets,资产负债率,质量,0.005184840681465277,3307,3423
2021-04-23,receivablesTurnover,应收账款周转率,质量,-0.02802241101742955,2221,3423
2021-04-23,inventoryTurnover,存货周转率,质量,0.0467812035588447,2219,3423
2021-04-23,logMarketCap,总市值(对数),规模,0.13900920490005783,3423,3423
2021-04-23,logRevenue,营业收入(对数),规模,0.10538257034588892,3304,3423
2021-04-23,logAssets,总资产(对数),规模,0.12834272076313497,3307,3423
2021-04-23,turnover,换手率,换手率,0.08982190577426347,3423,3423
2021-04-23,turnover20,20日平均换手率,换手率,0.0878414726230367,3423,3423
2021-04-23,turnoverStd20,20日换手率标准差,换手率,0.06769659033490424,3423,3423
2021-04-30,roe,ROE,盈利,-0.07373322385109653,3266,3408
2021-04-30,grossMargin,毛利率,盈利,-0.0884618252249698,3268,3408
2021-04-30,ocfToRevenue,经营现金流/营收,现金流,0.059029223533198734,3302,3408
2021-04-30,fcfToEv,自由现金流/企业价值,现金流,-0.035371869680216994,3220,3408
2021-04-30,debtToAssets,资产负债率,质量,-0.05444762395602925,3302,3408
2021-04-30,receivablesTurnover,应收账款周转率,质量,0.03507174480458908,2212,3408
2021-04-30,inventoryTurnover,存货周转率,质量,-0.09337264852223004,2211,3408
2021-04-30,logMarketCap,总市值(对数),规模,-0.26476917916698245,3408,3408
2021-04-30,logRevenue,营业收入(对数),规模,-0.13254011397681065,3299,3408
2021-04-30,logAssets,总资产(对数),规模,-0.12419429998927833,3302,3408
2021-04-30,turnover,换手率,换手率,-0.10498713552394609,3408,3408
2021-04-30,turnover20,20日平均换手率,换手率,-0.07151478540544388,3408,3408
2021-04-30,turnoverStd20,20日换手率标准差,换手率,-0.07470662927093402,3408,3408
2021-05-12,roe,ROE,盈利,0.01939204749302589,3279,3429
2021-05-12,grossMargin,毛利率,盈利,0.06815314416772962,3281,3429
2021-05-12,ocfToRevenue,经营现金流/营收,现金流,-0.01954293614374115,3315,3429
2021-05-12,fcfToEv,自由现金流/企业价值,现金流,0.033470692130175506,3234,3429
2021-05-12,debtToAssets,资产负债率,质量,0.052482357233082956,3315,3429
2021-05-12,receivablesTurnover,应收账款周转率,质量,-0.017597725297995356,2222,3429
2021-05-12,inventoryTurnover,存货周转率,质量,-0.013011530311889844,2221,3429
2021-05-12,logMarketCap,总市值(对数),规模,0.12978578997448542,3429,3429
2021-05-12,logRevenue,营业收入(对数),规模,0.055662282700078336,3312,3429
2021-05-12,logAssets,总资产(对数),规模,0.06322032368571323,3315,3429
2021-05-12,turnover,换手率,换手率,0.015588372352605209,3429,3429
2021-05-12,turnover20,20日平均换手率,换手率,0.009290384991893053,3429,3429
2021-05-12,turnoverStd20,20日换手率标准差,换手率,0.016435353868378574,3429,3429
2021-05-19,roe,ROE,盈利,0.033735853912047434,3282,3429
2021-05-19,grossMargin,毛利率,盈利,0.0447482306022801,3284,3429
2021-05-19,ocfToRevenue,经营现金流/营收,现金流,0.07128140974042788,3318,3429
2021-05-19,fcfToEv,自由现金流/企业价值,现金流,0.0041451869977987,3237,3429
2021-05-19,debtToAssets,资产负债率,质量,0.04439498652634999,3318,3429
2021-05-19,receivablesTurnover,应收账款周转率,质量,0.011272057696799601,2221,3429
2021-05-19,inventoryTurnover,存货周转率,质量,-0.07770715343748245,2220,3429
2021-05-19,logMarketCap,总市值(对数),规模,-0.05476466601519331,3429,3429
2021-05-19,logRevenue,营业收入(对数),规模,-0.09099491842584892,3315,3429
2021-05-19,logAssets,总资产(对数),规模,-0.09017923699129202,3318,3429
2021-05-19,turnover,换手率,换手率,0.06448388468423888,3429,3429
2021-05-19,turnover20,20日平均换手率,换手率,0.009548281510551076,3429,3429
2021-05-19,turnoverStd20,20日换手率标准差,换手率,0.04331115011175509,3429,3429
2021-05-26,roe,ROE,盈利,0.03858067673689546,3292,3443
2021-05-26,grossMargin,毛利率,盈利,0.02887245241750396,3294,3443
2021-05-26,ocfToRevenue,经营现金流/营收,现金流,0.041802456257239266,3328,3443
2021-05-26,fcfToEv,自由现金流/企业价值,现金流,0.02287861454485787,3246,3443
2021-05-26,debtToAssets,资产负债率,质量,-0.009084394156994404,3328,3443
2021-05-26,receivablesTurnover,应收账款周转率,质量,0.03618578425407505,2226,3443
2021-05-26,inventoryTurnover,存货周转率,质量,0.02106019679127578,2225,3443
2021-05-26,logMarketCap,总市值(对数),规模,-0.12482188319526125,3443,3443
2021-05-26,logRevenue,营业收入(对数),规模,-0.0996214855796712,3325,3443
2021-05-26,logAssets,总资产(对数),规模,-0.10165661482342314,3328,3443
2021-05-26,turnover,换手率,换手率,0.029533575513085202,3443,3443
2021-05-26,turnover20,20日平均换手率,换手率,0.015301182755567152,3443,3443
2021-05-26,turnoverStd20,20日换手率标准差,换手率,0.040147643594830015,3443,3443
2021-06-02,roe,ROE,盈利,-0.0002814586022747999,3297,3447
2021-06-02,grossMargin,毛利率,盈利,-0.020242911319565012,3299,3447
2021-06-02,ocfToRevenue,经营现金流/营收,现金流,0.06878285239559438,3332,3447
2021-06-02,fcfToEv,自由现金流/企业价值,现金流,-0.014781455054308985,3251,3447
2021-06-02,debtToAssets,资产负债率,质量,-0.005495560666582682,3332,3447
2021-06-02,receivablesTurnover,应收账款周转率,质量,0.05504191209303454,2227,3447
2021-06-02,inventoryTurnover,存货周转率,质量,0.015949544900289797,2226,3447
2021-06-02,logMarketCap,总市值(对数),规模,-0.19205488490093175,3447,3447
2021-06-02,logRevenue,营业收入(对数),规模,-0.12110737683444849,3329,3447
2021-06-02,logAssets,总资产(对数),规模,-0.11976587092381775,3332,3447
2021-06-02,turnover,换手率,换手率,0.1408958376282771,3447,3447
2021-06-02,turnover20,20日平均换手率,换手率,0.11881385133269534,3447,3447
2021-06-02,turnoverStd20,20日换手率标准差,换手率,0.1253032900974868,3447,3447
2021-06-09,roe,ROE,盈利,0.019080666431795623,3300,3452
2021-06-09,grossMargin,毛利率,盈利,0.033911199194313305,3302,3452
2021-06-09,ocfToRevenue,经营现金流/营收,现金流,0.07863542045913174,3336,3452
2021-06-09,fcfToEv,自由现金流/企业价值,现金流,0.022770831906086277,3255,3452
2021-06-09,debtToAssets,资产负债率,质量,0.033978504603586646,3336,3452
2021-06-09,receivablesTurnover,应收账款周转率,质量,0.07699758128419386,2226,3452
2021-06-09,inventoryTurnover,存货周转率,质量,-0.07666688872380177,2225,3452
2021-06-09,logMarketCap,总市值(对数),规模,-0.028485136209340768,3452,3452
2021-06-09,logRevenue,营业收入(对数),规模,-0.04099907280003559,3333,3452
2021-06-09,logAssets,总资产(对数),规模,-0.03822903754006241,3336,3452
2021-06-09,turnover,换手率,换手率,0.10681940077337154,3452,3452
2021-06-09,turnover20,20日平均换手率,换手率,0.117026459378528,3452,3452
2021-06-09,turnoverStd20,20日换手率标准差,换手率,0.12380628304254494,3452,3452
2021-06-17,roe,ROE,盈利,0.011067336125393899,3299,3452
2021-06-17,grossMargin,毛利率,盈利,0.01894115178002456,3301,3452
2021-06-17,ocfToRevenue,经营现金流/营收,现金流,-0.03361886583884405,3336,3452
2021-06-17,fcfToEv,自由现金流/企业价值,现金流,-0.029360263751859444,3254,3452
2021-06-17,debtToAssets,资产负债率,质量,-0.05013346304611232,3336,3452
2021-06-17,receivablesTurnover,应收账款周转率,质量,0.0048905234334848,2225,3452
2021-06-17,inventoryTurnover,存货周转率,质量,0.0879094433515414,2224,3452
2021-06-17,logMarketCap,总市值(对数),规模,-0.03627488133517193,3452,3452
2021-06-17,logRevenue,营业收入(对数),规模,-0.013598602332145967,3333,3452
2021-06-17,logAssets,总资产(对数),规模,-0.006922486927629536,3336,3452
2021-06-17,turnover,换手率,换手率,0.049834104189059834,3452,3452
2021-06-17,turnover20,20日平均换手率,换手率,-0.006539862017595189,3452,3452
2021-06-17,turnoverStd20,20日换手率标准差,换手率,0.035733104017191465,3452,3452
2021-06-24,roe,ROE,盈利,0.060943523580623,3300,3452
2021-06-24,grossMargin,毛利率,盈利,0.06481030413782352,3302,3452
2021-06-24,ocfToRevenue,经营现金流/营收,现金流,-0.04554915292770421,3337,3452
2021-06-24,fcfToEv,自由现金流/企业价值,现金流,-0.014489185935713531,3255,3452
2021-06-24,debtToAssets,资产负债率,质量,0.04498925006345493,3337,3452
2021-06-24,receivablesTurnover,应收账款周转率,质量,-0.09234172195905876,2223,3452
2021-06-24,inventoryTurnover,存货周转率,质量,0.0435658330238915,2222,3452
2021-06-24,logMarketCap,总市值(对数),规模,0.13094178326046274,3452,3452
2021-06-24,logRevenue,营业收入(对数),规模,0.0955508205762464,3334,3452
2021-06-24,logAssets,总资产(对数),规模,0.10072843590069167,3337,3452
2021-06-24,turnover,换手率,换手率,0.07624443374948432,3452,3452
2021-06-24,turnover20,20日平均换手率,换手率,0.0662719403208508,3452,3452
2021-06-24,turnoverStd20,20日换手率标准差,换手率,0.06197030817120636,3452,3452
2021-07-01,roe,ROE,盈利,-0.023062507023348815,3309,3461
2021-07-01,grossMargin,毛利率,盈利,-0.03488962160964315,3311,3461
2021-07-01,ocfToRevenue,经营现金流/营收,现金流,0.04503911304503882,3346,3461
2021-07-01,fcfToEv,自由现金流/企业价值,现金流,0.010386960140849312,3264,3461
2021-07-01,debtToAssets,资产负债率,质量,-0.015525333490581798,3346,3461
2021-07-01,receivablesTurnover,应收账款周转率,质量,0.04679445293017671,2231,3461
2021-07-01,inventoryTurnover,存货周转率,质量,0.0446884057563752,2230,3461
2021-07-01,logMarketCap,总市值(对数),规模,-0.16198367334146385,3461,3461
2021-07-01,logRevenue,营业收入(对数),规模,-0.13938720390178003,3343,3461
2021-07-01,logAssets,总资产(对数),规模,-0.13341592054825605,3346,3461
2021-07-01,turnover,换手率,换手率,-0.061712264525264154,3461,3461
2021-07-01,turnover20,20日平均换手率,换手率,-0.10679684659079093,3461,3461
2021-07-01,turnoverStd20,20日换手率标准差,换手率,-0.058138365634532195,3461,3461
2021-07-08,roe,ROE,盈利,0.03453173553022221,3314,3467
2021-07-08,grossMargin,毛利率,盈利,0.0005475166667253816,3316,3467
2021-07-08,ocfToRevenue,经营现金流/营收,现金流,-0.016339293843835024,3351,3467
2021-07-08,fcfToEv,自由现金流/企业价值,现金流,-0.00812451007698592,3269,3467
2021-07-08,debtToAssets,资产负债率,质量,0.0029975027425054226,3351,3467
2021-07-08,receivablesTurnover,应收账款周转率,质量,-0.058609855852432655,2231,3467
2021-07-08,inventoryTurnover,存货周转率,质量,0.06179571006006874,2230,3467
2021-07-08,logMarketCap,总市值(对数),规模,0.0962717602859348,3467,3467
2021-07-08,logRevenue,营业收入(对数),规模,0.06659658607509944,3348,3467
2021-07-08,logAssets,总资产(对数),规模,0.09227042427288087,3351,3467
2021-07-08,turnover,换手率,换手率,-0.002688942019757431,3467,3467
2021-07-08,turnover20,20日平均换手率,换手率,-0.006261731744926527,3467,3467
2021-07-08,turnoverStd20,20日换手率标准差,换手率,-0.002397736571873249,3467,3467
2021-07-15,roe,ROE,盈利,-0.023634299237293065,3313,3466
2021-07-15,grossMargin,毛利率,盈利,-0.019790534278117094,3315,3466
2021-07-15,ocfToRevenue,经营现金流/营收,现金流,0.04036613312443808,3350,3466
2021-07-15,fcfToEv,自由现金流/企业价值,现金流,-0.016850086450354913,3268,3466
2021-07-15,debtToAssets,资产负债率,质量,-0.02070165602824337,3350,3466
2021-07-15,receivablesTurnover,应收账款周转率,质量,0.04657605210263965,2227,3466
2021-07-15,inventoryTurnover,存货周转率,质量,0.0729841168597624,2226,3466
2021-07-15,logMarketCap,总市值(对数),规模,-0.0904406912978253,3466,3466
2021-07-15,logRevenue,营业收入(对数),规模,-0.08362118253420318,3347,3466
2021-07-15,logAssets,总资产(对数),规模,-0.07611056999497559,3350,3466
2021-07-15,turnover,换手率,换手率,-0.06954169109994146,3466,3466
2021-07-15,turnover20,20日平均换手率,换手率,-0.0886285600781893,3466,3466
2021-07-15,turnoverStd20,20日换手率标准差,换手率,-0.07812196824623772,3466,3466
2021-07-22,roe,ROE,盈利,-0.02756108192395822,3317,3470
2021-07-22,grossMargin,毛利率,盈利,-0.005300573973890479,3319,3470
2021-07-22,ocfToRevenue,经营现金流/营收,现金流,-0.0317939066662437,3354,3470
2021-07-22,fcfToEv,自由现金流/企业价值,现金流,-0.02989145760042161,3272,3470
2021-07-22,debtToAssets,资产负债率,质量,-0.02190317320827441,3354,3470
2021-07-22,receivablesTurnover,应收账款周转率,质量,0.02592211367742838,2226,3470
2021-07-22,inventoryTurnover,存货周转率,质量,0.08216484528318391,2225,3470
2021-07-22,logMarketCap,总市值(对数),规模,0.028787679240818747,3470,3470
2021-07-22,logRevenue,营业收入(对数),规模,0.01805704154139778,3351,3470
2021-07-22,logAssets,总资产(对数),规模,0.03245600717157041,3354,3470
2021-07-22,turnover,换手率,换手率,0.116788042022936,3470,3470
2021-07-22,turnover20,20日平均换手率,换手率,0.14718712266308343,3470,3470
2021-07-22,turnoverStd20,20日换手率标准差,换手率,0.11573917058988004,3470,3470
2021-07-29,roe,ROE,盈利,-0.012191062782798126,3324,3476
2021-07-29,grossMargin,毛利率,盈利,0.026992844486158653,3326,3476
2021-07-29,ocfToRevenue,经营现金流/营收,现金流,-0.026438796722108644,3360,3476
2021-07-29,fcfToEv,自由现金流/企业价值,现金流,0.0020078950380362595,3279,3476
2021-07-29,debtToAssets,资产负债率,质量,0.017363235630220953,3360,3476
2021-07-29,receivablesTurnover,应收账款周转率,质量,0.027425225523832697,2226,3476
2021-07-29,inventoryTurnover,存货周转率,质量,0.0791842471604587,2225,3476
2021-07-29,logMarketCap,总市值(对数),规模,-0.021058635982626275,3476,3476
2021-07-29,logRevenue,营业收入(对数),规模,-0.04178234429422897,3357,3476
2021-07-29,logAssets,总资产(对数),规模,-0.03404917693134944,3360,3476
2021-07-29,turnover,换手率,换手率,0.1020362762019414,3476,3476
2021-07-29,turnover20,20日平均换手率,换手率,0.06283503520192199,3476,3476
2021-07-29,turnoverStd20,20日换手率标准差,换手率,0.08629859615708663,3476,3476
2021-08-05,roe,ROE,盈利,0.022019908286679966,3334,3489
2021-08-05,grossMargin,毛利率,盈利,-0.02396784371431047,3336,3489
2021-08-05,ocfToRevenue,经营现金流/营收,现金流,0.03246299996311305,3372,3489
2021-08-05,fcfToEv,自由现金流/企业价值,现金流,-0.0075253017857070835,3289,3489
2021-08-05,debtToAssets,资产负债率,质量,-0.03208449912697464,3372,3489
2021-08-05,receivablesTurnover,应收账款周转率,质量,0.02852804268161991,2228,3489
2021-08-05,inventoryTurnover,存货周转率,质量,0.04636502926256359,2227,3489
2021-08-05,logMarketCap,总市值(对数),规模,-0.12917036646686714,3489,3489
2021-08-05,logRevenue,营业收入(对数),规模,-0.049673092957135914,3369,3489
2021-08-05,logAssets,总资产(对数),规模,-0.05384294536514899,3372,3489
2021-08-05,turnover,换手率,换手率,0.024810526757742948,3489,3489
2021-08-05,turnover20,20日平均换手率,换手率,-0.02260918294730124,3489,3489
2021-08-05,turnoverStd20,20日换手率标准差,换手率,-0.000814969956935043,3489,3489
2021-08-12,roe,ROE,盈利,0.007673371876437915,3340,3494
2021-08-12,grossMargin,毛利率,盈利,-0.033312640040068474,3342,3494
2021-08-12,ocfToRevenue,经营现金流/营收,现金流,0.025249961452995233,3378,3494
2021-08-12,fcfToEv,自由现金流/企业价值,现金流,-0.03389652048020406,3295,3494
2021-08-12,debtToAssets,资产负债率,质量,-0.00321554350117709,3378,3494
2021-08-12,receivablesTurnover,应收账款周转率,质量,0.008135887609639372,2230,3494
2021-08-12,inventoryTurnover,存货周转率,质量,-0.09604632291685321,2229,3494
2021-08-12,logMarketCap,总市值(对数),规模,-0.0648353046257425,3494,3494
2021-08-12,logRevenue,营业收入(对数),规模,0.002387059922755135,3375,3494
2021-08-12,logAssets,总资产(对数),规模,0.022489222013704287,3378,3494
2021-08-12,turnover,换手率,换手率,0.14342734746043986,3494,3494
2021-08-12,turnover20,20日平均换手率,换手率,0.17811299470737352,3494,3494
2021-08-12,turnoverStd20,20日换手率标准差,换手率,0.16495571710039278,3494,3494
2021-08-19,roe,ROE,盈利,-0.004272910161085514,3345,3501
2021-08-19,grossMargin,毛利率,盈利,-0.030841439655187017,3347,3501
2021-08-19,ocfToRevenue,经营现金流/营收,现金流,0.019500767132313242,3383,3501
2021-08-19,fcfToEv,自由现金流/企业价值,现金流,-0.018239679438775164,3299,3501
2021-08-19,debtToAssets,资产负债率,质量,-0.05405463655391615,3383,3501
2021-08-19,receivablesTurnover,应收账款周转率,质量,-0.017151399236706617,2230,3501
2021-08-19,inventoryTurnover,存货周转率,质量,-0.020946365289473613,2229,3501
2021-08-19,logMarketCap,总市值(对数),规模,-0.10712850515982239,3501,3501
2021-08-19,logRevenue,营业收入(对数),规模,-0.06121655432725688,3380,3501
2021-08-19,logAssets,总资产(对数),规模,-0.044734145604553285,3383,3501
2021-08-19,turnover,换手率,换手率,0.12101213696990398,3501,3501
2021-08-19,turnover20,20日平均换手率,换手率,0.0917022499193019,3501,3501
2021-08-19,turnoverStd20,20日换手率标准差,换手率,0.10816216556711222,3501,3501
2021-08-26,roe,ROE,盈利,-0.05225998270737551,3369,3525
2021-08-26,grossMargin,毛利率,盈利,-0.0908616959854995,3371,3525
2021-08-26,ocfToRevenue,经营现金流/营收,现金流,-0.012899510324990293,3407,3525
2021-08-26,fcfToEv,自由现金流/企业价值,现金流,-0.025910280433077446,3323,3525
2021-08-26,debtToAssets,资产负债率,质量,-0.09500483792098033,3407,3525
2021-08-26,receivablesTurnover,应收账款周转率,质量,-0.07479950084914291,2231,3525
2021-08-26,inventoryTurnover,存货周转率,质量,-0.11122066841828253,2231,3525
2021-08-26,logMarketCap,总市值(对数),规模,0.07420283853194992,3525,3525
2021-08-26,logRevenue,营业收入(对数),规模,0.1504729238536602,3405,3525
2021-08-26,logAssets,总资产(对数),规模,0.1829037944272293,3407,3525
2021-08-26,turnover,换手率,换手率,0.04075134009872517,3525,3525
2021-08-26,turnover20,20日平均换手率,换手率,0.07355704327379775,3525,3525
2021-08-26,turnoverStd20,20日换手率标准差,换手率,0.05123484672227539,3525,3525
2021-09-02,roe,ROE,盈利,-0.03976966464299746,3371,3525
2021-09-02,grossMargin,毛利率,盈利,-0.06164498232461666,3373,3525
2021-09-02,ocfToRevenue,经营现金流/营收,现金流,0.016804073172060844,3409,3525
2021-09-02,fcfToEv,自由现金流/企业价值,现金流,-0.0015524714533015312,3325,3525
2021-09-02,debtToAssets,资产负债率,质量,-0.023217298785111834,3409,3525
2021-09-02,receivablesTurnover,应收账款周转率,质量,-0.023172427494229052,2232,3525
2021-09-02,inventoryTurnover,存货周转率,质量,-0.05770380756885171,2232,3525
2021-09-02,logMarketCap,总市值(对数),规模,-0.07534964939240575,3525,3525
2021-09-02,logRevenue,营业收入(对数),规模,0.04998837440843626,3408,3525
2021-09-02,logAssets,总资产(对数),规模,0.04795281015124371,3409,3525
2021-09-02,turnover,换手率,换手率,0.09045201569810686,3525,3525
2021-09-02,turnover20,20日平均换手率,换手率,0.08860907643086365,3525,3525
2021-09-02,turnoverStd20,20日换手率标准差,换手率,0.09780203300106871,3525,3525
2021-09-09,roe,ROE,盈利,-0.046144020935233884,3378,3532
2021-09-09,grossMargin,毛利率,盈利,-0.02011051136429875,3380,3532
2021-09-09,ocfToRevenue,经营现金流/营收,现金流,-0.0025589323445755147,3416,3532
2021-09-09,fcfToEv,自由现金流/企业价值,现金流,-0.008503028394662665,3332,3532
2021-09-09,debtToAssets,资产负债率,质量,0.010501608548414055,3416,3532
2021-09-09,receivablesTurnover,应收账款周转率,质量,0.014323842178971662,2232,3532
2021-09-09,inventoryTurnover,存货周转率,质量,0.011226738776465687,2232,3532
2021-09-09,logMarketCap,总市值(对数),规模,-0.12491640801025643,3532,3532
2021-09-09,logRevenue,营业收入(对数),规模,-0.06389868336883464,3415,3532
2021-09-09,logAssets,总资产(对数),规模,-0.06216894048031099,3416,3532
2021-09-09,turnover,换手率,换手率,0.08305295346135551,3532,3532
2021-09-09,turnover20,20日平均换手率,换手率,0.09083845417903727,3532,3532
2021-09-09,turnoverStd20,20日换手率标准差,换手率,0.08041983137205674,3532,3532
2021-09-16,roe,ROE,盈利,0.029246661665797466,3388,3541
2021-09-16,grossMargin,毛利率,盈利,0.04665199799527768,3390,3541
2021-09-16,ocfToRevenue,经营现金流/营收,现金流,0.006218946038384155,3426,3541
2021-09-16,fcfToEv,自由现金流/企业价值,现金流,-0.027800918865287794,3342,3541
2021-09-16,debtToAssets,资产负债率,质量,0.020251730737324978,3426,3541
2021-09-16,receivablesTurnover,应收账款周转率,质量,-0.0121547589508474,2231,3541
2021-09-16,inventoryTurnover,存货周转率,质量,-0.08951191740765815,2231,3541
2021-09-16,logMarketCap,总市值(对数),规模,0.16055822624966823,3541,3541
2021-09-16,logRevenue,营业收入(对数),规模,0.11730533658372005,3425,3541
2021-09-16,logAssets,总资产(对数),规模,0.1292200167750127,3426,3541
2021-09-16,turnover,换手率,换手率,0.11604159682120326,3541,3541
2021-09-16,turnover20,20日平均换手率,换手率,0.1294514181752324,3541,3541
2021-09-16,turnoverStd20,20日换手率标准差,换手率,0.09453069892411006,3541,3541
2021-09-27,roe,ROE,盈利,-0.02830183489106657,3399,3552
2021-09-27,grossMargin,毛利率,盈利,0.0017031560079012148,3401,3552
2021-09-27,ocfToRevenue,经营现金流/营收,现金流,0.0321329732650218,3437,3552
2021-09-27,fcfToEv,自由现金流/企业价值,现金流,-0.018650095549630017,3353,3552
2021-09-27,debtToAssets,资产负债率,质量,-0.005510967841505204,3437,3552
2021-09-27,receivablesTurnover,应收账款周转率,质量,0.1456236874755049,2224,3552
2021-09-27,inventoryTurnover,存货周转率,质量,-0.11077626579918094,2224,3552
2021-09-27,logMarketCap,总市值(对数),规模,-0.2674189633941841,3552,3552
2021-09-27,logRevenue,营业收入(对数),规模,-0.13853668833268437,3436,3552
2021-09-27,logAssets,总资产(对数),规模,-0.1591896601120039,3437,3552
2021-09-27,turnover,换手率,换手率,0.1584249774846534,3552,3552
2021-09-27,turnover20,20日平均换手率,换手率,0.1587488393085434,3552,3552
2021-09-27,turnoverStd20,20日换手率标准差,换手率,0.15966458929406488,3552,3552
2021-10-11,roe,ROE,盈利,0.04441708363981472,3414,3565
2021-10-11,grossMargin,毛利率,盈利,0.01387318716499781,3416,3565
2021-10-11,ocfToRevenue,经营现金流/营收,现金流,-0.0012243566202781587,3452,3565
2021-10-11,fcfToEv,自由现金流/企业价值,现金流,-0.007134982566464119,3368,3565
2021-10-11,debtToAssets,资产负债率,质量,0.014584537226577184,3452,3565
2021-10-11,receivablesTurnover,应收账款周转率,质量,0.006712456202813561,2231,3565
2021-10-11,inventoryTurnover,存货周转率,质量,0.06746346814023384,2231,3565
2021-10-11,logMarketCap,总市值(对数),规模,0.013286170873671616,3565,3565
2021-10-11,logRevenue,营业收入(对数),规模,-0.062079093042327005,3451,3565
2021-10-11,logAssets,总资产(对数),规模,-0.046860274574003824,3452,3565
2021-10-11,turnover,换手率,换手率,0.023400922652618873,3565,3565
2021-10-11,turnover20,20日平均换手率,换手率,0.02818975347215331,3565,3565
2021-10-11,turnoverStd20,20日换手率标准差,换手率,0.03923914450680579,3565,3565
2021-10-18,roe,ROE,盈利,0.049974800860695966,3423,3576
2021-10-18,grossMargin,毛利率,盈利,0.02582962681691689,3425,3576
2021-10-18,ocfToRevenue,经营现金流/营收,现金流,-0.029295024190819297,3461,3576
2021-10-18,fcfToEv,自由现金流/企业价值,现金流,-0.0017774629790772531,3377,3576
2021-10-18,debtToAssets,资产负债率,质量,-0.007981539376238763,3461,3576
2021-10-18,receivablesTurnover,应收账款周转率,质量,-0.09726230189110346,2234,3576
2021-10-18,inventoryTurnover,存货周转率,质量,0.10117914329289857,2234,3576
2021-10-18,logMarketCap,总市值(对数),规模,0.24881378944021834,3576,3576
2021-10-18,logRevenue,营业收入(对数),规模,0.1477626072625617,3460,3576
2021-10-18,logAssets,总资产(对数),规模,0.1447515441725528,3461,3576
2021-10-18,turnover,换手率,换手率,-0.07898638711674713,3576,3576
2021-10-18,turnover20,20日平均换手率,换手率,-0.09039313773484806,3576,3576
2021-10-18,turnoverStd20,20日换手率标准差,换手率,-0.08936904910650155,3576,3576
2021-10-25,roe,ROE,盈利,-0.013070205433579054,3423,3576
2021-10-25,grossMargin,毛利率,盈利,0.026703244478819863,3425,3576
2021-10-25,ocfToRevenue,经营现金流/营收,现金流,0.015291250203738874,3461,3576
2021-10-25,fcfToEv,自由现金流/企业价值,现金流,0.03870648112828969,3377,3576
2021-10-25,debtToAssets,资产负债率,质量,0.0037430865859868602,3461,3576
2021-10-25,receivablesTurnover,应收账款周转率,质量,-0.013848941104813625,2232,3576
2021-10-25,inventoryTurnover,存货周转率,质量,0.0390597461308379,2232,3576
2021-10-25,logMarketCap,总市值(对数),规模,0.02483119313771659,3576,3576
2021-10-25,logRevenue,营业收入(对数),规模,0.004938233099114761,3460,3576
2021-10-25,logAssets,总资产(对数),规模,-0.0035725879712133687,3461,3576
2021-10-25,turnover,换手率,换手率,0.015429165843442463,3576,3576
2021-10-25,turnover20,20日平均换手率,换手率,0.05215827267935839,3576,3576
2021-10-25,turnoverStd20,20日换手率标准差,换手率,0.044386022421983515,3576,3576
2021-11-01,roe,ROE,盈利,-0.0051435718551725565,3433,3586
2021-11-01,grossMargin,毛利率,盈利,0.06540038355057769,3435,3586
2021-11-01,ocfToRevenue,经营现金流/营收,现金流,0.004681127305064071,3472,3586
2021-11-01,fcfToEv,自由现金流/企业价值,现金流,0.0027536275116503196,3387,3586
2021-11-01,debtToAssets,资产负债率,质量,0.048521894001484135,3472,3586
2021-11-01,receivablesTurnover,应收账款周转率,质量,0.1322840770753321,2234,3586
2021-11-01,inventoryTurnover,存货周转率,质量,0.02210115025926997,2234,3586
2021-11-01,logMarketCap,总市值(对数),规模,-0.10395583187660955,3586,3586
2021-11-01,logRevenue,营业收入(对数),规模,-0.09288480640942967,3471,3586
2021-11-01,logAssets,总资产(对数),规模,-0.10783413711634642,3472,3586
2021-11-01,turnover,换手率,换手率,0.09613867353468127,3586,3586
2021-11-01,turnover20,20日平均换手率,换手率,0.11989485730597249,3586,3586
2021-11-01,turnoverStd20,20日换手率标准差,换手率,0.11468605188226048,3586,3586
2021-11-08,roe,ROE,盈利,0.029835220547293307,3438,3592
2021-11-08,grossMargin,毛利率,盈利,0.05015086878719968,3440,3592
2021-11-08,ocfToRevenue,经营现金流/营收,现金流,0.03182269036774785,3478,3592
2021-11-08,fcfToEv,自由现金流/企业价值,现金流,0.018696540311435843,3392,3592
2021-11-08,debtToAssets,资产负债率,质量,0.030117799931381382,3478,3592
2021-11-08,receivablesTurnover,应收账款周转率,质量,0.17664101794294126,2235,3592
2021-11-08,inventoryTurnover,存货周转率,质量,0.031661914238006544,2235,3592
2021-11-08,logMarketCap,总市值(对数),规模,-0.21916499637975095,3592,3592
2021-11-08,logRevenue,营业收入(对数),规模,-0.1746777762555133,3477,3592
2021-11-08,logAssets,总资产(对数),规模,-0.1939377401886594,3478,3592
2021-11-08,turnover,换手率,换手率,0.08944586250485534,3592,3592
2021-11-08,turnover20,20日平均换手率,换手率,0.059369986152408155,3592,3592
2021-11-08,turnoverStd20,20日换手率标准差,换手率,0.07790308689350181,3592,3592
2021-11-15,roe,ROE,盈利,0.029137891005957824,3436,3590
2021-11-15,grossMargin,毛利率,盈利,-0.008663013518656212,3438,3590
2021-11-15,ocfToRevenue,经营现金流/营收,现金流,0.0021831812899167718,3476,3590
2021-11-15,fcfToEv,自由现金流/企业价值,现金流,0.0020329834034546806,3390,3590
2021-11-15,debtToAssets,资产负债率,质量,-0.008525003960643042,3476,3590
2021-11-15,receivablesTurnover,应收账款周转率,质量,-0.0077761614531202975,2232,3590
2021-11-15,inventoryTurnover,存货周转率,质量,0.10809788925949529,2232,3590
2021-11-15,logMarketCap,总市值(对数),规模,0.02517430191163194,3590,3590
2021-11-15,logRevenue,营业收入(对数),规模,-0.015172315513771366,3475,3590
2021-11-15,logAssets,总资产(对数),规模,-0.013279044978151551,3476,3590
2021-11-15,turnover,换手率,换手率,0.0020830668375201636,3590,3590
2021-11-15,turnover20,20日平均换手率,换手率,-0.005234792478669269,3590,3590
2021-11-15,turnoverStd20,20日换手率标准差,换手率,0.025479014282839926,3590,3590
2021-11-22,roe,ROE,盈利,0.04042829902796506,3441,3595
2021-11-22,grossMargin,毛利率,盈利,0.02681627835517767,3443,3595
2021-11-22,ocfToRevenue,经营现金流/营收,现金流,0.012939620319996828,3481,3595
2021-11-22,fcfToEv,自由现金流/企业价值,现金流,0.013807051980984659,3395,3595
2021-11-22,debtToAssets,资产负债率,质量,0.03769458521709352,3481,3595
2021-11-22,receivablesTurnover,应收账款周转率,质量,-0.007228801088305351,2234,3595
2021-11-22,inventoryTurnover,存货周转率,质量,0.017027798473305846,2234,3595
2021-11-22,logMarketCap,总市值(对数),规模,-0.08229731545230971,3595,3595
2021-11-22,logRevenue,营业收入(对数),规模,-0.0635943611756582,3480,3595
2021-11-22,logAssets,总资产(对数),规模,-0.08085134501453195,3481,3595
2021-11-22,turnover,换手率,换手率,-0.010296841172337637,3595,3595
2021-11-22,turnover20,20日平均换手率,换手率,-0.005770808591831716,3595,3595
2021-11-22,turnoverStd20,20日换手率标准差,换手率,-0.0026754581712893108,3595,3595
2021-11-29,roe,ROE,盈利,-0.08887862547788543,3444,3598
2021-11-29,grossMargin,毛利率,盈利,-0.07778747344773997,3446,3598
2021-11-29,ocfToRevenue,经营现金流/营收,现金流,-0.021207453590373918,3484,3598
2021-11-29,fcfToEv,自由现金流/企业价值,现金流,-0.014409472811286043,3399,3598
2021-11-29,debtToAssets,资产负债率,质量,-0.09659719782333102,3484,3598
2021-11-29,receivablesTurnover,应收账款周转率,质量,-0.0035809205882990245,2232,3598
2021-11-29,inventoryTurnover,存货周转率,质量,-0.05734249754334533,2232,3598
2021-11-29,logMarketCap,总市值(对数),规模,-0.0636474963482573,3598,3598
2021-11-29,logRevenue,营业收入(对数),规模,0.09695005300966798,3483,3598
2021-11-29,logAssets,总资产(对数),规模,0.111042294483404,3484,3598
2021-11-29,turnover,换手率,换手率,0.20421943538526954,3598,3598
2021-11-29,turnover20,20日平均换手率,换手率,0.21715962149892862,3598,3598
2021-11-29,turnoverStd20,20日换手率标准差,换手率,0.21948733060034492,3598,3598
2021-12-06,roe,ROE,盈利,0.08007718095021048,3453,3607
2021-12-06,grossMargin,毛利率,盈利,0.058164639063903366,3455,3607
2021-12-06,ocfToRevenue,经营现金流/营收,现金流,0.0510899970743255,3493,3607
2021-12-06,fcfToEv,自由现金流/企业价值,现金流,0.02742882949101238,3407,3607
2021-12-06,debtToAssets,资产负债率,质量,0.038867961010743836,3493,3607
2021-12-06,receivablesTurnover,应收账款周转率,质量,-0.0141620736004552,2232,3607
2021-12-06,inventoryTurnover,存货周转率,质量,-0.03844767635999337,2232,3607
2021-12-06,logMarketCap,总市值(对数),规模,0.042509257428863946,3607,3607
2021-12-06,logRevenue,营业收入(对数),规模,0.03937222248222414,3492,3607
2021-12-06,logAssets,总资产(对数),规模,0.025293761426476945,3493,3607
2021-12-06,turnover,换手率,换手率,0.06547554401019152,3607,3607
2021-12-06,turnover20,20日平均换手率,换手率,0.03285498822594181,3607,3607
2021-12-06,turnoverStd20,20日换手率标准差,换手率,0.0320994379646118,3607,3607
2021-12-13,roe,ROE,盈利,-0.07856494673129867,3459,3614
2021-12-13,grossMargin,毛利率,盈利,-0.06273642007418855,3461,3614
2021-12-13,ocfToRevenue,经营现金流/营收,现金流,0.0013061117253965505,3499,3614
2021-12-13,fcfToEv,自由现金流/企业价值,现金流,-0.029660039159803135,3413,3614
2021-12-13,debtToAssets,资产负债率,质量,-0.004510405219188422,3499,3614
2021-12-13,receivablesTurnover,应收账款周转率,质量,0.1114951965127669,2233,3614
2021-12-13,inventoryTurnover,存货周转率,质量,-0.12299049295119072,2233,3614
2021-12-13,logMarketCap,总市值(对数),规模,-0.2972772383380476,3614,3614
2021-12-13,logRevenue,营业收入(对数),规模,-0.1038588364442631,3498,3614
2021-12-13,logAssets,总资产(对数),规模,-0.12140834731723604,3499,3614
2021-12-13,turnover,换手率,换手率,0.16513445258379741,3614,3614
2021-12-13,turnover20,20日平均换手率,换手率,0.1977144764626069,3614,3614
2021-12-13,turnoverStd20,20日换手率标准差,换手率,0.1891073682652122,3614,3614
2021-12-20,roe,ROE,盈利,0.024533915947381822,3462,3615
2021-12-20,grossMargin,毛利率,盈利,-0.0005987368640507966,3464,3615
2021-12-20,ocfToRevenue,经营现金流/营收,现金流,-0.020331909484098114,3502,3615
2021-12-20,fcfToEv,自由现金流/企业价值,现金流,-0.007721398853894895,3417,3615
2021-12-20,debtToAssets,资产负债率,质量,-0.031166672018447254,3502,3615
2021-12-20,receivablesTurnover,应收账款周转率,质量,-0.02829310356820959,2233,3615
2021-12-20,inventoryTurnover,存货周转率,质量,0.03405975179184216,2233,3615
2021-12-20,logMarketCap,总市值(对数),规模,0.12717201952345922,3615,3615
2021-12-20,logRevenue,营业收入(对数),规模,0.1816112869589266,3501,3615
2021-12-20,logAssets,总资产(对数),规模,0.1753874058265662,3502,3615
2021-12-20,turnover,换手率,换手率,0.1296478138430317,3615,3615
2021-12-20,turnover20,20日平均换手率,换手率,0.12692685163908543,3615,3615
2021-12-20,turnoverStd20,20日换手率标准差,换手率,0.14904611704137227,3615,3615
2021-12-27,roe,ROE,盈利,0.009884317932245748,3477,3630
2021-12-27,grossMargin,毛利率,盈利,0.008014741860681034,3479,3630
2021-12-27,ocfToRevenue,经营现金流/营收,现金流,-0.0007805545727610128,3517,3630
2021-12-27,fcfToEv,自由现金流/企业价值,现金流,-0.006858709044762539,3431,3630
2021-12-27,debtToAssets,资产负债率,质量,0.03934997818143499,3517,3630
2021-12-27,receivablesTurnover,应收账款周转率,质量,0.13462845402937135,2234,3630
2021-12-27,inventoryTurnover,存货周转率,质量,-0.039138093416786694,2234,3630
2021-12-27,logMarketCap,总市值(对数),规模,-0.23455732439044868,3630,3630
2021-12-27,logRevenue,营业收入(对数),规模,-0.13962249164652585,3516,3630
2021-12-27,logAssets,总资产(对数),规模,-0.15613753425622556,3517,3630
2021-12-27,turnover,换手率,换手率,0.16864696204595572,3630,3630
2021-12-27,turnover20,20日平均换手率,换手率,0.12008087325613723,3630,3630
2021-12-27,turnoverStd20,20日换手率标准差,换手率,0.1441174679569475,3630,3630
2022-01-04,roe,ROE,盈利,0.02209946645292775,3481,3634
2022-01-04,grossMargin,毛利率,盈利,-0.014999687047203399,3483,3634
2022-01-04,ocfToRevenue,经营现金流/营收,现金流,0.01875182701471209,3521,3634
2022-01-04,fcfToEv,自由现金流/企业价值,现金流,0.014842538421456152,3435,3634
2022-01-04,debtToAssets,资产负债率,质量,-0.04246841656901756,3521,3634
2022-01-04,receivablesTurnover,应收账款周转率,质量,0.03647597382803519,2233,3634
2022-01-04,inventoryTurnover,存货周转率,质量,-0.02938535917817113,2233,3634
2022-01-04,logMarketCap,总市值(对数),规模,-0.15110160941467926,3634,3634
2022-01-04,logRevenue,营业收入(对数),规模,0.02745069147087927,3520,3634
2022-01-04,logAssets,总资产(对数),规模,0.003110838254903224,3521,3634
2022-01-04,turnover,换手率,换手率,0.16157038393146406,3634,3634
2022-01-04,turnover20,20日平均换手率,换手率,0.19483791738713052,3634,3634
2022-01-04,turnoverStd20,20日换手率标准差,换手率,0.18011982642390445,3634,3634
2022-01-11,roe,ROE,盈利,0.004500178455592241,3489,3641
2022-01-11,grossMargin,毛利率,盈利,-0.002511307138709526,3491,3641
2022-01-11,ocfToRevenue,经营现金流/营收,现金流,0.04602962204169028,3528,3641
2022-01-11,fcfToEv,自由现金流/企业价值,现金流,-0.030448156741180264,3443,3641
2022-01-11,debtToAssets,资产负债率,质量,0.005774786067220078,3528,3641
2022-01-11,receivablesTurnover,应收账款周转率,质量,-0.03272064126040746,2234,3641
2022-01-11,inventoryTurnover,存货周转率,质量,-0.03212069843408314,2234,3641
2022-01-11,logMarketCap,总市值(对数),规模,0.10222674178481689,3641,3641
2022-01-11,logRevenue,营业收入(对数),规模,0.031479604961592106,3527,3641
2022-01-11,logAssets,总资产(对数),规模,0.04953612883460291,3528,3641
2022-01-11,turnover,换手率,换手率,-0.006984407344880703,3641,3641
2022-01-11,turnover20,20日平均换手率,换手率,0.006443096353275449,3641,3641
2022-01-11,turnoverStd20,20日换手率标准差,换手率,0.0108213662112004,3641,3641
2022-01-18,roe,ROE,盈利,0.045827629596662194,3487,3640
2022-01-18,grossMargin,毛利率,盈利,-0.010573026275928057,3489,3640
2022-01-18,ocfToRevenue,经营现金流/营收,现金流,0.0434544741359888,3527,3640
2022-01-18,fcfToEv,自由现金流/企业价值,现金流,-0.021937721872168383,3441,3640
2022-01-18,debtToAssets,资产负债率,质量,-0.03323186015797973,3527,3640
2022-01-18,receivablesTurnover,应收账款周转率,质量,-0.07965714126659867,2232,3640
2022-01-18,inventoryTurnover,存货周转率,质量,-0.07748800697708066,2232,3640
2022-01-18,logMarketCap,总市值(对数),规模,0.11638871203770856,3640,3640
2022-01-18,logRevenue,营业收入(对数),规模,0.10332471555426437,3526,3640
2022-01-18,logAssets,总资产(对数),规模,0.11424295859464315,3527,3640
2022-01-18,turnover,换手率,换手率,0.10032373482911414,3640,3640
2022-01-18,turnover20,20日平均换手率,换手率,0.140634057946071,3640,3640
2022-01-18,turnoverStd20,20日换手率标准差,换手率,0.10546597096751624,3640,3640
2022-01-25,roe,ROE,盈利,-0.02319299434536723,3494,3647
2022-01-25,grossMargin,毛利率,盈利,-0.04931194819789524,3496,3647
2022-01-25,ocfToRevenue,经营现金流/营收,现金流,-0.02092370673218211,3534,3647
2022-01-25,fcfToEv,自由现金流/企业价值,现金流,0.02593961615760677,3448,3647
2022-01-25,debtToAssets,资产负债率,质量,-0.02741253606941296,3534,3647
2022-01-25,receivablesTurnover,应收账款周转率,质量,0.07746338798459654,2230,3647
2022-01-25,inventoryTurnover,存货周转率,质量,-0.06693773608358766,2230,3647
2022-01-25,logMarketCap,总市值(对数),规模,-0.23597406013140623,3647,3647
2022-01-25,logRevenue,营业收入(对数),规模,-0.07509355119869185,3533,3647
2022-01-25,logAssets,总资产(对数),规模,-0.0862051825030654,3534,3647
2022-01-25,turnover,换手率,换手率,0.0727927512304479,3647,3647
2022-01-25,turnover20,20日平均换手率,换手率,0.09346840311346342,3647,3647
2022-01-25,turnoverStd20,20日换手率标准差,换手率,0.09708470937197342,3647,3647
2022-02-08,roe,ROE,盈利,-0.016489745011997004,3510,3664
2022-02-08,grossMargin,毛利率,盈利,-0.0024846506711667616,3512,3664
2022-02-08,ocfToRevenue,经营现金流/营收,现金流,-0.013832327525443769,3551,3664
2022-02-08,fcfToEv,自由现金流/企业价值,现金流,-0.019447588818109485,3464,3664
2022-02-08,debtToAssets,资产负债率,质量,-0.01676051932046312,3551,3664
2022-02-08,receivablesTurnover,应收账款周转率,质量,-0.03981191395845129,2235,3664
2022-02-08,inventoryTurnover,存货周转率,质量,-0.028775448170816145,2235,3664
2022-02-08,logMarketCap,总市值(对数),规模,0.06861087812144198,3664,3664
2022-02-08,logRevenue,营业收入(对数),规模,0.05302657888744951,3550,3664
2022-02-08,logAssets,总资产(对数),规模,0.061620125774394595,3551,3664
2022-02-08,turnover,换手率,换手率,-0.04079664906161818,3664,3664
2022-02-08,turnover20,20日平均换手率,换手率,0.005265443478668646,3664,3664
2022-02-08,turnoverStd20,20日换手率标准差,换手率,-0.0055161704077802765,3664,3664
2022-02-15,roe,ROE,盈利,-0.03489761502097354,3520,3675
2022-02-15,grossMargin,毛利率,盈利,-0.041372731924115225,3522,3675
2022-02-15,ocfToRevenue,经营现金流/营收,现金流,0.04170586232306469,3561,3675
2022-02-15,fcfToEv,自由现金流/企业价值,现金流,-0.004047313237504082,3473,3675
2022-02-15,debtToAssets,资产负债率,质量,-0.02824840206244322,3561,3675
2022-02-15,receivablesTurnover,应收账款周转率,质量,0.03843097427420371,2235,3675
2022-02-15,inventoryTurnover,存货周转率,质量,-0.008917306889679108,2235,3675
2022-02-15,logMarketCap,总市值(对数),规模,-0.21692010618091967,3675,3675
2022-02-15,logRevenue,营业收入(对数),规模,-0.13765794824059036,3560,3675
2022-02-15,logAssets,总资产(对数),规模,-0.13872905587482212,3561,3675
2022-02-15,turnover,换手率,换手率,0.09931355710366871,3675,3675
2022-02-15,turnover20,20日平均换手率,换手率,0.03348723311805703,3675,3675
2022-02-15,turnoverStd20,20日换手率标准差,换手率,0.06892462497739527,3675,3675
2022-02-22,roe,ROE,盈利,0.06040566390207718,3519,3674
2022-02-22,grossMargin,毛利率,盈利,0.010747888904651932,3521,3674
2022-02-22,ocfToRevenue,经营现金流/营收,现金流,-0.01857618449717798,3560,3674
2022-02-22,fcfToEv,自由现金流/企业价值,现金流,-0.02576745503025633,3472,3674
2022-02-22,debtToAssets,资产负债率,质量,0.03331952467773981,3560,3674
2022-02-22,receivablesTurnover,应收账款周转率,质量,0.014228215146152063,2234,3674
2022-02-22,inventoryTurnover,存货周转率,质量,0.13229778581844429,2234,3674
2022-02-22,logMarketCap,总市值(对数),规模,-0.027418561716330184,3674,3674
2022-02-22,logRevenue,营业收入(对数),规模,-0.07706422121052979,3559,3674
2022-02-22,logAssets,总资产(对数),规模,-0.07654367960891426,3560,3674
2022-02-22,turnover,换手率,换手率,0.036426749419661626,3674,3674
2022-02-22,turnover20,20日平均换手率,换手率,-0.0023420482700084845,3674,3674
2022-02-22,turnoverStd20,20日换手率标准差,换手率,0.02009250329091517,3674,3674
2022-03-01,roe,ROE,盈利,-0.09810212285540797,3528,3682
2022-03-01,grossMargin,毛利率,盈利,-0.09718815191277201,3530,3682
2022-03-01,ocfToRevenue,经营现金流/营收,现金流,0.006174113092533108,3569,3682
2022-03-01,fcfToEv,自由现金流/企业价值,现金流,-0.01881739967565834,3480,3682
2022-03-01,debtToAssets,资产负债率,质量,-0.08188699474935403,3569,3682
2022-03-01,receivablesTurnover,应收账款周转率,质量,0.04862496472455952,2235,3682
2022-03-01,inventoryTurnover,存货周转率,质量,-0.12475100437186838,2235,3682
2022-03-01,logMarketCap,总市值(对数),规模,-0.24791153568808857,3682,3682
2022-03-01,logRevenue,营业收入(对数),规模,-0.06872918451886759,3568,3682
2022-03-01,logAssets,总资产(对数),规模,-0.0709958019818133,3569,3682
2022-03-01,turnover,换手率,换手率,0.1153597346767239,3682,3682
2022-03-01,turnover20,20日平均换手率,换手率,0.11703044325826349,3682,3682
2022-03-01,turnoverStd20,20日换手率标准差,换手率,0.11817960335658678,3682,3682
2022-03-08,roe,ROE,盈利,-0.033723089930703505,3529,3682
2022-03-08,grossMargin,毛利率,盈利,0.001726015839744093,3531,3682
2022-03-08,ocfToRevenue,经营现金流/营收,现金流,-0.021702302644922133,3570,3682
2022-03-08,fcfToEv,自由现金流/企业价值,现金流,-0.01955455487421373,3481,3682
2022-03-08,debtToAssets,资产负债率,质量,-0.004673091374811135,3570,3682
2022-03-08,receivablesTurnover,应收账款周转率,质量,0.032782545433168796,2235,3682
2022-03-08,inventoryTurnover,存货周转率,质量,0.04862410420083405,2235,3682
2022-03-08,logMarketCap,总市值(对数),规模,-0.038530533574916905,3682,3682
2022-03-08,logRevenue,营业收入(对数),规模,-0.03017386245687258,3569,3682
2022-03-08,logAssets,总资产(对数),规模,-0.04307596771825049,3570,3682
2022-03-08,turnover,换手率,换手率,-0.0013006405671410644,3682,3682
2022-03-08,turnover20,20日平均换手率,换手率,-0.016240086296837826,3682,3682
2022-03-08,turnoverStd20,20日换手率标准差,换手率,-0.016040741848209236,3682,3682
2022-03-15,roe,ROE,盈利,-0.04247667067728235,3533,3688
2022-03-15,grossMargin,毛利率,盈利,-0.05209919683479585,3535,3688
2022-03-15,ocfToRevenue,经营现金流/营收,现金流,-0.0171267895765495,3574,3688
2022-03-15,fcfToEv,自由现金流/企业价值,现金流,-0.006336192176234305,3485,3688
2022-03-15,debtToAssets,资产负债率,质量,-0.025093695238457468,3574,3688
2022-03-15,receivablesTurnover,应收账款周转率,质量,0.036294688195197745,2236,3688
2022-03-15,inventoryTurnover,存货周转率,质量,-0.03801018954314661,2236,3688
2022-03-15,logMarketCap,总市值(对数),规模,-0.14597103420380492,3688,3688
2022-03-15,logRevenue,营业收入(对数),规模,-0.08584944351786648,3573,3688
2022-03-15,logAssets,总资产(对数),规模,-0.08838112748514819,3574,3688
2022-03-15,turnover,换手率,换手率,-0.03292090696691622,3688,3688
2022-03-15,turnover20,20日平均换手率,换手率,-0.06260957280854307,3688,3688
2022-03-15,turnoverStd20,20日换手率标准差,换手率,-0.02503258044798816,3688,3688
2022-03-22,roe,ROE,盈利,0.004985616010300279,3540,3694
2022-03-22,grossMargin,毛利率,盈利,-0.048707460836049356,3542,3694
2022-03-22,ocfToRevenue,经营现金流/营收,现金流,0.013069339944680694,3581,3694
2022-03-22,fcfToEv,自由现金流/企业价值,现金流,0.04140185353016994,3492,3694
2022-03-22,debtToAssets,资产负债率,质量,-0.0003411730033627623,3581,3694
2022-03-22,receivablesTurnover,应收账款周转率,质量,-0.06048213656287631,2238,3694
2022-03-22,inventoryTurnover,存货周转率,质量,-0.00904531461607612,2238,3694
2022-03-22,logMarketCap,总市值(对数),规模,-0.025784351603058975,3694,3694
2022-03-22,logRevenue,营业收入(对数),规模,0.06959688698259409,3580,3694
2022-03-22,logAssets,总资产(对数),规模,0.06803941000948019,3581,3694
2022-03-22,turnover,换手率,换手率,0.15553514732448728,3694,3694
2022-03-22,turnover20,20日平均换手率,换手率,0.14621927673714555,3694,3694
2022-03-22,turnoverStd20,20日换手率标准差,换手率,0.16261618181047163,3694,3694
2022-03-29,roe,ROE,盈利,0.013580027639051018,3544,3695
2022-03-29,grossMargin,毛利率,盈利,0.011445772209464978,3546,3695
2022-03-29,ocfToRevenue,经营现金流/营收,现金流,0.04011093922648471,3585,3695
2022-03-29,fcfToEv,自由现金流/企业价值,现金流,0.017417610466458875,3496,3695
2022-03-29,debtToAssets,资产负债率,质量,-0.011198477628022651,3585,3695
2022-03-29,receivablesTurnover,应收账款周转率,质量,-0.009387019859013121,2237,3695
2022-03-29,inventoryTurnover,存货周转率,质量,-0.15075339681339392,2237,3695
2022-03-29,logMarketCap,总市值(对数),规模,-0.07217831460801008,3695,3695
2022-03-29,logRevenue,营业收入(对数),规模,0.015474701388293781,3584,3695
2022-03-29,logAssets,总资产(对数),规模,0.028578773629209575,3585,3695
2022-03-29,turnover,换手率,换手率,0.1973986589983575,3695,3695
2022-03-29,turnover20,20日平均换手率,换手率,0.16950889807714692,3695,3695
2022-03-29,turnoverStd20,20日换手率标准差,换手率,0.17422773002592148,3695,3695
2022-04-07,roe,ROE,盈利,-0.013531100270619276,3546,3693
2022-04-07,grossMargin,毛利率,盈利,-0.0437025602029396,3548,3693
2022-04-07,ocfToRevenue,经营现金流/营收,现金流,-0.011058425170214634,3586,3693
2022-04-07,fcfToEv,自由现金流/企业价值,现金流,0.022120385158713264,3500,3693
2022-04-07,debtToAssets,资产负债率,质量,-0.03795975180722954,3586,3693
2022-04-07,receivablesTurnover,应收账款周转率,质量,-0.09303622036604786,2234,3693
2022-04-07,inventoryTurnover,存货周转率,质量,-0.006826314013965752,2234,3693
2022-04-07,logMarketCap,总市值(对数),规模,0.016142797184736213,3693,3693
2022-04-07,logRevenue,营业收入(对数),规模,0.08654061216714089,3585,3693
2022-04-07,logAssets,总资产(对数),规模,0.10888514769180138,3586,3693
2022-04-07,turnover,换手率,换手率,0.09345863214140807,3693,3693
2022-04-07,turnover20,20日平均换手率,换手率,0.09085278016703534,3693,3693
2022-04-07,turnoverStd20,20日换手率标准差,换手率,0.06854672886109163,3693,3693
2022-04-14,roe,ROE,盈利,0.07529494241993574,3556,3703
2022-04-14,grossMargin,毛利率,盈利,0.06414826889191431,3558,3703
2022-04-14,ocfToRevenue,经营现金流/营收,现金流,0.029070155733948538,3597,3703
2022-04-14,fcfToEv,自由现金流/企业价值,现金流,0.034870528855091946,3510,3703
2022-04-14,debtToAssets,资产负债率,质量,0.07740749039842816,3597,3703
2022-04-14,receivablesTurnover,应收账款周转率,质量,-0.03862924004028739,2235,3703
2022-04-14,inventoryTurnover,存货周转率,质量,0.019564765256460618,2235,3703
2022-04-14,logMarketCap,总市值(对数),规模,0.04538722091845375,3703,3703
2022-04-14,logRevenue,营业收入(对数),规模,0.008623602467771822,3596,3703
2022-04-14,logAssets,总资产(对数),规模,-0.0034167052684145106,3597,3703
2022-04-14,turnover,换手率,换手率,0.139716611872533,3703,3703
2022-04-14,turnover20,20日平均换手率,换手率,0.16338743087538832,3703,3703
2022-04-14,turnoverStd20,20日换手率标准差,换手率,0.14596823761074054,3703,3703
2022-04-21,roe,ROE,盈利,0.009029139223715864,3565,3708
2022-04-21,grossMargin,毛利率,盈利,0.01844096089480006,3567,3708
2022-04-21,ocfToRevenue,经营现金流/营收,现金流,-0.009523691669024191,3606,3708
2022-04-21,fcfToEv,自由现金流/企业价值,现金流,0.009850670386152024,3519,3708
2022-04-21,debtToAssets,资产负债率,质量,-0.017751556789008135,3606,3708
2022-04-21,receivablesTurnover,应收账款周转率,质量,-0.14147543403239324,2232,3708
2022-04-21,inventoryTurnover,存货周转率,质量,-0.01939055919417394,2232,3708
2022-04-21,logMarketCap,总市值(对数),规模,0.3572851170758257,3708,3708
2022-04-21,logRevenue,营业收入(对数),规模,0.24824584503596078,3605,3708
2022-04-21,logAssets,总资产(对数),规模,0.28499683106210394,3606,3708
2022-04-21,turnover,换手率,换手率,0.041573957134497436,3708,3708
2022-04-21,turnover20,20日平均换手率,换手率,0.03231339423272326,3708,3708
2022-04-21,turnoverStd20,20日换手率标准差,换手率,0.017375028559753897,3708,3708
2022-04-28,roe,ROE,盈利,0.06140979240588026,3562,3693
2022-04-28,grossMargin,毛利率,盈利,0.01662032575838327,3564,3693
2022-04-28,ocfToRevenue,经营现金流/营收,现金流,0.011179481139656586,3603,3693
2022-04-28,fcfToEv,自由现金流/企业价值,现金流,-0.0051738887784194545,3516,3693
2022-04-28,debtToAssets,资产负债率,质量,0.04075538626860847,3603,3693
2022-04-28,receivablesTurnover,应收账款周转率,质量,0.13710436987907826,2224,3693
2022-04-28,inventoryTurnover,存货周转率,质量,0.07533217052266991,2224,3693
2022-04-28,logMarketCap,总市值(对数),规模,-0.2064360299110481,3693,3693
2022-04-28,logRevenue,营业收入(对数),规模,-0.2226316395320259,3601,3693
2022-04-28,logAssets,总资产(对数),规模,-0.26015728627139817,3603,3693
2022-04-28,turnover,换手率,换手率,-0.058309746491845116,3693,3693
2022-04-28,turnover20,20日平均换手率,换手率,-0.07775868682205375,3693,3693
2022-04-28,turnoverStd20,20日换手率标准差,换手率,-0.0390003533669716,3693,3693
2022-05-10,roe,ROE,盈利,-0.0127548039418791,3582,3696
2022-05-10,grossMargin,毛利率,盈利,0.009421864113340318,3584,3696
2022-05-10,ocfToRevenue,经营现金流/营收,现金流,-0.01764770800127226,3624,3696
2022-05-10,fcfToEv,自由现金流/企业价值,现金流,0.04178911781850988,3533,3696
2022-05-10,debtToAssets,资产负债率,质量,-0.03699860846603001,3624,3696
2022-05-10,receivablesTurnover,应收账款周转率,质量,-0.046501594783721054,2236,3696
2022-05-10,inventoryTurnover,存货周转率,质量,0.06956112462895536,2236,3696
2022-05-10,logMarketCap,总市值(对数),规模,0.01954487145256613,3696,3696
2022-05-10,logRevenue,营业收入(对数),规模,0.006904911701232917,3623,3696
2022-05-10,logAssets,总资产(对数),规模,0.0020671331684916413,3624,3696
2022-05-10,turnover,换手率,换手率,0.009174087070254893,3696,3696
2022-05-10,turnover20,20日平均换手率,换手率,0.001870138109442186,3696,3696
2022-05-10,turnoverStd20,20日换手率标准差,换手率,0.021586045178988163,3696,3696
2022-05-17,roe,ROE,盈利,-0.041999318085140916,3585,3698
2022-05-17,grossMargin,毛利率,盈利,-0.026218100586869166,3587,3698
2022-05-17,ocfToRevenue,经营现金流/营收,现金流,0.019033055626128653,3627,3698
2022-05-17,fcfToEv,自由现金流/企业价值,现金流,0.033709192170699086,3536,3698
2022-05-17,debtToAssets,资产负债率,质量,-0.018546455488741044,3627,3698
2022-05-17,receivablesTurnover,应收账款周转率,质量,0.04348067359734233,2233,3698
2022-05-17,inventoryTurnover,存货周转率,质量,0.0815956160351303,2233,3698
2022-05-17,logMarketCap,总市值(对数),规模,-0.12290404112889156,3698,3698
2022-05-17,logRevenue,营业收入(对数),规模,-0.04559580555864611,3626,3698
2022-05-17,logAssets,总资产(对数),规模,-0.05915123917504628,3627,3698
2022-05-17,turnover,换手率,换手率,0.13757442517309468,3698,3698
2022-05-17,turnover20,20日平均换手率,换手率,0.12420455079038675,3698,3698
2022-05-17,turnoverStd20,20日换手率标准差,换手率,0.1334189944734135,3698,3698
2022-05-24,roe,ROE,盈利,-0.05087277711578573,3591,3705
2022-05-24,grossMargin,毛利率,盈利,-0.009125667511215135,3593,3705
2022-05-24,ocfToRevenue,经营现金流/营收,现金流,0.02428469566231848,3633,3705
2022-05-24,fcfToEv,自由现金流/企业价值,现金流,-0.03892111328307592,3543,3705
2022-05-24,debtToAssets,资产负债率,质量,-0.015909222295234643,3633,3705
2022-05-24,receivablesTurnover,应收账款周转率,质量,0.06346024587576247,2236,3705
2022-05-24,inventoryTurnover,存货周转率,质量,-0.004877105171259387,2236,3705
2022-05-24,logMarketCap,总市值(对数),规模,0.040018526180089456,3705,3705
2022-05-24,logRevenue,营业收入(对数),规模,0.07017579214494599,3632,3705
2022-05-24,logAssets,总资产(对数),规模,0.07374221220365035,3633,3705
2022-05-24,turnover,换手率,换手率,0.16665378571431322,3705,3705
2022-05-24,turnover20,20日平均换手率,换手率,0.1270329347358863,3705,3705
2022-05-24,turnoverStd20,20日换手率标准差,换手率,0.16847281175129084,3705,3705
2022-05-31,roe,ROE,盈利,0.1019117843846347,3605,3718
2022-05-31,grossMargin,毛利率,盈利,0.03419497054556522,3607,3718
2022-05-31,ocfToRevenue,经营现金流/营收,现金流,-0.009463074479440779,3647,3718
2022-05-31,fcfToEv,自由现金流/企业价值,现金流,-0.011461678640293233,3558,3718
2022-05-31,debtToAssets,资产负债率,质量,0.03224255982416647,3647,3718
2022-05-31,receivablesTurnover,应收账款周转率,质量,-0.018260138225604277,2237,3718
2022-05-31,inventoryTurnover,存货周转率,质量,0.0912643124090558,2237,3718
2022-05-31,logMarketCap,总市值(对数),规模,0.08788478903159763,3718,3718
2022-05-31,logRevenue,营业收入(对数),规模,0.020903376185388213,3646,3718
2022-05-31,logAssets,总资产(对数),规模,0.03400832752571702,3647,3718
2022-05-31,turnover,换手率,换手率,0.04616082931903698,3718,3718
2022-05-31,turnover20,20日平均换手率,换手率,-0.011677097930109173,3718,3718
2022-05-31,turnoverStd20,20日换手率标准差,换手率,0.024971244532095357,3718,3718
2022-06-08,roe,ROE,盈利,-0.013399971430498816,3616,3728
2022-06-08,grossMargin,毛利率,盈利,-0.01458886335344599,3618,3728
2022-06-08,ocfToRevenue,经营现金流/营收,现金流,-0.05843823594106508,3658,3728
2022-06-08,fcfToEv,自由现金流/企业价值,现金流,-0.02603175625802444,3569,3728
2022-06-08,debtToAssets,资产负债率,质量,-0.02183650927101686,3658,3728
2022-06-08,receivablesTurnover,应收账款周转率,质量,-0.0742372410184372,2237,3728
2022-06-08,inventoryTurnover,存货周转率,质量,0.03227660664598375,2237,3728
2022-06-08,logMarketCap,总市值(对数),规模,0.1349159117957304,3728,3728
2022-06-08,logRevenue,营业收入(对数),规模,0.13254077914219192,3657,3728
2022-06-08,logAssets,总资产(对数),规模,0.14338229674513558,3658,3728
2022-06-08,turnover,换手率,换手率,0.0485317285852359,3728,3728
2022-06-08,turnover20,20日平均换手率,换手率,0.03417129063709734,3728,3728
2022-06-08,turnoverStd20,20日换手率标准差,换手率,0.0492222928461337,3728,3728
2022-06-15,roe,ROE,盈利,0.0062055561788203545,3620,3733
2022-06-15,grossMargin,毛利率,盈利,0.058228996049030014,3622,3733
2022-06-15,ocfToRevenue,经营现金流/营收,现金流,0.019345351324377865,3662,3733
2022-06-15,fcfToEv,自由现金流/企业价值,现金流,-0.008867421643960784,3572,3733
2022-06-15,debtToAssets,资产负债率,质量,0.006728143208881943,3662,3733
2022-06-15,receivablesTurnover,应收账款周转率,质量,0.13691884586746922,2238,3733
2022-06-15,inventoryTurnover,存货周转率,质量,0.08344721282814238,2238,3733
2022-06-15,logMarketCap,总市值(对数),规模,-0.0990319517679575,3733,3733
2022-06-15,logRevenue,营业收入(对数),规模,-0.09091791156023796,3661,3733
2022-06-15,logAssets,总资产(对数),规模,-0.10472119369138518,3662,3733
2022-06-15,turnover,换手率,换手率,0.040563456824434276,3733,3733
2022-06-15,turnover20,20日平均换手率,换手率,0.028250990180773247,3733,3733
2022-06-15,turnoverStd20,20日换手率标准差,换手率,0.06095151360709884,3733,3733
2022-06-22,roe,ROE,盈利,0.036345217781223224,3624,3740
2022-06-22,grossMargin,毛利率,盈利,0.046119401411802596,3626,3740
2022-06-22,ocfToRevenue,经营现金流/营收,现金流,0.047131325149791424,3666,3740
2022-06-22,fcfToEv,自由现金流/企业价值,现金流,-0.002249982135872336,3575,3740
2022-06-22,debtToAssets,资产负债率,质量,0.029505176002962978,3666,3740
2022-06-22,receivablesTurnover,应收账款周转率,质量,-0.005662929065126719,2235,3740
2022-06-22,inventoryTurnover,存货周转率,质量,-0.0027673783258291263,2235,3740
2022-06-22,logMarketCap,总市值(对数),规模,-0.004896848277989107,3740,3740
2022-06-22,logRevenue,营业收入(对数),规模,-0.008930259991682626,3665,3740
2022-06-22,logAssets,总资产(对数),规模,0.004096649513090776,3666,3740
2022-06-22,turnover,换手率,换手率,0.08778543683913698,3740,3740
2022-06-22,turnover20,20日平均换手率,换手率,0.07615150392548968,3740,3740
2022-06-22,turnoverStd20,20日换手率标准差,换手率,0.10422779590112886,3740,3740
2022-06-29,roe,ROE,盈利,0.023455220735760916,3631,3746
2022-06-29,grossMargin,毛利率,盈利,0.007646702536691443,3633,3746
2022-06-29,ocfToRevenue,经营现金流/营收,现金流,-0.04547547935891615,3674,3746
2022-06-29,fcfToEv,自由现金流/企业价值,现金流,-0.019158320081369293,3582,3746
2022-06-29,debtToAssets,资产负债率,质量,0.010257522389971447,3674,3746
2022-06-29,receivablesTurnover,应收账款周转率,质量,-0.023039494953996743,2238,3746
2022-06-29,inventoryTurnover,存货周转率,质量,0.09283525423232641,2238,3746
2022-06-29,logMarketCap,总市值(对数),规模,0.07626043267426696,3746,3746
2022-06-29,logRevenue,营业收入(对数),规模,0.022832760186541894,3673,3746
2022-06-29,logAssets,总资产(对数),规模,0.0376700510137981,3674,3746
2022-06-29,turnover,换手率,换手率,0.042231932182702846,3746,3746
2022-06-29,turnover20,20日平均换手率,换手率,0.019677943687661643,3746,3746
2022-06-29,turnoverStd20,20日换手率标准差,换手率,0.029020585240680092,3746,3746
2022-07-06,roe,ROE,盈利,-0.09485483153758176,3641,3759
2022-07-06,grossMargin,毛利率,盈利,-0.09970307909774173,3643,3759
2022-07-06,ocfToRevenue,经营现金流/营收,现金流,0.0825592237086712,3684,3759
2022-07-06,fcfToEv,自由现金流/企业价值,现金流,-0.01338590258898737,3592,3759
2022-07-06,debtToAssets,资产负债率,质量,-0.09142951197445826,3684,3759
2022-07-06,receivablesTurnover,应收账款周转率,质量,0.14936092766795614,2241,3759
2022-07-06,inventoryTurnover,存货周转率,质量,-0.08680350154019406,2241,3759
2022-07-06,logMarketCap,总市值(对数),规模,-0.23380729669328212,3759,3759
2022-07-06,logRevenue,营业收入(对数),规模,-0.07592245758901751,3683,3759
2022-07-06,logAssets,总资产(对数),规模,-0.08389915606062591,3684,3759
2022-07-06,turnover,换手率,换手率,0.11459290679583611,3759,3759
2022-07-06,turnover20,20日平均换手率,换手率,0.10546482327561281,3759,3759
2022-07-06,turnoverStd20,20日换手率标准差,换手率,0.11918277367759014,3759,3759
2022-07-13,roe,ROE,盈利,0.07434062021545206,3643,3760
2022-07-13,grossMargin,毛利率,盈利,0.03536002915756428,3645,3760
2022-07-13,ocfToRevenue,经营现金流/营收,现金流,0.07497959720948989,3686,3760
2022-07-13,fcfToEv,自由现金流/企业价值,现金流,-0.014019439576420954,3595,3760
2022-07-13,debtToAssets,资产负债率,质量,0.04978335912397749,3686,3760
2022-07-13,receivablesTurnover,应收账款周转率,质量,0.09037831811662987,2237,3760
2022-07-13,inventoryTurnover,存货周转率,质量,0.10670353352978795,2237,3760
2022-07-13,logMarketCap,总市值(对数),规模,-0.09268378881251342,3760,3760
2022-07-13,logRevenue,营业收入(对数),规模,-0.1278855678603507,3685,3760
2022-07-13,logAssets,总资产(对数),规模,-0.13314326833901724,3686,3760
2022-07-13,turnover,换手率,换手率,0.05421633720513216,3760,3760
2022-07-13,turnover20,20日平均换手率,换手率,0.025287936623058335,3760,3760
2022-07-13,turnoverStd20,20日换手率标准差,换手率,0.0650878342026129,3760,3760
2022-07-20,roe,ROE,盈利,-0.020121960178256734,3656,3774
2022-07-20,grossMargin,毛利率,盈利,-0.023634687791624056,3658,3774
2022-07-20,ocfToRevenue,经营现金流/营收,现金流,0.04459059195126489,3699,3774
2022-07-20,fcfToEv,自由现金流/企业价值,现金流,0.0030612279378009984,3608,3774
2022-07-20,debtToAssets,资产负债率,质量,-0.041847353143674756,3699,3774
2022-07-20,receivablesTurnover,应收账款周转率,质量,0.10175203491231856,2240,3774
2022-07-20,inventoryTurnover,存货周转率,质量,-0.05347140855119002,2240,3774
2022-07-20,logMarketCap,总市值(对数),规模,-0.1992949087390313,3774,3774
2022-07-20,logRevenue,营业收入(对数),规模,-0.12442771514839777,3698,3774
2022-07-20,logAssets,总资产(对数),规模,-0.13501963717304186,3699,3774
2022-07-20,turnover,换手率,换手率,0.15137555512623777,3774,3774
2022-07-20,turnover20,20日平均换手率,换手率,0.11823977752072075,3774,3774
2022-07-20,turnoverStd20,20日换手率标准差,换手率,0.11936217302616266,3774,3774
2022-07-27,roe,ROE,盈利,0.03578456912212555,3662,3779
2022-07-27,grossMargin,毛利率,盈利,0.07745375312286812,3664,3779
2022-07-27,ocfToRevenue,经营现金流/营收,现金流,0.007011103256937365,3705,3779
2022-07-27,fcfToEv,自由现金流/企业价值,现金流,-0.009288418131761256,3614,3779
2022-07-27,debtToAssets,资产负债率,质量,0.07767525019146644,3705,3779
2022-07-27,receivablesTurnover,应收账款周转率,质量,0.030671607870028924,2241,3779
2022-07-27,inventoryTurnover,存货周转率,质量,0.10787489387593883,2241,3779
2022-07-27,logMarketCap,总市值(对数),规模,0.0513615632466399,3779,3779
2022-07-27,logRevenue,营业收入(对数),规模,0.033727984531044405,3704,3779
2022-07-27,logAssets,总资产(对数),规模,0.03580416817134399,3705,3779
2022-07-27,turnover,换手率,换手率,0.18107627578524907,3779,3779
2022-07-27,turnover20,20日平均换手率,换手率,0.1911130252425311,3779,3779
2022-07-27,turnoverStd20,20日换手率标准差,换手率,0.17603375126327156,3779,3779
2022-08-03,roe,ROE,盈利,0.03891970395414625,3669,3788
2022-08-03,grossMargin,毛利率,盈利,0.009569848287418142,3671,3788
2022-08-03,ocfToRevenue,经营现金流/营收,现金流,0.05029005374633597,3712,3788
2022-08-03,fcfToEv,自由现金流/企业价值,现金流,0.009859897400204227,3621,3788
2022-08-03,debtToAssets,资产负债率,质量,0.05101101701461767,3712,3788
2022-08-03,receivablesTurnover,应收账款周转率,质量,0.1000587683094651,2240,3788
2022-08-03,inventoryTurnover,存货周转率,质量,0.043123489296075755,2240,3788
2022-08-03,logMarketCap,总市值(对数),规模,-0.22574247462241634,3788,3788
2022-08-03,logRevenue,营业收入(对数),规模,-0.19368430627731886,3711,3788
2022-08-03,logAssets,总资产(对数),规模,-0.22173177323611057,3712,3788
2022-08-03,turnover,换手率,换手率,0.12748050313865192,3788,3788
2022-08-03,turnover20,20日平均换手率,换手率,0.07423011997378759,3788,3788
2022-08-03,turnoverStd20,20日换手率标准差,换手率,0.13313148254966092,3788,3788
2022-08-10,roe,ROE,盈利,-0.10908291512821092,3673,3792
2022-08-10,grossMargin,毛利率,盈利,-0.08450144878739062,3675,3792
2022-08-10,ocfToRevenue,经营现金流/营收,现金流,-0.016148532970088846,3716,3792
2022-08-10,fcfToEv,自由现金流/企业价值,现金流,-0.003992050255911544,3625,3792
2022-08-10,debtToAssets,资产负债率,质量,-0.09143141879143422,3716,3792
2022-08-10,receivablesTurnover,应收账款周转率,质量,0.024521371105426314,2239,3792
2022-08-10,inventoryTurnover,存货周转率,质量,-0.076903537442596,2239,3792
2022-08-10,logMarketCap,总市值(对数),规模,-0.025285564613402648,3792,3792
2022-08-10,logRevenue,营业收入(对数),规模,0.06334362298594129,3716,3792
2022-08-10,logAssets,总资产(对数),规模,0.08603583527584403,3716,3792
2022-08-10,turnover,换手率,换手率,0.0504945665833089,3792,3792
2022-08-10,turnover20,20日平均换手率,换手率,-0.0016624942644545726,3792,3792
2022-08-10,turnoverStd20,20日换手率标准差,换手率,-0.0014289180655451218,3792,3792
2022-08-17,roe,ROE,盈利,-0.02405799673626862,3683,3802
2022-08-17,grossMargin,毛利率,盈利,-0.050857784813664465,3685,3802
2022-08-17,ocfToRevenue,经营现金流/营收,现金流,-0.02922604938668621,3726,3802
2022-08-17,fcfToEv,自由现金流/企业价值,现金流,-0.002142897604132499,3636,3802
2022-08-17,debtToAssets,资产负债率,质量,-0.03865821914987337,3726,3802
2022-08-17,receivablesTurnover,应收账款周转率,质量,-0.02552629892762337,2242,3802
2022-08-17,inventoryTurnover,存货周转率,质量,-0.11926047104381467,2242,3802
2022-08-17,logMarketCap,总市值(对数),规模,-0.07048278125089727,3802,3802
2022-08-17,logRevenue,营业收入(对数),规模,0.00689172707813371,3726,3802
2022-08-17,logAssets,总资产(对数),规模,0.013977884561570779,3726,3802
2022-08-17,turnover,换手率,换手率,0.094648970055204,3802,3802
2022-08-17,turnover20,20日平均换手率,换手率,0.12383336971098056,3802,3802
2022-08-17,turnoverStd20,20日换手率标准差,换手率,0.10323066054404045,3802,3802
2022-08-24,roe,ROE,盈利,-0.05515896493689681,3690,3810
2022-08-24,grossMargin,毛利率,盈利,-0.0007031601035057041,3692,3810
2022-08-24,ocfToRevenue,经营现金流/营收,现金流,-0.03647737078196896,3734,3810
2022-08-24,fcfToEv,自由现金流/企业价值,现金流,-0.009455489527765388,3642,3810
2022-08-24,debtToAssets,资产负债率,质量,0.0026398307804696747,3734,3810
2022-08-24,receivablesTurnover,应收账款周转率,质量,-0.11274426047429226,2243,3810
2022-08-24,inventoryTurnover,存货周转率,质量,-0.13532477833592035,2243,3810
2022-08-24,logMarketCap,总市值(对数),规模,0.05242437059051797,3810,3810
2022-08-24,logRevenue,营业收入(对数),规模,0.09730050078254224,3734,3810
2022-08-24,logAssets,总资产(对数),规模,0.13558444723594457,3734,3810
2022-08-24,turnover,换手率,换手率,0.16847457557924478,3810,3810
2022-08-24,turnover20,20日平均换手率,换手率,0.17542147344723108,3810,3810
2022-08-24,turnoverStd20,20日换手率标准差,换手率,0.14574177452948378,3810,3810
2022-08-31,roe,ROE,盈利,-0.004805139880003207,3696,3816
2022-08-31,grossMargin,毛利率,盈利,-0.06918117865573925,3698,3816
2022-08-31,ocfToRevenue,经营现金流/营收,现金流,0.03550016833117534,3740,3816
2022-08-31,fcfToEv,自由现金流/企业价值,现金流,-0.0015347863844406878,3647,3816
2022-08-31,debtToAssets,资产负债率,质量,-0.06811091217705909,3740,3816
2022-08-31,receivablesTurnover,应收账款周转率,质量,0.04011849500040327,2245,3816
2022-08-31,inventoryTurnover,存货周转率,质量,-0.036433494264513415,2245,3816
2022-08-31,logMarketCap,总市值(对数),规模,-0.14804607028945968,3816,3816
2022-08-31,logRevenue,营业收入(对数),规模,-0.10334722506475044,3740,3816
2022-08-31,logAssets,总资产(对数),规模,-0.10930875551140586,3740,3816
2022-08-31,turnover,换手率,换手率,-0.059305136491356235,3816,3816
2022-08-31,turnover20,20日平均换手率,换手率,-0.058375436047792655,3816,3816
2022-08-31,turnoverStd20,20日换手率标准差,换手率,-0.04202039283180123,3816,3816
2022-09-07,roe,ROE,盈利,-0.010387274308480758,3698,3818
2022-09-07,grossMargin,毛利率,盈利,0.059014981005770094,3700,3818
2022-09-07,ocfToRevenue,经营现金流/营收,现金流,-0.04712576455668766,3742,3818
2022-09-07,fcfToEv,自由现金流/企业价值,现金流,-0.008189200566765448,3649,3818
2022-09-07,debtToAssets,资产负债率,质量,0.017380291874764274,3742,3818
2022-09-07,receivablesTurnover,应收账款周转率,质量,-0.08389895837285238,2244,3818
2022-09-07,inventoryTurnover,存货周转率,质量,-0.0960003086683469,2244,3818
2022-09-07,logMarketCap,总市值(对数),规模,0.04688001507368819,3818,3818
2022-09-07,logRevenue,营业收入(对数),规模,0.06648268006410873,3742,3818
2022-09-07,logAssets,总资产(对数),规模,0.07656288906219458,3742,3818
2022-09-07,turnover,换手率,换手率,0.11391481651732561,3818,3818
2022-09-07,turnover20,20日平均换手率,换手率,0.14929373342492344,3818,3818
2022-09-07,turnoverStd20,20日换手率标准差,换手率,0.12039819055520222,3818,3818
2022-09-15,roe,ROE,盈利,0.03325819253715938,3705,3825
2022-09-15,grossMargin,毛利率,盈利,-0.025541851943699317,3707,3825
2022-09-15,ocfToRevenue,经营现金流/营收,现金流,0.041033805911862925,3749,3825
2022-09-15,fcfToEv,自由现金流/企业价值,现金流,0.012517275952524111,3656,3825
2022-09-15,debtToAssets,资产负债率,质量,0.01802594259898507,3749,3825
2022-09-15,receivablesTurnover,应收账款周转率,质量,-0.008354675053808856,2240,3825
2022-09-15,inventoryTurnover,存货周转率,质量,0.04149732887398499,2240,3825
2022-09-15,logMarketCap,总市值(对数),规模,-0.04185659939309479,3825,3825
2022-09-15,logRevenue,营业收入(对数),规模,-0.07706895605599513,3749,3825
2022-09-15,logAssets,总资产(对数),规模,-0.07645641767462939,3749,3825
2022-09-15,turnover,换手率,换手率,-0.017330914861207587,3825,3825
2022-09-15,turnover20,20日平均换手率,换手率,-0.04241541762533277,3825,3825
2022-09-15,turnoverStd20,20日换手率标准差,换手率,-0.03036175616067511,3825,3825
2022-09-22,roe,ROE,盈利,0.10150541038231121,3711,3831
2022-09-22,grossMargin,毛利率,盈利,0.09161294990024485,3713,3831
2022-09-22,ocfToRevenue,经营现金流/营收,现金流,-0.037234580126145375,3755,3831
2022-09-22,fcfToEv,自由现金流/企业价值,现金流,-0.01394944786634397,3660,3831
2022-09-22,debtToAssets,资产负债率,质量,0.052486014403095416,3755,3831
2022-09-22,receivablesTurnover,应收账款周转率,质量,-0.016692054807578512,2241,3831
2022-09-22,inventoryTurnover,存货周转率,质量,0.10266599134774555,2241,3831
2022-09-22,logMarketCap,总市值(对数),规模,0.2128997987509026,3831,3831
2022-09-22,logRevenue,营业收入(对数),规模,0.15844621380201943,3755,3831
2022-09-22,logAssets,总资产(对数),规模,0.16162261571789244,3755,3831
2022-09-22,turnover,换手率,换手率,0.05534142357521392,3831,3831
2022-09-22,turnover20,20日平均换手率,换手率,0.08377929884248354,3831,3831
2022-09-22,turnoverStd20,20日换手率标准差,换手率,0.04322345131212477,3831,3831
2022-09-29,roe,ROE,盈利,-0.0567924970470205,3720,3840
2022-09-29,grossMargin,毛利率,盈利,-0.056678661045257234,3722,3840
2022-09-29,ocfToRevenue,经营现金流/营收,现金流,0.021517042415143843,3764,3840
2022-09-29,fcfToEv,自由现金流/企业价值,现金流,-0.017577570946648153,3669,3840
2022-09-29,debtToAssets,资产负债率,质量,-0.03201922442562681,3764,3840
2022-09-29,receivablesTurnover,应收账款周转率,质量,0.09852757815403065,2241,3840
2022-09-29,inventoryTurnover,存货周转率,质量,-0.01521913859371462,2241,3840
2022-09-29,logMarketCap,总市值(对数),规模,-0.10968577547901281,3840,3840
2022-09-29,logRevenue,营业收入(对数),规模,-0.02466640231460933,3764,3840
2022-09-29,logAssets,总资产(对数),规模,-0.037435362301106445,3764,3840
2022-09-29,turnover,换手率,换手率,0.08297610900717971,3840,3840
2022-09-29,turnover20,20日平均换手率,换手率,0.08670302284763781,3840,3840
2022-09-29,turnoverStd20,20日换手率标准差,换手率,0.09704926000973665,3840,3840
2022-10-13,roe,ROE,盈利,0.02416307631549896,3723,3843
2022-10-13,grossMargin,毛利率,盈利,0.07194885973215355,3725,3843
2022-10-13,ocfToRevenue,经营现金流/营收,现金流,0.04317547843146551,3767,3843
2022-10-13,fcfToEv,自由现金流/企业价值,现金流,-0.0057251447486978465,3672,3843
2022-10-13,debtToAssets,资产负债率,质量,0.04862287993342073,3767,3843
2022-10-13,receivablesTurnover,应收账款周转率,质量,0.13866979831196855,2240,3843
2022-10-13,inventoryTurnover,存货周转率,质量,0.0283734220607035,2240,3843
2022-10-13,logMarketCap,总市值(对数),规模,-0.17616541116827936,3843,3843
2022-10-13,logRevenue,营业收入(对数),规模,-0.16114614294285168,3767,3843
2022-10-13,logAssets,总资产(对数),规模,-0.17190671559990636,3767,3843
2022-10-13,turnover,换手率,换手率,0.08365042441100998,3843,3843
2022-10-13,turnover20,20日平均换手率,换手率,0.04634694949639621,3843,3843
2022-10-13,turnoverStd20,20日换手率标准差,换手率,0.07970195081728097,3843,3843
2022-10-20,roe,ROE,盈利,0.0057329979531111405,3732,3852
2022-10-20,grossMargin,毛利率,盈利,0.007120256351301414,3734,3852
2022-10-20,ocfToRevenue,经营现金流/营收,现金流,0.025349233929970794,3776,3852
2022-10-20,fcfToEv,自由现金流/企业价值,现金流,-0.0014298338923186993,3680,3852
2022-10-20,debtToAssets,资产负债率,质量,0.044528894638983595,3776,3852
2022-10-20,receivablesTurnover,应收账款周转率,质量,0.08088287201499202,2241,3852
2022-10-20,inventoryTurnover,存货周转率,质量,0.028687600394046553,2241,3852
2022-10-20,logMarketCap,总市值(对数),规模,-0.010498346693924684,3852,3852
2022-10-20,logRevenue,营业收入(对数),规模,-0.004731091568597833,3776,3852
2022-10-20,logAssets,总资产(对数),规模,-0.012097703462501693,3776,3852
2022-10-20,turnover,换手率,换手率,0.17304695297331785,3852,3852
2022-10-20,turnover20,20日平均换手率,换手率,0.13237744118913897,3852,3852
2022-10-20,turnoverStd20,20日换手率标准差,换手率,0.1457026511701644,3852,3852
2022-10-27,roe,ROE,盈利,0.05810955699482349,3740,3860
2022-10-27,grossMargin,毛利率,盈利,0.08213985613825343,3742,3860
2022-10-27,ocfToRevenue,经营现金流/营收,现金流,0.024275184785908996,3784,3860
2022-10-27,fcfToEv,自由现金流/企业价值,现金流,-0.028251398042898432,3688,3860
2022-10-27,debtToAssets,资产负债率,质量,0.05828776609477666,3784,3860
2022-10-27,receivablesTurnover,应收账款周转率,质量,0.07136741807738829,2242,3860
2022-10-27,inventoryTurnover,存货周转率,质量,0.05282310857701116,2242,3860
2022-10-27,logMarketCap,总市值(对数),规模,-0.04033196314531813,3860,3860
2022-10-27,logRevenue,营业收入(对数),规模,-0.10651855215741537,3784,3860
2022-10-27,logAssets,总资产(对数),规模,-0.12765254356308378,3784,3860
2022-10-27,turnover,换手率,换手率,0.020005288638784972,3860,3860
2022-10-27,turnover20,20日平均换手率,换手率,-0.00479872411814522,3860,3860
2022-10-27,turnoverStd20,20日换手率标准差,换手率,0.012345361984616495,3860,3860
2022-11-03,roe,ROE,盈利,-0.08216858292791678,3747,3867
2022-11-03,grossMargin,毛利率,盈利,-0.05568486563379971,3749,3867
2022-11-03,ocfToRevenue,经营现金流/营收,现金流,-0.03962293078804536,3791,3867
2022-11-03,fcfToEv,自由现金流/企业价值,现金流,0.01858512095999729,3696,3867
2022-11-03,debtToAssets,资产负债率,质量,-0.06663784925708456,3791,3867
2022-11-03,receivablesTurnover,应收账款周转率,质量,-0.016090875562711267,2241,3867
2022-11-03,inventoryTurnover,存货周转率,质量,-0.13147819320251034,2241,3867
2022-11-03,logMarketCap,总市值(对数),规模,-0.15860698609036422,3867,3867
2022-11-03,logRevenue,营业收入(对数),规模,-0.04408686335426423,3791,3867
2022-11-03,logAssets,总资产(对数),规模,-0.045937364184886295,3791,3867
2022-11-03,turnover,换手率,换手率,0.011812508825963602,3867,3867
2022-11-03,turnover20,20日平均换手率,换手率,0.007036153311306033,3867,3867
2022-11-03,turnoverStd20,20日换手率标准差,换手率,0.023762632795131015,3867,3867
2022-11-10,roe,ROE,盈利,-0.023508004078958523,3752,3871
2022-11-10,grossMargin,毛利率,盈利,0.024637091237060607,3754,3871
2022-11-10,ocfToRevenue,经营现金流/营收,现金流,0.012919025269871005,3796,3871
2022-11-10,fcfToEv,自由现金流/企业价值,现金流,0.00016106424079719521,3702,3871
2022-11-10,debtToAssets,资产负债率,质量,0.03141014816111704,3796,3871
2022-11-10,receivablesTurnover,应收账款周转率,质量,0.06144521595336927,2245,3871
2022-11-10,inventoryTurnover,存货周转率,质量,-0.04423649754332358,2245,3871
2022-11-10,logMarketCap,总市值(对数),规模,-0.07776929002847802,3871,3871
2022-11-10,logRevenue,营业收入(对数),规模,0.0065475671190372104,3796,3871
2022-11-10,logAssets,总资产(对数),规模,-0.006953072645875743,3796,3871
2022-11-10,turnover,换手率,换手率,0.22090803518008154,3871,3871
2022-11-10,turnover20,20日平均换手率,换手率,0.17219414129482952,3871,3871
2022-11-10,turnoverStd20,20日换手率标准差,换手率,0.1826591961674718,3871,3871
2022-11-17,roe,ROE,盈利,0.011391658350261279,3756,3876
2022-11-17,grossMargin,毛利率,盈利,-0.05211985628475738,3758,3876
2022-11-17,ocfToRevenue,经营现金流/营收,现金流,-0.0081094807054451,3800,3876
2022-11-17,fcfToEv,自由现金流/企业价值,现金流,0.00177684510018074,3706,3876
2022-11-17,debtToAssets,资产负债率,质量,-0.055052881917922146,3800,3876
2022-11-17,receivablesTurnover,应收账款周转率,质量,-0.037050012325286326,2245,3876
2022-11-17,inventoryTurnover,存货周转率,质量,0.05995552064020496,2245,3876
2022-11-17,logMarketCap,总市值(对数),规模,0.07405990947788457,3876,3876
2022-11-17,logRevenue,营业收入(对数),规模,0.10043943776431473,3800,3876
2022-11-17,logAssets,总资产(对数),规模,0.09594611433435883,3800,3876
2022-11-17,turnover,换手率,换手率,1.0308396459367018e-05,3876,3876
2022-11-17,turnover20,20日平均换手率,换手率,-0.006003454033774229,3876,3876
2022-11-17,turnoverStd20,20日换手率标准差,换手率,-0.011474312323164851,3876,3876
2022-11-24,roe,ROE,盈利,-0.07969796127460811,3766,3886
2022-11-24,grossMargin,毛利率,盈利,-0.03080505796331957,3768,3886
2022-11-24,ocfToRevenue,经营现金流/营收,现金流,-0.030277115052533866,3810,3886
2022-11-24,fcfToEv,自由现金流/企业价值,现金流,0.009377347572283338,3716,3886
2022-11-24,debtToAssets,资产负债率,质量,-0.044855740593944274,3810,3886
2022-11-24,receivablesTurnover,应收账款周转率,质量,-0.10509045703305808,2246,3886
2022-11-24,inventoryTurnover,存货周转率,质量,-0.15849092908609663,2246,3886
2022-11-24,logMarketCap,总市值(对数),规模,0.052448924958678735,3886,3886
2022-11-24,logRevenue,营业收入(对数),规模,0.10959944032648432,3810,3886
2022-11-24,logAssets,总资产(对数),规模,0.1319710717664793,3810,3886
2022-11-24,turnover,换手率,换手率,0.05230379786811016,3886,3886
2022-11-24,turnover20,20日平均换手率,换手率,0.05436742544235287,3886,3886
2022-11-24,turnoverStd20,20日换手率标准差,换手率,0.029613948821093174,3886,3886
2022-12-01,roe,ROE,盈利,-0.042518420039026734,3771,3891
2022-12-01,grossMargin,毛利率,盈利,-0.007165420507165431,3773,3891
2022-12-01,ocfToRevenue,经营现金流/营收,现金流,-0.028306729897352195,3815,3891
2022-12-01,fcfToEv,自由现金流/企业价值,现金流,0.0006408971893948468,3721,3891
2022-12-01,debtToAssets,资产负债率,质量,-0.02538803784971908,3815,3891
2022-12-01,receivablesTurnover,应收账款周转率,质量,-0.0157277080623996,2247,3891
2022-12-01,inventoryTurnover,存货周转率,质量,-0.028626328979620964,2247,3891
2022-12-01,logMarketCap,总市值(对数),规模,-0.08112092096071674,3891,3891
2022-12-01,logRevenue,营业收入(对数),规模,-0.00898843235561124,3815,3891
2022-12-01,logAssets,总资产(对数),规模,-0.020638451126571224,3815,3891
2022-12-01,turnover,换手率,换手率,0.1196473867492133,3891,3891
2022-12-01,turnover20,20日平均换手率,换手率,0.10653041561267182,3891,3891
2022-12-01,turnoverStd20,20日换手率标准差,换手率,0.10333856418137972,3891,3891
2022-12-08,roe,ROE,盈利,0.013592162149162014,3775,3895
2022-12-08,grossMargin,毛利率,盈利,0.041806507257808316,3777,3895
2022-12-08,ocfToRevenue,经营现金流/营收,现金流,0.0001730620459324805,3819,3895
2022-12-08,fcfToEv,自由现金流/企业价值,现金流,-0.014543501847741749,3726,3895
2022-12-08,debtToAssets,资产负债率,质量,0.030389003340942685,3819,3895
2022-12-08,receivablesTurnover,应收账款周转率,质量,0.03319838577282614,2244,3895
2022-12-08,inventoryTurnover,存货周转率,质量,0.038165519415989176,2244,3895
2022-12-08,logMarketCap,总市值(对数),规模,-0.08207221560163792,3895,3895
2022-12-08,logRevenue,营业收入(对数),规模,-0.049116597551425514,3819,3895
2022-12-08,logAssets,总资产(对数),规模,-0.06632400692739368,3819,3895
2022-12-08,turnover,换手率,换手率,0.05240164852072794,3895,3895
2022-12-08,turnover20,20日平均换手率,换手率,0.018789100200708637,3895,3895
2022-12-08,turnoverStd20,20日换手率标准差,换手率,0.01740226785472498,3895,3895
2022-12-15,roe,ROE,盈利,-0.049751356274603954,3780,3900
2022-12-15,grossMargin,毛利率,盈利,-0.012705383579829643,3782,3900
2022-12-15,ocfToRevenue,经营现金流/营收,现金流,-0.0683046142746062,3824,3900
2022-12-15,fcfToEv,自由现金流/企业价值,现金流,0.02336967729426213,3730,3900
2022-12-15,debtToAssets,资产负债率,质量,-0.015724972576678136,3824,3900
2022-12-15,receivablesTurnover,应收账款周转率,质量,-0.09560089389864851,2244,3900
2022-12-15,inventoryTurnover,存货周转率,质量,-0.039653246164433324,2244,3900
2022-12-15,logMarketCap,总市值(对数),规模,0.17057498229137555,3900,3900
2022-12-15,logRevenue,营业收入(对数),规模,0.17541224067113725,3824,3900
2022-12-15,logAssets,总资产(对数),规模,0.1893136851088206,3824,3900
2022-12-15,turnover,换手率,换手率,0.054023620651512276,3900,3900
2022-12-15,turnover20,20日平均换手率,换手率,0.0763538530070591,3900,3900
2022-12-15,turnoverStd20,20日换手率标准差,换手率,0.048879687514582465,3900,3900
2022-12-22,roe,ROE,盈利,0.06385957582659171,3786,3906
2022-12-22,grossMargin,毛利率,盈利,0.060375813439418516,3788,3906
2022-12-22,ocfToRevenue,经营现金流/营收,现金流,0.007122823140160539,3830,3906
2022-12-22,fcfToEv,自由现金流/企业价值,现金流,0.00374077959747009,3736,3906
2022-12-22,debtToAssets,资产负债率,质量,0.03497552101830054,3830,3906
2022-12-22,receivablesTurnover,应收账款周转率,质量,-0.04329305403963502,2242,3906
2022-12-22,inventoryTurnover,存货周转率,质量,-0.030963169491433632,2242,3906
2022-12-22,logMarketCap,总市值(对数),规模,0.1472074603197032,3906,3906
2022-12-22,logRevenue,营业收入(对数),规模,0.04860271989949937,3830,3906
2022-12-22,logAssets,总资产(对数),规模,0.0685147303734926,3830,3906
2022-12-22,turnover,换手率,换手率,0.04298152229985506,3906,3906
2022-12-22,turnover20,20日平均换手率,换手率,0.04024704958111594,3906,3906
2022-12-22,turnoverStd20,20日换手率标准差,换手率,0.0597814241915198,3906,3906
2022-12-29,roe,ROE,盈利,0.08887979067469395,3795,3915
2022-12-29,grossMargin,毛利率,盈利,0.04025868677911984,3797,3915
2022-12-29,ocfToRevenue,经营现金流/营收,现金流,0.07814569594882945,3839,3915
2022-12-29,fcfToEv,自由现金流/企业价值,现金流,-0.015363551830242924,3743,3915
2022-12-29,debtToAssets,资产负债率,质量,0.03220294959211765,3839,3915
2022-12-29,receivablesTurnover,应收账款周转率,质量,0.10773010971154479,2244,3915
2022-12-29,inventoryTurnover,存货周转率,质量,0.011264675576985012,2244,3915
2022-12-29,logMarketCap,总市值(对数),规模,-0.07513243864809249,3915,3915
2022-12-29,logRevenue,营业收入(对数),规模,-0.08381443069960783,3839,3915
2022-12-29,logAssets,总资产(对数),规模,-0.09817982220330725,3839,3915
2022-12-29,turnover,换手率,换手率,-0.021209549036038656,3915,3915
2022-12-29,turnover20,20日平均换手率,换手率,-0.038446199411673106,3915,3915
2022-12-29,turnoverStd20,20日换手率标准差,换手率,0.010906119019622542,3915,3915
2023-01-06,roe,ROE,盈利,0.045935531309190925,3799,3917
2023-01-06,grossMargin,毛利率,盈利,0.025381584548148626,3801,3917
2023-01-06,ocfToRevenue,经营现金流/营收,现金流,-0.016380347009736233,3843,3917
2023-01-06,fcfToEv,自由现金流/企业价值,现金流,0.013347399106685053,3748,3917
2023-01-06,debtToAssets,资产负债率,质量,0.020855527208970943,3843,3917
2023-01-06,receivablesTurnover,应收账款周转率,质量,0.0013185440934529158,2246,3917
2023-01-06,inventoryTurnover,存货周转率,质量,0.17006764005473565,2246,3917
2023-01-06,logMarketCap,总市值(对数),规模,0.1674455841303033,3917,3917
2023-01-06,logRevenue,营业收入(对数),规模,0.16469378219570235,3843,3917
2023-01-06,logAssets,总资产(对数),规模,0.1648972498948227,3843,3917
2023-01-06,turnover,换手率,换手率,0.021687769327142916,3917,3917
2023-01-06,turnover20,20日平均换手率,换手率,0.07385297387613748,3917,3917
2023-01-06,turnoverStd20,20日换手率标准差,换手率,0.07167899355877834,3917,3917
2023-01-13,roe,ROE,盈利,0.01246910143057642,3803,3920
2023-01-13,grossMargin,毛利率,盈利,0.014939411444388566,3805,3920
2023-01-13,ocfToRevenue,经营现金流/营收,现金流,0.06258976418099603,3847,3920
2023-01-13,fcfToEv,自由现金流/企业价值,现金流,0.007651676415819948,3752,3920
2023-01-13,debtToAssets,资产负债率,质量,0.0009372379650490278,3847,3920
2023-01-13,receivablesTurnover,应收账款周转率,质量,-0.001656732683024733,2246,3920
2023-01-13,inventoryTurnover,存货周转率,质量,-0.0012901293780143543,2246,3920
2023-01-13,logMarketCap,总市值(对数),规模,-0.03652855939296591,3920,3920
2023-01-13,logRevenue,营业收入(对数),规模,-0.008947509353119318,3847,3920
2023-01-13,logAssets,总资产(对数),规模,0.005391130057523134,3847,3920
2023-01-13,turnover,换手率,换手率,0.19473831485918006,3920,3920
2023-01-13,turnover20,20日平均换手率,换手率,0.14870017719730952,3920,3920
2023-01-13,turnoverStd20,20日换手率标准差,换手率,0.1696063649435425,3920,3920
2023-01-20,roe,ROE,盈利,-0.01588190837888031,3807,3924
2023-01-20,grossMargin,毛利率,盈利,-0.006702202741302908,3809,3924
2023-01-20,ocfToRevenue,经营现金流/营收,现金流,0.07934907651495945,3852,3924
2023-01-20,fcfToEv,自由现金流/企业价值,现金流,-0.015146401369778345,3756,3924
2023-01-20,debtToAssets,资产负债率,质量,0.022938187164784043,3852,3924
2023-01-20,receivablesTurnover,应收账款周转率,质量,0.13958182838474748,2248,3924
2023-01-20,inventoryTurnover,存货周转率,质量,-0.04170452984512521,2248,3924
2023-01-20,logMarketCap,总市值(对数),规模,-0.2728322287516959,3924,3924
2023-01-20,logRevenue,营业收入(对数),规模,-0.2310024225167783,3852,3924
2023-01-20,logAssets,总资产(对数),规模,-0.2617199754021552,3852,3924
2023-01-20,turnover,换手率,换手率,0.02519165739303738,3924,3924
2023-01-20,turnover20,20日平均换手率,换手率,0.02722835963698288,3924,3924
2023-01-20,turnoverStd20,20日换手率标准差,换手率,0.07059332969990721,3924,3924
2023-02-03,roe,ROE,盈利,0.028448690456949123,3815,3932
2023-02-03,grossMargin,毛利率,盈利,-0.0034728779603839443,3817,3932
2023-02-03,ocfToRevenue,经营现金流/营收,现金流,0.08821111366122533,3860,3932
2023-02-03,fcfToEv,自由现金流/企业价值,现金流,0.006753058266573713,3764,3932
2023-02-03,debtToAssets,资产负债率,质量,0.029675926010502732,3860,3932
2023-02-03,receivablesTurnover,应收账款周转率,质量,0.12261146983849708,2250,3932
2023-02-03,inventoryTurnover,存货周转率,质量,-0.025889057707971713,2250,3932
2023-02-03,logMarketCap,总市值(对数),规模,-0.20571049217464693,3932,3932
2023-02-03,logRevenue,营业收入(对数),规模,-0.0859637068668393,3860,3932
2023-02-03,logAssets,总资产(对数),规模,-0.10417850307715151,3860,3932
2023-02-03,turnover,换手率,换手率,0.169857225202719,3932,3932
2023-02-03,turnover20,20日平均换手率,换手率,0.19641831868455775,3932,3932
2023-02-03,turnoverStd20,20日换手率标准差,换手率,0.20795499794397926,3932,3932
2023-02-10,roe,ROE,盈利,-0.009793954058435517,3818,3934
2023-02-10,grossMargin,毛利率,盈利,0.02891060942457826,3820,3934
2023-02-10,ocfToRevenue,经营现金流/营收,现金流,-0.04770168243618968,3863,3934
2023-02-10,fcfToEv,自由现金流/企业价值,现金流,0.011684161870525353,3767,3934
2023-02-10,debtToAssets,资产负债率,质量,0.014828428757983224,3863,3934
2023-02-10,receivablesTurnover,应收账款周转率,质量,0.05441107327488754,2251,3934
2023-02-10,inventoryTurnover,存货周转率,质量,0.10353821955820561,2251,3934
2023-02-10,logMarketCap,总市值(对数),规模,-0.024040927754211374,3934,3934
2023-02-10,logRevenue,营业收入(对数),规模,0.06145811575443704,3863,3934
2023-02-10,logAssets,总资产(对数),规模,0.05278901349793443,3863,3934
2023-02-10,turnover,换手率,换手率,0.11955452039722007,3934,3934
2023-02-10,turnover20,20日平均换手率,换手率,0.16018002286087885,3934,3934
2023-02-10,turnoverStd20,20日换手率标准差,换手率,0.1391213063538936,3934,3934
2023-02-17,roe,ROE,盈利,0.06739763357054862,3823,3938
2023-02-17,grossMargin,毛利率,盈利,0.010033362920179933,3825,3938
2023-02-17,ocfToRevenue,经营现金流/营收,现金流,0.05661161057003076,3868,3938
2023-02-17,fcfToEv,自由现金流/企业价值,现金流,0.014915156758617138,3772,3938
2023-02-17,debtToAssets,资产负债率,质量,-0.005678868306160297,3868,3938
2023-02-17,receivablesTurnover,应收账款周转率,质量,-0.04066249693559903,2252,3938
2023-02-17,inventoryTurnover,存货周转率,质量,0.01879520522546537,2252,3938
2023-02-17,logMarketCap,总市值(对数),规模,0.0304743176768099,3938,3938
2023-02-17,logRevenue,营业收入(对数),规模,0.07808505204704963,3868,3938
2023-02-17,logAssets,总资产(对数),规模,0.07935411747732893,3868,3938
2023-02-17,turnover,换手率,换手率,0.07107150312272612,3938,3938
2023-02-17,turnover20,20日平均换手率,换手率,0.0891356730557478,3938,3938
2023-02-17,turnoverStd20,20日换手率标准差,换手率,0.08596901464414251,3938,3938
2023-02-24,roe,ROE,盈利,-0.0849401416020358,3828,3943
2023-02-24,grossMargin,毛利率,盈利,-0.06144278974737315,3830,3943
2023-02-24,ocfToRevenue,经营现金流/营收,现金流,-0.0118495295540136,3873,3943
2023-02-24,fcfToEv,自由现金流/企业价值,现金流,0.004057174018949428,3777,3943
2023-02-24,debtToAssets,资产负债率,质量,-0.05252106278187283,3873,3943
2023-02-24,receivablesTurnover,应收账款周转率,质量,-0.0049956686017952265,2252,3943
2023-02-24,inventoryTurnover,存货周转率,质量,-0.19374603858612158,2252,3943
2023-02-24,logMarketCap,总市值(对数),规模,0.045189513630346664,3943,3943
2023-02-24,logRevenue,营业收入(对数),规模,0.1279699820638873,3873,3943
2023-02-24,logAssets,总资产(对数),规模,0.12704570717013308,3873,3943
2023-02-24,turnover,换手率,换手率,0.087011685231163,3943,3943
2023-02-24,turnover20,20日平均换手率,换手率,0.0697861337109016,3943,3943
2023-02-24,turnoverStd20,20日换手率标准差,换手率,0.046139702171344554,3943,3943
2023-03-03,roe,ROE,盈利,0.03748018397330038,3832,3949
2023-03-03,grossMargin,毛利率,盈利,0.057722689893658516,3834,3949
2023-03-03,ocfToRevenue,经营现金流/营收,现金流,0.03900354897458208,3877,3949
2023-03-03,fcfToEv,自由现金流/企业价值,现金流,-0.014784717572412438,3783,3949
2023-03-03,debtToAssets,资产负债率,质量,0.06992270544723549,3877,3949
2023-03-03,receivablesTurnover,应收账款周转率,质量,0.05627860106585795,2253,3949
2023-03-03,inventoryTurnover,存货周转率,质量,-0.05133946665391557,2253,3949
2023-03-03,logMarketCap,总市值(对数),规模,-0.1494965560443117,3949,3949
2023-03-03,logRevenue,营业收入(对数),规模,-0.13135483092295577,3877,3949
2023-03-03,logAssets,总资产(对数),规模,-0.13425319024706733,3877,3949
2023-03-03,turnover,换手率,换手率,0.21293552669529497,3949,3949
2023-03-03,turnover20,20日平均换手率,换手率,0.22647900362753953,3949,3949
2023-03-03,turnoverStd20,20日换手率标准差,换手率,0.2205759004074062,3949,3949
2023-03-10,roe,ROE,盈利,-0.08258705353994088,3834,3952
2023-03-10,grossMargin,毛利率,盈利,-0.040716420236584235,3836,3952
2023-03-10,ocfToRevenue,经营现金流/营收,现金流,0.010866740875614503,3879,3952
2023-03-10,fcfToEv,自由现金流/企业价值,现金流,0.010350820037207135,3783,3952
2023-03-10,debtToAssets,资产负债率,质量,-0.0037892937211289456,3879,3952
2023-03-10,receivablesTurnover,应收账款周转率,质量,0.05151321307307482,2251,3952
2023-03-10,inventoryTurnover,存货周转率,质量,-0.12895270284607385,2251,3952
2023-03-10,logMarketCap,总市值(对数),规模,0.09379082107708892,3952,3952
2023-03-10,logRevenue,营业收入(对数),规模,0.15531179912987264,3879,3952
2023-03-10,logAssets,总资产(对数),规模,0.15758186331884408,3879,3952
2023-03-10,turnover,换手率,换手率,0.10376569081969902,3952,3952
2023-03-10,turnover20,20日平均换手率,换手率,0.07208552285386771,3952,3952
2023-03-10,turnoverStd20,20日换手率标准差,换手率,0.04946969172698226,3952,3952
2023-03-17,roe,ROE,盈利,0.038304610989945996,3840,3957
2023-03-17,grossMargin,毛利率,盈利,0.007349205521987736,3842,3957
2023-03-17,ocfToRevenue,经营现金流/营收,现金流,0.044200839596299085,3885,3957
2023-03-17,fcfToEv,自由现金流/企业价值,现金流,-0.01239317904965348,3791,3957
2023-03-17,debtToAssets,资产负债率,质量,0.047890644423183776,3885,3957
2023-03-17,receivablesTurnover,应收账款周转率,质量,0.08422829592688427,2253,3957
2023-03-17,inventoryTurnover,存货周转率,质量,2.1571425539490985e-05,2253,3957
2023-03-17,logMarketCap,总市值(对数),规模,-0.08938074711863665,3957,3957
2023-03-17,logRevenue,营业收入(对数),规模,-0.043131122169321315,3885,3957
2023-03-17,logAssets,总资产(对数),规模,-0.055128689345549965,3885,3957
2023-03-17,turnover,换手率,换手率,0.16744408263314056,3957,3957
2023-03-17,turnover20,20日平均换手率,换手率,0.11573996559163131,3957,3957
2023-03-17,turnoverStd20,20日换手率标准差,换手率,0.15784782761208305,3957,3957
2023-03-24,roe,ROE,盈利,0.028643896989621807,3846,3961
2023-03-24,grossMargin,毛利率,盈利,0.032721218546100446,3848,3961
2023-03-24,ocfToRevenue,经营现金流/营收,现金流,-0.04067483302868563,3891,3961
2023-03-24,fcfToEv,自由现金流/企业价值,现金流,-0.0030147338245179517,3797,3961
2023-03-24,debtToAssets,资产负债率,质量,-0.005180862617388618,3891,3961
2023-03-24,receivablesTurnover,应收账款周转率,质量,-0.03852416901455498,2253,3961
2023-03-24,inventoryTurnover,存货周转率,质量,0.03941044273456382,2253,3961
2023-03-24,logMarketCap,总市值(对数),规模,0.20314871762578265,3961,3961
2023-03-24,logRevenue,营业收入(对数),规模,0.1378074735090133,3891,3961
2023-03-24,logAssets,总资产(对数),规模,0.14394488130967467,3891,3961
2023-03-24,turnover,换手率,换手率,0.01618948228689494,3961,3961
2023-03-24,turnover20,20日平均换手率,换手率,-0.00557741693531211,3961,3961
2023-03-24,turnoverStd20,20日换手率标准差,换手率,-0.008440212620273438,3961,3961
2023-03-31,roe,ROE,盈利,0.028625364966035124,3851,3963
2023-03-31,grossMargin,毛利率,盈利,0.041134538369773,3853,3963
2023-03-31,ocfToRevenue,经营现金流/营收,现金流,-0.024014318754893117,3896,3963
2023-03-31,fcfToEv,自由现金流/企业价值,现金流,0.00026974380244596067,3804,3963
2023-03-31,debtToAssets,资产负债率,质量,0.028270486367307092,3896,3963
2023-03-31,receivablesTurnover,应收账款周转率,质量,-0.09194673611754112,2254,3963
2023-03-31,inventoryTurnover,存货周转率,质量,-0.01490207626901657,2254,3963
2023-03-31,logMarketCap,总市值(对数),规模,0.23572309448657655,3963,3963
2023-03-31,logRevenue,营业收入(对数),规模,0.1524183576253126,3896,3963
2023-03-31,logAssets,总资产(对数),规模,0.18387167351024833,3896,3963
2023-03-31,turnover,换手率,换手率,0.006308625971238533,3963,3963
2023-03-31,turnover20,20日平均换手率,换手率,-0.0064722200603964,3963,3963
2023-03-31,turnoverStd20,20日换手率标准差,换手率,-0.03548636362494305,3963,3963
2023-04-10,roe,ROE,盈利,-0.009005397213764265,3851,3964
2023-04-10,grossMargin,毛利率,盈利,-0.028277919367381523,3853,3964
2023-04-10,ocfToRevenue,经营现金流/营收,现金流,-0.01511124393000546,3896,3964
2023-04-10,fcfToEv,自由现金流/企业价值,现金流,0.017688848515570618,3804,3964
2023-04-10,debtToAssets,资产负债率,质量,-0.027987503475547747,3896,3964
2023-04-10,receivablesTurnover,应收账款周转率,质量,-0.04678292653164224,2253,3964
2023-04-10,inventoryTurnover,存货周转率,质量,-0.1357810577262175,2252,3964
2023-04-10,logMarketCap,总市值(对数),规模,-0.05164356323917557,3964,3964
2023-04-10,logRevenue,营业收入(对数),规模,0.015244756544492987,3896,3964
2023-04-10,logAssets,总资产(对数),规模,0.0192824801242787,3896,3964
2023-04-10,turnover,换手率,换手率,0.0359971800856394,3964,3964
2023-04-10,turnover20,20日平均换手率,换手率,0.020120412356875388,3964,3964
2023-04-10,turnoverStd20,20日换手率标准差,换手率,0.018942450803012857,3964,3964
2023-04-17,roe,ROE,盈利,-0.029490165679730455,3854,3967
2023-04-17,grossMargin,毛利率,盈利,-0.05133646666201579,3856,3967
2023-04-17,ocfToRevenue,经营现金流/营收,现金流,-0.04640545445245962,3899,3967
2023-04-17,fcfToEv,自由现金流/企业价值,现金流,0.011844700493072317,3807,3967
2023-04-17,debtToAssets,资产负债率,质量,-0.0011918242461830442,3899,3967
2023-04-17,receivablesTurnover,应收账款周转率,质量,0.0002654110450691015,2252,3967
2023-04-17,inventoryTurnover,存货周转率,质量,-0.03561463428457905,2251,3967
2023-04-17,logMarketCap,总市值(对数),规模,0.06899941711532465,3967,3967
2023-04-17,logRevenue,营业收入(对数),规模,0.09904937069947085,3899,3967
2023-04-17,logAssets,总资产(对数),规模,0.10467188872496092,3899,3967
2023-04-17,turnover,换手率,换手率,0.01215216760472173,3967,3967
2023-04-17,turnover20,20日平均换手率,换手率,0.04916681126246418,3967,3967
2023-04-17,turnoverStd20,20日换手率标准差,换手率,0.018525814134697057,3967,3967
2023-04-24,roe,ROE,盈利,-0.06283932350196061,3865,3975
2023-04-24,grossMargin,毛利率,盈利,-0.023759128260750294,3867,3975
2023-04-24,ocfToRevenue,经营现金流/营收,现金流,-0.016467538039053303,3910,3975
2023-04-24,fcfToEv,自由现金流/企业价值,现金流,0.06211572599198791,3818,3975
2023-04-24,debtToAssets,资产负债率,质量,0.005458140073518829,3910,3975
2023-04-24,receivablesTurnover,应收账款周转率,质量,0.07218652395833139,2253,3975
2023-04-24,inventoryTurnover,存货周转率,质量,-0.12302888585537723,2253,3975
2023-04-24,logMarketCap,总市值(对数),规模,-0.14716857935110994,3975,3975
2023-04-24,logRevenue,营业收入(对数),规模,-0.04149150531340931,3910,3975
2023-04-24,logAssets,总资产(对数),规模,-0.05592228254477666,3910,3975
2023-04-24,turnover,换手率,换手率,0.09897060987828883,3975,3975
2023-04-24,turnover20,20日平均换手率,换手率,0.1311707661651722,3975,3975
2023-04-24,turnoverStd20,20日换手率标准差,换手率,0.12525869592480063,3975,3975
2023-05-04,roe,ROE,盈利,-0.028766605009768992,3853,3944
2023-05-04,grossMargin,毛利率,盈利,-0.0388829456383686,3855,3944
2023-05-04,ocfToRevenue,经营现金流/营收,现金流,0.002212149386117607,3898,3944
2023-05-04,fcfToEv,自由现金流/企业价值,现金流,-0.020362007239171243,3805,3944
2023-05-04,debtToAssets,资产负债率,质量,-0.03073275907818552,3898,3944
2023-05-04,receivablesTurnover,应收账款周转率,质量,0.011223459738402332,2241,3944
2023-05-04,inventoryTurnover,存货周转率,质量,-0.14299242371715343,2241,3944
2023-05-04,logMarketCap,总市值(对数),规模,-0.09104301325023373,3944,3944
2023-05-04,logRevenue,营业收入(对数),规模,-0.013460351209333936,3896,3944
2023-05-04,logAssets,总资产(对数),规模,-0.00984313803639996,3898,3944
2023-05-04,turnover,换手率,换手率,0.0592298998778658,3944,3944
2023-05-04,turnover20,20日平均换手率,换手率,0.08182109995025393,3944,3944
2023-05-04,turnoverStd20,20日换手率标准差,换手率,0.08193972325857302,3944,3944
2023-05-11,roe,ROE,盈利,0.09018825308892224,3864,3962
2023-05-11,grossMargin,毛利率,盈利,0.055300091872003736,3866,3962
2023-05-11,ocfToRevenue,经营现金流/营收,现金流,0.053677001873656004,3909,3962
2023-05-11,fcfToEv,自由现金流/企业价值,现金流,0.01555616240899473,3816,3962
2023-05-11,debtToAssets,资产负债率,质量,0.08775307536771672,3909,3962
2023-05-11,receivablesTurnover,应收账款周转率,质量,0.1703092225374929,2249,3962
2023-05-11,inventoryTurnover,存货周转率,质量,0.07291682087772827,2249,3962
2023-05-11,logMarketCap,总市值(对数),规模,-0.22774169979753442,3962,3962
2023-05-11,logRevenue,营业收入(对数),规模,-0.21553265610740793,3907,3962
2023-05-11,logAssets,总资产(对数),规模,-0.24314364054408039,3909,3962
2023-05-11,turnover,换手率,换手率,0.08478169160983527,3962,3962
2023-05-11,turnover20,20日平均换手率,换手率,0.02900097484959898,3962,3962
2023-05-11,turnoverStd20,20日换手率标准差,换手率,0.05404873210555075,3962,3962
2023-05-18,roe,ROE,盈利,0.11480200403295639,3872,3971
2023-05-18,grossMargin,毛利率,盈利,0.08460243490153986,3874,3971
2023-05-18,ocfToRevenue,经营现金流/营收,现金流,-0.03253555481933882,3917,3971
2023-05-18,fcfToEv,自由现金流/企业价值,现金流,-0.01045509773983673,3824,3971
2023-05-18,debtToAssets,资产负债率,质量,0.0875807926355681,3917,3971
2023-05-18,receivablesTurnover,应收账款周转率,质量,0.11058109332232567,2250,3971
2023-05-18,inventoryTurnover,存货周转率,质量,0.14591633034572682,2250,3971
2023-05-18,logMarketCap,总市值(对数),规模,-0.1745216664066002,3971,3971
2023-05-18,logRevenue,营业收入(对数),规模,-0.18729742602456412,3915,3971
2023-05-18,logAssets,总资产(对数),规模,-0.2108087441696716,3917,3971
2023-05-18,turnover,换手率,换手率,0.09159958475823828,3971,3971
2023-05-18,turnover20,20日平均换手率,换手率,0.07674571298491517,3971,3971
2023-05-18,turnoverStd20,20日换手率标准差,换手率,0.07581865556561773,3971,3971
2023-05-25,roe,ROE,盈利,-0.02220173193742623,3874,3972
2023-05-25,grossMargin,毛利率,盈利,-0.048084137354536455,3876,3972
2023-05-25,ocfToRevenue,经营现金流/营收,现金流,0.02293604896613017,3919,3972
2023-05-25,fcfToEv,自由现金流/企业价值,现金流,-0.03721357837846385,3825,3972
2023-05-25,debtToAssets,资产负债率,质量,0.007867048039816686,3919,3972
2023-05-25,receivablesTurnover,应收账款周转率,质量,0.07759840048562563,2249,3972
2023-05-25,inventoryTurnover,存货周转率,质量,-0.13362106608783922,2249,3972
2023-05-25,logMarketCap,总市值(对数),规模,0.014058619175953014,3972,3972
2023-05-25,logRevenue,营业收入(对数),规模,0.03803030089304739,3917,3972
2023-05-25,logAssets,总资产(对数),规模,0.044804433294594354,3919,3972
2023-05-25,turnover,换手率,换手率,0.09444645529671442,3972,3972
2023-05-25,turnover20,20日平均换手率,换手率,0.009118879775088273,3972,3972
2023-05-25,turnoverStd20,20日换手率标准差,换手率,0.01699356354715119,3972,3972
2023-06-01,roe,ROE,盈利,0.002785907549747779,3874,3972
2023-06-01,grossMargin,毛利率,盈利,-0.06896688537055327,3876,3972
2023-06-01,ocfToRevenue,经营现金流/营收,现金流,-0.02043152372298111,3919,3972
2023-06-01,fcfToEv,自由现金流/企业价值,现金流,0.004062036817853973,3826,3972
2023-06-01,debtToAssets,资产负债率,质量,-0.03033690981247225,3919,3972
2023-06-01,receivablesTurnover,应收账款周转率,质量,-0.16307800806326817,2249,3972
2023-06-01,inventoryTurnover,存货周转率,质量,-0.1279637709967275,2249,3972
2023-06-01,logMarketCap,总市值(对数),规模,-0.06605073072499247,3972,3972
2023-06-01,logRevenue,营业收入(对数),规模,0.0035698930260854695,3917,3972
2023-06-01,logAssets,总资产(对数),规模,-0.0013226823450856573,3919,3972
2023-06-01,turnover,换手率,换手率,-0.07856194740956801,3972,3972
2023-06-01,turnover20,20日平均换手率,换手率,-0.0838165265794017,3972,3972
2023-06-01,turnoverStd20,20日换手率标准差,换手率,-0.08841298156631751,3972,3972
2023-06-08,roe,ROE,盈利,0.027618204098726618,3879,3976
2023-06-08,grossMargin,毛利率,盈利,0.03779115723648657,3881,3976
2023-06-08,ocfToRevenue,经营现金流/营收,现金流,0.009296861110034298,3924,3976
2023-06-08,fcfToEv,自由现金流/企业价值,现金流,0.02339891938716443,3831,3976
2023-06-08,debtToAssets,资产负债率,质量,0.025007252419179508,3924,3976
2023-06-08,receivablesTurnover,应收账款周转率,质量,0.08641362548696532,2249,3976
2023-06-08,inventoryTurnover,存货周转率,质量,0.15637892031376296,2249,3976
2023-06-08,logMarketCap,总市值(对数),规模,0.10692944900792571,3976,3976
2023-06-08,logRevenue,营业收入(对数),规模,0.06883015198393078,3922,3976
2023-06-08,logAssets,总资产(对数),规模,0.05363540043014082,3924,3976
2023-06-08,turnover,换手率,换手率,0.045559592948334435,3976,3976
2023-06-08,turnover20,20日平均换手率,换手率,0.023773689757926778,3976,3976
2023-06-08,turnoverStd20,20日换手率标准差,换手率,0.018636166995535886,3976,3976
2023-06-15,roe,ROE,盈利,0.018357052511141742,3879,3975
2023-06-15,grossMargin,毛利率,盈利,0.004186111580121199,3881,3975
2023-06-15,ocfToRevenue,经营现金流/营收,现金流,-0.020034217488940735,3923,3975
2023-06-15,fcfToEv,自由现金流/企业价值,现金流,-0.030905820337091616,3831,3975
2023-06-15,debtToAssets,资产负债率,质量,-0.02097194499274602,3923,3975
2023-06-15,receivablesTurnover,应收账款周转率,质量,0.050174325628666167,2247,3975
2023-06-15,inventoryTurnover,存货周转率,质量,0.15128925008162,2247,3975
2023-06-15,logMarketCap,总市值(对数),规模,0.06940417015797555,3975,3975
2023-06-15,logRevenue,营业收入(对数),规模,0.06003600626491192,3921,3975
2023-06-15,logAssets,总资产(对数),规模,0.07556404173880205,3923,3975
2023-06-15,turnover,换手率,换手率,0.10582662227650591,3975,3975
2023-06-15,turnover20,20日平均换手率,换手率,0.09481577002506689,3975,3975
2023-06-15,turnoverStd20,20日换手率标准差,换手率,0.0882780238807827,3975,3975
2023-06-26,roe,ROE,盈利,-0.024032833632468605,3888,3986
2023-06-26,grossMargin,毛利率,盈利,-0.03281648065073934,3890,3986
2023-06-26,ocfToRevenue,经营现金流/营收,现金流,0.05094179857722009,3932,3986
2023-06-26,fcfToEv,自由现金流/企业价值,现金流,-0.0040384391315311545,3838,3986
2023-06-26,debtToAssets,资产负债率,质量,-0.037289608193761745,3932,3986
2023-06-26,receivablesTurnover,应收账款周转率,质量,0.02179530164939822,2248,3986
2023-06-26,inventoryTurnover,存货周转率,质量,0.001676044717820669,2248,3986
2023-06-26,logMarketCap,总市值(对数),规模,-0.25311027871719227,3986,3986
2023-06-26,logRevenue,营业收入(对数),规模,-0.13163492267534138,3930,3986
2023-06-26,logAssets,总资产(对数),规模,-0.1570874219757097,3932,3986
2023-06-26,turnover,换手率,换手率,0.10538933097459299,3986,3986
2023-06-26,turnover20,20日平均换手率,换手率,0.07589993967858502,3986,3986
2023-06-26,turnoverStd20,20日换手率标准差,换手率,0.1373409677058091,3986,3986
2023-07-03,roe,ROE,盈利,0.007257488127844675,3892,3991
2023-07-03,grossMargin,毛利率,盈利,-0.026456892025000567,3894,3991
2023-07-03,ocfToRevenue,经营现金流/营收,现金流,-0.005674959312178345,3937,3991
2023-07-03,fcfToEv,自由现金流/企业价值,现金流,0.0048983444552772246,3844,3991
2023-07-03,debtToAssets,资产负债率,质量,0.025761671050756902,3937,3991
2023-07-03,receivablesTurnover,应收账款周转率,质量,-0.07005752909754574,2248,3991
2023-07-03,inventoryTurnover,存货周转率,质量,-0.06256340903917106,2248,3991
2023-07-03,logMarketCap,总市值(对数),规模,-0.1302916277319717,3991,3991
2023-07-03,logRevenue,营业收入(对数),规模,-0.03895789748997451,3935,3991
2023-07-03,logAssets,总资产(对数),规模,-0.04618915999524768,3937,3991
2023-07-03,turnover,换手率,换手率,0.12736562069010077,3991,3991
2023-07-03,turnover20,20日平均换手率,换手率,0.1255139275581133,3991,3991
2023-07-03,turnoverStd20,20日换手率标准差,换手率,0.12404544508141496,3991,3991
2023-07-10,roe,ROE,盈利,0.0007165025952001413,3900,3999
2023-07-10,grossMargin,毛利率,盈利,0.004296438282641301,3902,3999
2023-07-10,ocfToRevenue,经营现金流/营收,现金流,0.005365783843571048,3945,3999
2023-07-10,fcfToEv,自由现金流/企业价值,现金流,-0.003737497325996141,3852,3999
2023-07-10,debtToAssets,资产负债率,质量,0.023180928933730673,3945,3999
2023-07-10,receivablesTurnover,应收账款周转率,质量,0.03821703495517098,2251,3999
2023-07-10,inventoryTurnover,存货周转率,质量,0.06683155551121599,2251,3999
2023-07-10,logMarketCap,总市值(对数),规模,-0.05942474572839492,3999,3999
2023-07-10,logRevenue,营业收入(对数),规模,-0.02098378060688417,3943,3999
2023-07-10,logAssets,总资产(对数),规模,-0.015133325984499573,3945,3999
2023-07-10,turnover,换手率,换手率,0.18469831950248403,3999,3999
2023-07-10,turnover20,20日平均换手率,换手率,0.15647860947779693,3999,3999
2023-07-10,turnoverStd20,20日换手率标准差,换手率,0.16437903167835735,3999,3999
2023-07-17,roe,ROE,盈利,-0.07925070670638105,3906,4004
2023-07-17,grossMargin,毛利率,盈利,-0.04797415466560952,3908,4004
2023-07-17,ocfToRevenue,经营现金流/营收,现金流,-0.03234464085406252,3951,4004
2023-07-17,fcfToEv,自由现金流/企业价值,现金流,-0.0031496170645597013,3858,4004
2023-07-17,debtToAssets,资产负债率,质量,-0.06755567850009167,3951,4004
2023-07-17,receivablesTurnover,应收账款周转率,质量,-0.10066845683759548,2253,4004
2023-07-17,inventoryTurnover,存货周转率,质量,-0.09571507402319208,2253,4004
2023-07-17,logMarketCap,总市值(对数),规模,-0.04472745356858626,4004,4004
2023-07-17,logRevenue,营业收入(对数),规模,0.06409235610867511,3949,4004
2023-07-17,logAssets,总资产(对数),规模,0.06187936301928687,3951,4004
2023-07-17,turnover,换手率,换手率,0.06852535382395213,4004,4004
2023-07-17,turnover20,20日平均换手率,换手率,0.11760542954941251,4004,4004
2023-07-17,turnoverStd20,20日换手率标准差,换手率,0.10857593519789517,4004,4004
2023-07-24,roe,ROE,盈利,-0.0845091604848137,3904,4002
2023-07-24,grossMargin,毛利率,盈利,-0.038971652997694735,3906,4002
2023-07-24,ocfToRevenue,经营现金流/营收,现金流,0.015475167476050716,3949,4002
2023-07-24,fcfToEv,自由现金流/企业价值,现金流,-0.005124267939410018,3856,4002
2023-07-24,debtToAssets,资产负债率,质量,-0.10401239864286528,3949,4002
2023-07-24,receivablesTurnover,应收账款周转率,质量,-0.15091666129192993,2252,4002
2023-07-24,inventoryTurnover,存货周转率,质量,-0.04687135014407575,2252,4002
2023-07-24,logMarketCap,总市值(对数),规模,0.05242684063632642,4002,4002
2023-07-24,logRevenue,营业收入(对数),规模,0.11399139929135389,3947,4002
2023-07-24,logAssets,总资产(对数),规模,0.13841907600046818,3949,4002
2023-07-24,turnover,换手率,换手率,0.09271950449623806,4002,4002
2023-07-24,turnover20,20日平均换手率,换手率,0.10205482155882552,4002,4002
2023-07-24,turnoverStd20,20日换手率标准差,换手率,0.10111164719070113,4002,4002
2023-07-31,roe,ROE,盈利,-0.030972220720309866,3913,4011
2023-07-31,grossMargin,毛利率,盈利,-0.04915831750557462,3915,4011
2023-07-31,ocfToRevenue,经营现金流/营收,现金流,0.033114760390627385,3958,4011
2023-07-31,fcfToEv,自由现金流/企业价值,现金流,0.002047021476995933,3866,4011
2023-07-31,debtToAssets,资产负债率,质量,-0.01887395886175992,3958,4011
2023-07-31,receivablesTurnover,应收账款周转率,质量,-0.019198392821932555,2254,4011
2023-07-31,inventoryTurnover,存货周转率,质量,-0.04197281095421711,2254,4011
2023-07-31,logMarketCap,总市值(对数),规模,0.10447339230347133,4011,4011
2023-07-31,logRevenue,营业收入(对数),规模,0.08043641601916028,3956,4011
2023-07-31,logAssets,总资产(对数),规模,0.08914576995968378,3958,4011
2023-07-31,turnover,换手率,换手率,0.05696831893416935,4011,4011
2023-07-31,turnover20,20日平均换手率,换手率,0.0456664262907321,4011,4011
2023-07-31,turnoverStd20,20日换手率标准差,换手率,0.03082627581204482,4011,4011
2023-08-07,roe,ROE,盈利,-0.007416197856231809,3918,4017
2023-08-07,grossMargin,毛利率,盈利,0.030496316781460052,3921,4017
2023-08-07,ocfToRevenue,经营现金流/营收,现金流,0.016974071836545777,3964,4017
2023-08-07,fcfToEv,自由现金流/企业价值,现金流,-0.012966570309361677,3872,4017
2023-08-07,debtToAssets,资产负债率,质量,0.05504010947050066,3964,4017
2023-08-07,receivablesTurnover,应收账款周转率,质量,0.022408715459284384,2254,4017
2023-08-07,inventoryTurnover,存货周转率,质量,-0.05362470543956151,2254,4017
2023-08-07,logMarketCap,总市值(对数),规模,-0.17709934336255304,4017,4017
2023-08-07,logRevenue,营业收入(对数),规模,-0.13147725596489312,3962,4017
2023-08-07,logAssets,总资产(对数),规模,-0.12724148685509182,3964,4017
2023-08-07,turnover,换手率,换手率,0.08406946357766884,4017,4017
2023-08-07,turnover20,20日平均换手率,换手率,0.02900938297203613,4017,4017
2023-08-07,turnoverStd20,20日换手率标准差,换手率,0.04076494812440542,4017,4017
2023-08-14,roe,ROE,盈利,0.019035170636564503,3925,4025
2023-08-14,grossMargin,毛利率,盈利,0.009004129849461247,3928,4025
2023-08-14,ocfToRevenue,经营现金流/营收,现金流,0.0035710065785370068,3971,4025
2023-08-14,fcfToEv,自由现金流/企业价值,现金流,0.005027104615204965,3878,4025
2023-08-14,debtToAssets,资产负债率,质量,0.04603314412382217,3971,4025
2023-08-14,receivablesTurnover,应收账款周转率,质量,0.031858349183780436,2255,4025
2023-08-14,inventoryTurnover,存货周转率,质量,-0.050254216213454626,2255,4025
2023-08-14,logMarketCap,总市值(对数),规模,-0.24699104762153234,4025,4025
2023-08-14,logRevenue,营业收入(对数),规模,-0.14280899978869466,3969,4025
2023-08-14,logAssets,总资产(对数),规模,-0.16317081950640963,3971,4025
2023-08-14,turnover,换手率,换手率,0.08466632716537821,4025,4025
2023-08-14,turnover20,20日平均换手率,换手率,0.08366657288899536,4025,4025
2023-08-14,turnoverStd20,20日换手率标准差,换手率,0.0935414755088205,4025,4025
2023-08-21,roe,ROE,盈利,-0.06845255621858999,3933,4032
2023-08-21,grossMargin,毛利率,盈利,-0.05650241622475313,3936,4032
2023-08-21,ocfToRevenue,经营现金流/营收,现金流,-0.052377071753268986,3979,4032
2023-08-21,fcfToEv,自由现金流/企业价值,现金流,0.014962030737410724,3884,4032
2023-08-21,debtToAssets,资产负债率,质量,-0.03278842547028814,3979,4032
2023-08-21,receivablesTurnover,应收账款周转率,质量,-0.0878249447296932,2254,4032
2023-08-21,inventoryTurnover,存货周转率,质量,-0.051841353067185944,2254,4032
2023-08-21,logMarketCap,总市值(对数),规模,0.1351298711685021,4032,4032
2023-08-21,logRevenue,营业收入(对数),规模,0.18386265698715423,3977,4032
2023-08-21,logAssets,总资产(对数),规模,0.20595467272429874,3979,4032
2023-08-21,turnover,换手率,换手率,0.022744793857455606,4032,4032
2023-08-21,turnover20,20日平均换手率,换手率,0.012366441176913705,4032,4032
2023-08-21,turnoverStd20,20日换手率标准差,换手率,-0.006582047284595623,4032,4032
2023-08-28,roe,ROE,盈利,0.08718788401306478,3937,4035
2023-08-28,grossMargin,毛利率,盈利,0.07981358795773516,3940,4035
2023-08-28,ocfToRevenue,经营现金流/营收,现金流,0.023149169570961383,3983,4035
2023-08-28,fcfToEv,自由现金流/企业价值,现金流,-0.014769520213900674,3889,4035
2023-08-28,debtToAssets,资产负债率,质量,0.06963673353819659,3983,4035
2023-08-28,receivablesTurnover,应收账款周转率,质量,0.09789977400122657,2256,4035
2023-08-28,inventoryTurnover,存货周转率,质量,0.12491820489239457,2256,4035
2023-08-28,logMarketCap,总市值(对数),规模,-0.17493259921732174,4035,4035
2023-08-28,logRevenue,营业收入(对数),规模,-0.17611770781883407,3981,4035
2023-08-28,logAssets,总资产(对数),规模,-0.20863771779308143,3983,4035
2023-08-28,turnover,换手率,换手率,0.022035028974162034,4035,4035
2023-08-28,turnover20,20日平均换手率,换手率,-0.026172988409581474,4035,4035
2023-08-28,turnoverStd20,20日换手率标准差,换手率,0.011766649585712555,4035,4035
2023-09-04,roe,ROE,盈利,0.025456511346824306,3943,4041
2023-09-04,grossMargin,毛利率,盈利,0.04979011645914447,3946,4041
2023-09-04,ocfToRevenue,经营现金流/营收,现金流,0.02944293085887199,3989,4041
2023-09-04,fcfToEv,自由现金流/企业价值,现金流,-0.003302524271851299,3895,4041
2023-09-04,debtToAssets,资产负债率,质量,0.02929267947055862,3989,4041
2023-09-04,receivablesTurnover,应收账款周转率,质量,0.11242072763703931,2256,4041
2023-09-04,inventoryTurnover,存货周转率,质量,0.05717884992750359,2256,4041
2023-09-04,logMarketCap,总市值(对数),规模,-0.07828130552241738,4041,4041
2023-09-04,logRevenue,营业收入(对数),规模,-0.07605356133505345,3988,4041
2023-09-04,logAssets,总资产(对数),规模,-0.061514667220822286,3989,4041
2023-09-04,turnover,换手率,换手率,0.194046284360895,4041,4041
2023-09-04,turnover20,20日平均换手率,换手率,0.189118562908397,4041,4041
2023-09-04,turnoverStd20,20日换手率标准差,换手率,0.19827552160928455,4041,4041
2023-09-11,roe,ROE,盈利,-0.02793711739317126,3951,4049
2023-09-11,grossMargin,毛利率,盈利,-0.019670143073577725,3954,4049
2023-09-11,ocfToRevenue,经营现金流/营收,现金流,-0.030400840012112917,3997,4049
2023-09-11,fcfToEv,自由现金流/企业价值,现金流,0.03412677979600867,3903,4049
2023-09-11,debtToAssets,资产负债率,质量,-0.030898424288604877,3997,4049
2023-09-11,receivablesTurnover,应收账款周转率,质量,-0.05268717938781058,2256,4049
2023-09-11,inventoryTurnover,存货周转率,质量,0.014067554516196104,2256,4049
2023-09-11,logMarketCap,总市值(对数),规模,-0.08524590006813085,4049,4049
2023-09-11,logRevenue,营业收入(对数),规模,0.019879631241973204,3996,4049
2023-09-11,logAssets,总资产(对数),规模,0.014978551884582431,3997,4049
2023-09-11,turnover,换手率,换手率,0.01674902515469055,4049,4049
2023-09-11,turnover20,20日平均换手率,换手率,0.04658571653911271,4049,4049
2023-09-11,turnoverStd20,20日换手率标准差,换手率,0.02302206897290034,4049,4049
2023-09-18,roe,ROE,盈利,0.009317569645750116,3953,4051
2023-09-18,grossMargin,毛利率,盈利,-0.009106803397647752,3956,4051
2023-09-18,ocfToRevenue,经营现金流/营收,现金流,-0.00923746386775653,3999,4051
2023-09-18,fcfToEv,自由现金流/企业价值,现金流,-0.005439200383073469,3905,4051
2023-09-18,debtToAssets,资产负债率,质量,0.04551680444613844,3999,4051
2023-09-18,receivablesTurnover,应收账款周转率,质量,0.058211173220514216,2257,4051
2023-09-18,inventoryTurnover,存货周转率,质量,0.04613239883138466,2257,4051
2023-09-18,logMarketCap,总市值(对数),规模,0.03623508217838495,4051,4051
2023-09-18,logRevenue,营业收入(对数),规模,0.06949588609560013,3998,4051
2023-09-18,logAssets,总资产(对数),规模,0.06257614511795105,3999,4051
2023-09-18,turnover,换手率,换手率,0.00985979192458035,4051,4051
2023-09-18,turnover20,20日平均换手率,换手率,-0.021028775872667445,4051,4051
2023-09-18,turnoverStd20,20日换手率标准差,换手率,-0.024591634421375668,4051,4051
2023-09-25,roe,ROE,盈利,-0.03787171644099717,3960,4059
2023-09-25,grossMargin,毛利率,盈利,0.023186555058083078,3963,4059
2023-09-25,ocfToRevenue,经营现金流/营收,现金流,0.01681396610228232,4006,4059
2023-09-25,fcfToEv,自由现金流/企业价值,现金流,0.014546776971203417,3913,4059
2023-09-25,debtToAssets,资产负债率,质量,0.015699567884805372,4006,4059
2023-09-25,receivablesTurnover,应收账款周转率,质量,0.18941050889287592,2257,4059
2023-09-25,inventoryTurnover,存货周转率,质量,0.05674910304371843,2257,4059
2023-09-25,logMarketCap,总市值(对数),规模,-0.08438795166047287,4059,4059
2023-09-25,logRevenue,营业收入(对数),规模,-0.11207250884058692,4005,4059
2023-09-25,logAssets,总资产(对数),规模,-0.106049052846218,4006,4059
2023-09-25,turnover,换手率,换手率,0.10899846203184581,4059,4059
2023-09-25,turnover20,20日平均换手率,换手率,0.05316259232558599,4059,4059
2023-09-25,turnoverStd20,20日换手率标准差,换手率,0.055750589794887874,4059,4059
2023-10-10,roe,ROE,盈利,-0.08508637836314734,3968,4067
2023-10-10,grossMargin,毛利率,盈利,-0.04766645561672378,3971,4067
2023-10-10,ocfToRevenue,经营现金流/营收,现金流,-0.04853822678772164,4014,4067
2023-10-10,fcfToEv,自由现金流/企业价值,现金流,-0.009609896060479845,3920,4067
2023-10-10,debtToAssets,资产负债率,质量,-0.018043324247131537,4014,4067
2023-10-10,receivablesTurnover,应收账款周转率,质量,0.007176329683897527,2255,4067
2023-10-10,inventoryTurnover,存货周转率,质量,0.03190569008400063,2255,4067
2023-10-10,logMarketCap,总市值(对数),规模,0.00032741988942883003,4067,4067
2023-10-10,logRevenue,营业收入(对数),规模,0.05318615527021378,4013,4067
2023-10-10,logAssets,总资产(对数),规模,0.053145885692465554,4014,4067
2023-10-10,turnover,换手率,换手率,0.023095969282146106,4067,4067
2023-10-10,turnover20,20日平均换手率,换手率,0.041209789581295106,4067,4067
2023-10-10,turnoverStd20,20日换手率标准差,换手率,0.025850034053094585,4067,4067
2023-10-17,roe,ROE,盈利,0.031758286416939285,3972,4071
2023-10-17,grossMargin,毛利率,盈利,-0.003608361315520321,3975,4071
2023-10-17,ocfToRevenue,经营现金流/营收,现金流,0.036122967642916066,4018,4071
2023-10-17,fcfToEv,自由现金流/企业价值,现金流,0.018356006133723776,3924,4071
2023-10-17,debtToAssets,资产负债率,质量,0.0033213246319919957,4018,4071
2023-10-17,receivablesTurnover,应收账款周转率,质量,0.027484345920289043,2255,4071
2023-10-17,inventoryTurnover,存货周转率,质量,-0.09244057808583427,2255,4071
2023-10-17,logMarketCap,总市值(对数),规模,-0.26668945195721316,4071,4071
2023-10-17,logRevenue,营业收入(对数),规模,-0.17223954880640108,4017,4071
2023-10-17,logAssets,总资产(对数),规模,-0.20082049089813192,4018,4071
2023-10-17,turnover,换手率,换手率,0.00772297955590727,4071,4071
2023-10-17,turnover20,20日平均换手率,换手率,0.024653864157800732,4071,4071
2023-10-17,turnoverStd20,20日换手率标准差,换手率,0.041047565670329786,4071,4071
2023-10-24,roe,ROE,盈利,-0.052663387431302694,3975,4074
2023-10-24,grossMargin,毛利率,盈利,-0.012541283970476961,3978,4074
2023-10-24,ocfToRevenue,经营现金流/营收,现金流,0.014264391944557545,4021,4074
2023-10-24,fcfToEv,自由现金流/企业价值,现金流,-0.0036596975339049658,3927,4074
2023-10-24,debtToAssets,资产负债率,质量,0.009305800590939984,4021,4074
2023-10-24,receivablesTurnover,应收账款周转率,质量,0.08001889232123845,2255,4074
2023-10-24,inventoryTurnover,存货周转率,质量,0.07565484656099067,2255,4074
2023-10-24,logMarketCap,总市值(对数),规模,-0.08546275475656469,4074,4074
2023-10-24,logRevenue,营业收入(对数),规模,-0.044928300618648685,4020,4074
2023-10-24,logAssets,总资产(对数),规模,-0.04727143353628592,4021,4074
2023-10-24,turnover,换手率,换手率,0.11366821620784445,4074,4074
2023-10-24,turnover20,20日平均换手率,换手率,0.11224660618419337,4074,4074
2023-10-24,turnoverStd20,20日换手率标准差,换手率,0.09917089693240483,4074,4074
2023-10-31,roe,ROE,盈利,0.03430603536004215,3984,4083
2023-10-31,grossMargin,毛利率,盈利,0.03410404475946489,3987,4083
2023-10-31,ocfToRevenue,经营现金流/营收,现金流,0.060596278811760315,4030,4083
2023-10-31,fcfToEv,自由现金流/企业价值,现金流,-0.016914405759914323,3934,4083
2023-10-31,debtToAssets,资产负债率,质量,0.03552226527499159,4030,4083
2023-10-31,receivablesTurnover,应收账款周转率,质量,0.14774752322683052,2256,4083
2023-10-31,inventoryTurnover,存货周转率,质量,-0.04044282480410087,2256,4083
2023-10-31,logMarketCap,总市值(对数),规模,-0.178602187920493,4083,4083
2023-10-31,logRevenue,营业收入(对数),规模,-0.16699152710043597,4030,4083
2023-10-31,logAssets,总资产(对数),规模,-0.19473333409231347,4030,4083
2023-10-31,turnover,换手率,换手率,0.12475055190131587,4083,4083
2023-10-31,turnover20,20日平均换手率,换手率,0.07607585251453414,4083,4083
2023-10-31,turnoverStd20,20日换手率标准差,换手率,0.11390825742600616,4083,4083
2023-11-07,roe,ROE,盈利,-0.01162006265466161,3985,4084
2023-11-07,grossMargin,毛利率,盈利,-0.015688139773347806,3988,4084
2023-11-07,ocfToRevenue,经营现金流/营收,现金流,0.053993683457785345,4031,4084
2023-11-07,fcfToEv,自由现金流/企业价值,现金流,0.01104814216338391,3935,4084
2023-11-07,debtToAssets,资产负债率,质量,0.030309241907464892,4031,4084
2023-11-07,receivablesTurnover,应收账款周转率,质量,0.06814757072889296,2255,4084
2023-11-07,inventoryTurnover,存货周转率,质量,-0.08191122013860294,2255,4084
2023-11-07,logMarketCap,总市值(对数),规模,-0.16961255819531443,4084,4084
2023-11-07,logRevenue,营业收入(对数),规模,-0.12494922872521164,4031,4084
2023-11-07,logAssets,总资产(对数),规模,-0.14562280581179732,4031,4084
2023-11-07,turnover,换手率,换手率,0.11506774467548558,4084,4084
2023-11-07,turnover20,20日平均换手率,换手率,0.0731519927220321,4084,4084
2023-11-07,turnoverStd20,20日换手率标准差,换手率,0.10154897198933231,4084,4084
2023-11-14,roe,ROE,盈利,-0.030322582533005644,3991,4090
2023-11-14,grossMargin,毛利率,盈利,0.006442418472252816,3994,4090
2023-11-14,ocfToRevenue,经营现金流/营收,现金流,-0.05316758701075758,4037,4090
2023-11-14,fcfToEv,自由现金流/企业价值,现金流,0.010577764037303119,3941,4090
2023-11-14,debtToAssets,资产负债率,质量,-0.009402086774791176,4037,4090
2023-11-14,receivablesTurnover,应收账款周转率,质量,0.054980321857940266,2255,4090
2023-11-14,inventoryTurnover,存货周转率,质量,-0.02885559745426133,2255,4090
2023-11-14,logMarketCap,总市值(对数),规模,-0.12113863307993171,4090,4090
2023-11-14,logRevenue,营业收入(对数),规模,-0.07011763412439262,4037,4090
2023-11-14,logAssets,总资产(对数),规模,-0.08488248505264112,4037,4090
2023-11-14,turnover,换手率,换手率,0.09275754068371055,4090,4090
2023-11-14,turnover20,20日平均换手率,换手率,0.07014637535432688,4090,4090
2023-11-14,turnoverStd20,20日换手率标准差,换手率,0.07981115039216125,4090,4090
2023-11-21,roe,ROE,盈利,0.026354596383166617,3998,4097
2023-11-21,grossMargin,毛利率,盈利,0.0055960081641647326,4001,4097
2023-11-21,ocfToRevenue,经营现金流/营收,现金流,-0.0044460203366754976,4044,4097
2023-11-21,fcfToEv,自由现金流/企业价值,现金流,0.028029821532175,3948,4097
2023-11-21,debtToAssets,资产负债率,质量,0.018878144507801987,4044,4097
2023-11-21,receivablesTurnover,应收账款周转率,质量,0.04098374259806122,2256,4097
2023-11-21,inventoryTurnover,存货周转率,质量,0.08234695242315318,2256,4097
2023-11-21,logMarketCap,总市值(对数),规模,-0.16279690094557267,4097,4097
2023-11-21,logRevenue,营业收入(对数),规模,-0.07393310256395662,4044,4097
2023-11-21,logAssets,总资产(对数),规模,-0.07506582814622043,4044,4097
2023-11-21,turnover,换手率,换手率,0.20965103181819617,4097,4097
2023-11-21,turnover20,20日平均换手率,换手率,0.19216606357603708,4097,4097
2023-11-21,turnoverStd20,20日换手率标准差,换手率,0.1956065979845119,4097,4097
2023-11-28,roe,ROE,盈利,-0.04431089711359194,4001,4100
2023-11-28,grossMargin,毛利率,盈利,-0.04443592296258293,4004,4100
2023-11-28,ocfToRevenue,经营现金流/营收,现金流,-0.008423911300964211,4047,4100
2023-11-28,fcfToEv,自由现金流/企业价值,现金流,0.0054519396823073515,3951,4100
2023-11-28,debtToAssets,资产负债率,质量,-0.011130458740167676,4047,4100
2023-11-28,receivablesTurnover,应收账款周转率,质量,-0.0012206230475916245,2257,4100
2023-11-28,inventoryTurnover,存货周转率,质量,-0.1559297008025025,2257,4100
2023-11-28,logMarketCap,总市值(对数),规模,-0.10948092628760493,4100,4100
2023-11-28,logRevenue,营业收入(对数),规模,-0.04918614134663496,4047,4100
2023-11-28,logAssets,总资产(对数),规模,-0.06712114122659944,4047,4100
2023-11-28,turnover,换手率,换手率,0.04668981624702247,4100,4100
2023-11-28,turnover20,20日平均换手率,换手率,0.04075669879458027,4100,4100
2023-11-28,turnoverStd20,20日换手率标准差,换手率,0.03975819144005667,4100,4100
2023-12-05,roe,ROE,盈利,0.004692828385122655,4004,4102
2023-12-05,grossMargin,毛利率,盈利,-0.020913450964556674,4007,4102
2023-12-05,ocfToRevenue,经营现金流/营收,现金流,0.01420372478534471,4050,4102
2023-12-05,fcfToEv,自由现金流/企业价值,现金流,0.008103071614517322,3954,4102
2023-12-05,debtToAssets,资产负债率,质量,-0.012096487281901965,4050,4102
2023-12-05,receivablesTurnover,应收账款周转率,质量,0.0017730732247643731,2255,4102
2023-12-05,inventoryTurnover,存货周转率,质量,-0.11540780033151438,2255,4102
2023-12-05,logMarketCap,总市值(对数),规模,0.19174373802800249,4102,4102
2023-12-05,logRevenue,营业收入(对数),规模,0.16618612302720623,4050,4102
2023-12-05,logAssets,总资产(对数),规模,0.18494992511393793,4050,4102
2023-12-05,turnover,换手率,换手率,0.02567878880528465,4102,4102
2023-12-05,turnover20,20日平均换手率,换手率,0.048703670043559494,4102,4102
2023-12-05,turnoverStd20,20日换手率标准差,换手率,0.02740739676331831,4102,4102
2023-12-12,roe,ROE,盈利,0.03351484140994874,4007,4104
2023-12-12,grossMargin,毛利率,盈利,0.02238696864890823,4010,4104
2023-12-12,ocfToRevenue,经营现金流/营收,现金流,0.03032601419345557,4053,4104
2023-12-12,fcfToEv,自由现金流/企业价值,现金流,0.035072581090246836,3957,4104
2023-12-12,debtToAssets,资产负债率,质量,0.04439251704586941,4053,4104
2023-12-12,receivablesTurnover,应收账款周转率,质量,0.05391692742269928,2257,4104
2023-12-12,inventoryTurnover,存货周转率,质量,-0.0479726013368864,2257,4104
2023-12-12,logMarketCap,总市值(对数),规模,-0.24452034441076728,4104,4104
2023-12-12,logRevenue,营业收入(对数),规模,-0.14594875168335683,4053,4104
2023-12-12,logAssets,总资产(对数),规模,-0.17729570800031721,4053,4104
2023-12-12,turnover,换手率,换手率,0.12759387395349023,4104,4104
2023-12-12,turnover20,20日平均换手率,换手率,0.15022146645685133,4104,4104
2023-12-12,turnoverStd20,20日换手率标准差,换手率,0.1714512777669354,4104,4104
2023-12-19,roe,ROE,盈利,0.07966813516561502,4006,4104
2023-12-19,grossMargin,毛利率,盈利,0.061517762936546226,4009,4104
2023-12-19,ocfToRevenue,经营现金流/营收,现金流,-0.014962917218000147,4052,4104
2023-12-19,fcfToEv,自由现金流/企业价值,现金流,0.021336573701806024,3956,4104
2023-12-19,debtToAssets,资产负债率,质量,0.03287587224935132,4052,4104
2023-12-19,receivablesTurnover,应收账款周转率,质量,-0.1618108032119695,2253,4104
2023-12-19,inventoryTurnover,存货周转率,质量,0.20929450950806225,2253,4104
2023-12-19,logMarketCap,总市值(对数),规模,0.21081857758679057,4104,4104
2023-12-19,logRevenue,营业收入(对数),规模,0.1732461306517807,4052,4104
2023-12-19,logAssets,总资产(对数),规模,0.18339809259334022,4052,4104
2023-12-19,turnover,换手率,换手率,-0.08116513509546482,4104,4104
2023-12-19,turnover20,20日平均换手率,换手率,-0.027619917027908607,4104,4104
2023-12-19,turnoverStd20,20日换手率标准差,换手率,-0.037966876035360274,4104,4104
2023-12-26,roe,ROE,盈利,0.05995260345757331,4011,4110
2023-12-26,grossMargin,毛利率,盈利,-0.019548668228659232,4014,4110
2023-12-26,ocfToRevenue,经营现金流/营收,现金流,0.051872472053081486,4058,4110
2023-12-26,fcfToEv,自由现金流/企业价值,现金流,0.039577167650352595,3958,4110
2023-12-26,debtToAssets,资产负债率,质量,0.002060301825411977,4058,4110
2023-12-26,receivablesTurnover,应收账款周转率,质量,0.11914907875330966,2255,4110
2023-12-26,inventoryTurnover,存货周转率,质量,-0.005740549812948169,2255,4110
2023-12-26,logMarketCap,总市值(对数),规模,-0.3270870457854082,4110,4110
2023-12-26,logRevenue,营业收入(对数),规模,-0.19309824999480765,4058,4110
2023-12-26,logAssets,总资产(对数),规模,-0.21076365347022494,4058,4110
2023-12-26,turnover,换手率,换手率,0.1924870477136681,4110,4110
2023-12-26,turnover20,20日平均换手率,换手率,0.11228094481816252,4110,4110
2023-12-26,turnoverStd20,20日换手率标准差,换手率,0.16032899961449582,4110,4110
2024-01-03,roe,ROE,盈利,0.05043003513196798,4015,4114
2024-01-03,grossMargin,毛利率,盈利,-0.0131755214556006,4018,4114
2024-01-03,ocfToRevenue,经营现金流/营收,现金流,0.0016140440283802817,4062,4114
2024-01-03,fcfToEv,自由现金流/企业价值,现金流,0.051348207698561195,3964,4114
2024-01-03,debtToAssets,资产负债率,质量,-0.03382184578447552,4062,4114
2024-01-03,receivablesTurnover,应收账款周转率,质量,-0.05382075113115561,2255,4114
2024-01-03,inventoryTurnover,存货周转率,质量,-0.07726420524755385,2255,4114
2024-01-03,logMarketCap,总市值(对数),规模,-0.07976061082085627,4114,4114
2024-01-03,logRevenue,营业收入(对数),规模,0.0320664100824703,4062,4114
2024-01-03,logAssets,总资产(对数),规模,0.019569649218076118,4062,4114
2024-01-03,turnover,换手率,换手率,0.08467060185488182,4114,4114
2024-01-03,turnover20,20日平均换手率,换手率,0.08538486226394965,4114,4114
2024-01-03,turnoverStd20,20日换手率标准差,换手率,0.10145379038355504,4114,4114
2024-01-10,roe,ROE,盈利,0.04370903406899183,4016,4114
2024-01-10,grossMargin,毛利率,盈利,-0.0670782570461539,4019,4114
2024-01-10,ocfToRevenue,经营现金流/营收,现金流,-0.0032237371353173714,4063,4114
2024-01-10,fcfToEv,自由现金流/企业价值,现金流,0.05858395361281591,3965,4114
2024-01-10,debtToAssets,资产负债率,质量,-0.003145226990980849,4063,4114
2024-01-10,receivablesTurnover,应收账款周转率,质量,-0.003314439112172228,2256,4114
2024-01-10,inventoryTurnover,存货周转率,质量,-0.027495929634310214,2256,4114
2024-01-10,logMarketCap,总市值(对数),规模,0.0772047056595472,4114,4114
2024-01-10,logRevenue,营业收入(对数),规模,0.10560305802282637,4063,4114
2024-01-10,logAssets,总资产(对数),规模,0.09722003470839953,4063,4114
2024-01-10,turnover,换手率,换手率,0.08004601914909136,4114,4114
2024-01-10,turnover20,20日平均换手率,换手率,0.06015255349155938,4114,4114
2024-01-10,turnoverStd20,20日换手率标准差,换手率,0.06953325385351379,4114,4114
2024-01-17,roe,ROE,盈利,-0.04808611485079176,4015,4112
2024-01-17,grossMargin,毛利率,盈利,-0.05682516355450422,4018,4112
2024-01-17,ocfToRevenue,经营现金流/营收,现金流,-0.07321461839032598,4062,4112
2024-01-17,fcfToEv,自由现金流/企业价值,现金流,0.008706691065359115,3963,4112
2024-01-17,debtToAssets,资产负债率,质量,-0.06554995034116808,4062,4112
2024-01-17,receivablesTurnover,应收账款周转率,质量,-0.20527911226181517,2256,4112
2024-01-17,inventoryTurnover,存货周转率,质量,-0.038577479432301415,2256,4112
2024-01-17,logMarketCap,总市值(对数),规模,0.47575157276444824,4112,4112
2024-01-17,logRevenue,营业收入(对数),规模,0.3884526366505008,4062,4112
2024-01-17,logAssets,总资产(对数),规模,0.4207169646790245,4062,4112
2024-01-17,turnover,换手率,换手率,-0.12952737313186996,4112,4112
2024-01-17,turnover20,20日平均换手率,换手率,-0.09984702059640416,4112,4112
2024-01-17,turnoverStd20,20日换手率标准差,换手率,-0.15154265718675577,4112,4112
2024-01-24,roe,ROE,盈利,-0.044325067911253964,4018,4115
2024-01-24,grossMargin,毛利率,盈利,-0.08626969327102128,4021,4115
2024-01-24,ocfToRevenue,经营现金流/营收,现金流,-0.07239498641501349,4065,4115
2024-01-24,fcfToEv,自由现金流/企业价值,现金流,0.01642278112263428,3966,4115
2024-01-24,debtToAssets,资产负债率,质量,-0.05901925583167763,4065,4115
2024-01-24,receivablesTurnover,应收账款周转率,质量,-0.16304668268527683,2257,4115
2024-01-24,inventoryTurnover,存货周转率,质量,-0.00633428210211341,2257,4115
2024-01-24,logMarketCap,总市值(对数),规模,0.2666011354629994,4115,4115
2024-01-24,logRevenue,营业收入(对数),规模,0.2986706167314333,4065,4115
2024-01-24,logAssets,总资产(对数),规模,0.3294855294642441,4065,4115
2024-01-24,turnover,换手率,换手率,0.14250748309813227,4115,4115
2024-01-24,turnover20,20日平均换手率,换手率,0.11941717478206863,4115,4115
2024-01-24,turnoverStd20,20日换手率标准差,换手率,0.07841559274214097,4115,4115
2024-01-31,roe,ROE,盈利,0.07405145895321537,4020,4118
2024-01-31,grossMargin,毛利率,盈利,0.035457781037784734,4023,4118
2024-01-31,ocfToRevenue,经营现金流/营收,现金流,-0.07531369255896375,4067,4118
2024-01-31,fcfToEv,自由现金流/企业价值,现金流,0.01796394087286325,3968,4118
2024-01-31,debtToAssets,资产负债率,质量,0.0030938048975147916,4067,4118
2024-01-31,receivablesTurnover,应收账款周转率,质量,-0.2746650361691465,2257,4118
2024-01-31,inventoryTurnover,存货周转率,质量,0.22480724827242027,2257,4118
2024-01-31,logMarketCap,总市值(对数),规模,0.747766434064452,4118,4118
2024-01-31,logRevenue,营业收入(对数),规模,0.5698939458005929,4067,4118
2024-01-31,logAssets,总资产(对数),规模,0.6284036827829619,4067,4118
2024-01-31,turnover,换手率,换手率,0.011146767888276034,4118,4118
2024-01-31,turnover20,20日平均换手率,换手率,-0.0688629197524729,4118,4118
2024-01-31,turnoverStd20,20日换手率标准差,换手率,-0.16384363818520595,4118,4118
2024-02-07,roe,ROE,盈利,0.011263683907353179,4018,4114
2024-02-07,grossMargin,毛利率,盈利,0.023590618360094188,4021,4114
2024-02-07,ocfToRevenue,经营现金流/营收,现金流,0.10612800194176605,4066,4114
2024-02-07,fcfToEv,自由现金流/企业价值,现金流,-0.002896817726390755,3962,4114
2024-02-07,debtToAssets,资产负债率,质量,0.0408182144261744,4066,4114
2024-02-07,receivablesTurnover,应收账款周转率,质量,0.3075145180125706,2254,4114
2024-02-07,inventoryTurnover,存货周转率,质量,-0.15939277577498262,2254,4114
2024-02-07,logMarketCap,总市值(对数),规模,-0.693966119141682,4114,4114
2024-02-07,logRevenue,营业收入(对数),规模,-0.5467080280658992,4066,4114
2024-02-07,logAssets,总资产(对数),规模,-0.6041825899820478,4066,4114
2024-02-07,turnover,换手率,换手率,-0.09016063959941605,4114,4114
2024-02-07,turnover20,20日平均换手率,换手率,-0.015427559764191799,4114,4114
2024-02-07,turnoverStd20,20日换手率标准差,换手率,0.009409072843477263,4114,4114
2024-02-22,roe,ROE,盈利,-0.04399646851735933,4031,4128
2024-02-22,grossMargin,毛利率,盈利,-0.004447806871439368,4034,4128
2024-02-22,ocfToRevenue,经营现金流/营收,现金流,0.019362321687677944,4079,4128
2024-02-22,fcfToEv,自由现金流/企业价值,现金流,-0.014363627948071295,3981,4128
2024-02-22,debtToAssets,资产负债率,质量,-0.028315423075566854,4079,4128
2024-02-22,receivablesTurnover,应收账款周转率,质量,0.16009041913507216,2257,4128
2024-02-22,inventoryTurnover,存货周转率,质量,0.03875360133697476,2257,4128
2024-02-22,logMarketCap,总市值(对数),规模,-0.12322512301321109,4128,4128
2024-02-22,logRevenue,营业收入(对数),规模,-0.12420112651710305,4079,4128
2024-02-22,logAssets,总资产(对数),规模,-0.13413536321258226,4079,4128
2024-02-22,turnover,换手率,换手率,0.0008244404960797129,4128,4128
2024-02-22,turnover20,20日平均换手率,换手率,-0.04488402268814377,4128,4128
2024-02-22,turnoverStd20,20日换手率标准差,换手率,-0.04439362910971948,4128,4128
2024-02-29,roe,ROE,盈利,0.03369838074375724,4031,4130
2024-02-29,grossMargin,毛利率,盈利,-0.0022457490699744624,4034,4130
2024-02-29,ocfToRevenue,经营现金流/营收,现金流,-0.0009809121399730499,4079,4130
2024-02-29,fcfToEv,自由现金流/企业价值,现金流,0.025429447970119267,3981,4130
2024-02-29,debtToAssets,资产负债率,质量,0.006989427596475429,4079,4130
2024-02-29,receivablesTurnover,应收账款周转率,质量,0.07588043607684125,2257,4130
2024-02-29,inventoryTurnover,存货周转率,质量,0.046091050214876896,2257,4130
2024-02-29,logMarketCap,总市值(对数),规模,-0.07852258153156927,4130,4130
2024-02-29,logRevenue,营业收入(对数),规模,-0.06880588459842053,4079,4130
2024-02-29,logAssets,总资产(对数),规模,-0.08793156966057349,4079,4130
2024-02-29,turnover,换手率,换手率,0.003408953465016644,4130,4130
2024-02-29,turnover20,20日平均换手率,换手率,-0.06343432486258396,4130,4130
2024-02-29,turnoverStd20,20日换手率标准差,换手率,-0.016089405481632752,4130,4130
2024-03-07,roe,ROE,盈利,0.05218332560228182,4036,4135
2024-03-07,grossMargin,毛利率,盈利,0.07143613069049436,4039,4135
2024-03-07,ocfToRevenue,经营现金流/营收,现金流,0.07322302851469954,4084,4135
2024-03-07,fcfToEv,自由现金流/企业价值,现金流,-0.016246239985010576,3985,4135
2024-03-07,debtToAssets,资产负债率,质量,0.03609030870947853,4084,4135
2024-03-07,receivablesTurnover,应收账款周转率,质量,0.16548468187851872,2256,4135
2024-03-07,inventoryTurnover,存货周转率,质量,-0.03990988000905033,2256,4135
2024-03-07,logMarketCap,总市值(对数),规模,-0.2471080791237216,4135,4135
2024-03-07,logRevenue,营业收入(对数),规模,-0.197252230510794,4084,4135
2024-03-07,logAssets,总资产(对数),规模,-0.221542425252897,4084,4135
2024-03-07,turnover,换手率,换手率,0.15267958846377677,4135,4135
2024-03-07,turnover20,20日平均换手率,换手率,0.0446387378115448,4135,4135
2024-03-07,turnoverStd20,20日换手率标准差,换手率,0.08716567699625725,4135,4135
2024-03-14,roe,ROE,盈利,-0.05489469706457649,4042,4141
2024-03-14,grossMargin,毛利率,盈利,-0.0646489264959861,4045,4141
2024-03-14,ocfToRevenue,经营现金流/营收,现金流,0.013521223440721227,4090,4141
2024-03-14,fcfToEv,自由现金流/企业价值,现金流,-0.031726431371609964,3992,4141
2024-03-14,debtToAssets,资产负债率,质量,-0.0012578411790321873,4090,4141
2024-03-14,receivablesTurnover,应收账款周转率,质量,0.1989539303980406,2256,4141
2024-03-14,inventoryTurnover,存货周转率,质量,-0.09806591120349178,2256,4141
2024-03-14,logMarketCap,总市值(对数),规模,-0.41714480990100705,4141,4141
2024-03-14,logRevenue,营业收入(对数),规模,-0.2876338116500874,4090,4141
2024-03-14,logAssets,总资产(对数),规模,-0.3233190604809514,4090,4141
2024-03-14,turnover,换手率,换手率,0.10037457549847738,4141,4141
2024-03-14,turnover20,20日平均换手率,换手率,0.03823977642856638,4141,4141
2024-03-14,turnoverStd20,20日换手率标准差,换手率,0.0594852459798591,4141,4141
2024-03-21,roe,ROE,盈利,0.05148500986587273,4047,4146
2024-03-21,grossMargin,毛利率,盈利,-0.00937242464024451,4050,4146
2024-03-21,ocfToRevenue,经营现金流/营收,现金流,-0.022786760576286345,4095,4146
2024-03-21,fcfToEv,自由现金流/企业价值,现金流,0.039537553383992105,3997,4146
2024-03-21,debtToAssets,资产负债率,质量,0.005677666972408344,4095,4146
2024-03-21,receivablesTurnover,应收账款周转率,质量,-0.09528063363046228,2256,4146
2024-03-21,inventoryTurnover,存货周转率,质量,0.026288192285758658,2256,4146
2024-03-21,logMarketCap,总市值(对数),规模,0.08098079829672797,4146,4146
2024-03-21,logRevenue,营业收入(对数),规模,0.12207005003703515,4095,4146
2024-03-21,logAssets,总资产(对数),规模,0.12882691624389267,4095,4146
2024-03-21,turnover,换手率,换手率,0.02413866929712542,4146,4146
2024-03-21,turnover20,20日平均换手率,换手率,0.05145952060776212,4146,4146
2024-03-21,turnoverStd20,20日换手率标准差,换手率,0.04303736127412582,4146,4146
2024-03-28,roe,ROE,盈利,0.022470541735338644,4052,4150
2024-03-28,grossMargin,毛利率,盈利,-0.06171367545960098,4055,4150
2024-03-28,ocfToRevenue,经营现金流/营收,现金流,-0.06036362922547077,4100,4150
2024-03-28,fcfToEv,自由现金流/企业价值,现金流,0.014106577579300155,4003,4150
2024-03-28,debtToAssets,资产负债率,质量,-0.021179415566350876,4100,4150
2024-03-28,receivablesTurnover,应收账款周转率,质量,-0.11502869682978899,2256,4150
2024-03-28,inventoryTurnover,存货周转率,质量,0.07112428549898234,2256,4150
2024-03-28,logMarketCap,总市值(对数),规模,0.023604763967855172,4150,4150
2024-03-28,logRevenue,营业收入(对数),规模,0.10448988059289445,4100,4150
2024-03-28,logAssets,总资产(对数),规模,0.09428243532969166,4100,4150
2024-03-28,turnover,换手率,换手率,0.16977491581843224,4150,4150
2024-03-28,turnover20,20日平均换手率,换手率,0.15181398113469638,4150,4150
2024-03-28,turnoverStd20,20日换手率标准差,换手率,0.1589761949309972,4150,4150
2024-04-08,roe,ROE,盈利,0.13563511393365352,4056,4152
2024-04-08,grossMargin,毛利率,盈利,0.03173147310878876,4059,4152
2024-04-08,ocfToRevenue,经营现金流/营收,现金流,-0.012030773905015465,4104,4152
2024-04-08,fcfToEv,自由现金流/企业价值,现金流,0.06512790775065846,4007,4152
2024-04-08,debtToAssets,资产负债率,质量,0.026039484835149708,4104,4152
2024-04-08,receivablesTurnover,应收账款周转率,质量,-0.22024432912652234,2256,4152
2024-04-08,inventoryTurnover,存货周转率,质量,0.16608007589984486,2256,4152
2024-04-08,logMarketCap,总市值(对数),规模,0.482335562139682,4152,4152
2024-04-08,logRevenue,营业收入(对数),规模,0.40998971392973205,4104,4152
2024-04-08,logAssets,总资产(对数),规模,0.4222957436091244,4104,4152
2024-04-08,turnover,换手率,换手率,0.08876709921984355,4152,4152
2024-04-08,turnover20,20日平均换手率,换手率,0.11936012786861128,4152,4152
2024-04-08,turnoverStd20,20日换手率标准差,换手率,0.0855085409890707,4152,4152
2024-04-15,roe,ROE,盈利,0.13105752733036047,4064,4158
2024-04-15,grossMargin,毛利率,盈利,0.09706531763790667,4067,4158
2024-04-15,ocfToRevenue,经营现金流/营收,现金流,0.03252969772173705,4112,4158
2024-04-15,fcfToEv,自由现金流/企业价值,现金流,0.03478569879747229,4015,4158
2024-04-15,debtToAssets,资产负债率,质量,0.06471517546136858,4112,4158
2024-04-15,receivablesTurnover,应收账款周转率,质量,-0.12610204779240866,2254,4158
2024-04-15,inventoryTurnover,存货周转率,质量,0.12985291104338822,2254,4158
2024-04-15,logMarketCap,总市值(对数),规模,0.2966553368593644,4158,4158
2024-04-15,logRevenue,营业收入(对数),规模,0.21341689497161379,4112,4158
2024-04-15,logAssets,总资产(对数),规模,0.22834768219271248,4112,4158
2024-04-15,turnover,换手率,换手率,0.08390014730793187,4158,4158
2024-04-15,turnover20,20日平均换手率,换手率,0.07543899515176065,4158,4158
2024-04-15,turnoverStd20,20日换手率标准差,换手率,0.06319705809859968,4158,4158
2024-04-22,roe,ROE,盈利,-0.06673677135735342,4064,4156
2024-04-22,grossMargin,毛利率,盈利,-0.016732775594111144,4067,4156
2024-04-22,ocfToRevenue,经营现金流/营收,现金流,0.04986548593550493,4112,4156
2024-04-22,fcfToEv,自由现金流/企业价值,现金流,-0.0477950740217513,4013,4156
2024-04-22,debtToAssets,资产负债率,质量,-0.009167884086458335,4112,4156
2024-04-22,receivablesTurnover,应收账款周转率,质量,0.20871434672375824,2250,4156
2024-04-22,inventoryTurnover,存货周转率,质量,-0.18757037362960907,2250,4156
2024-04-22,logMarketCap,总市值(对数),规模,-0.37576654800479653,4156,4156
2024-04-22,logRevenue,营业收入(对数),规模,-0.27629198649974435,4112,4156
2024-04-22,logAssets,总资产(对数),规模,-0.30878622546313994,4112,4156
2024-04-22,turnover,换手率,换手率,0.09072503607204657,4156,4156
2024-04-22,turnover20,20日平均换手率,换手率,-0.01486919881454191,4156,4156
2024-04-22,turnoverStd20,20日换手率标准差,换手率,0.04879892098921297,4156,4156
2024-04-29,roe,ROE,盈利,0.062428609287793195,4063,4150
2024-04-29,grossMargin,毛利率,盈利,0.0465254688852041,4065,4150
2024-04-29,ocfToRevenue,经营现金流/营收,现金流,-0.02182022740052413,4110,4150
2024-04-29,fcfToEv,自由现金流/企业价值,现金流,-0.0004245439107929675,4013,4150
2024-04-29,debtToAssets,资产负债率,质量,0.04677547539600976,4110,4150
2024-04-29,receivablesTurnover,应收账款周转率,质量,-0.015558452615517287,2248,4150
2024-04-29,inventoryTurnover,存货周转率,质量,0.09063259179540148,2248,4150
2024-04-29,logMarketCap,总市值(对数),规模,-0.13271974200605322,4150,4150
2024-04-29,logRevenue,营业收入(对数),规模,-0.08282882854446266,4109,4150
2024-04-29,logAssets,总资产(对数),规模,-0.09079269110467789,4110,4150
2024-04-29,turnover,换手率,换手率,0.023301863096342187,4150,4150
2024-04-29,turnover20,20日平均换手率,换手率,0.03270572507399366,4150,4150
2024-04-29,turnoverStd20,20日换手率标准差,换手率,0.01991935642929917,4150,4150
2024-05-09,roe,ROE,盈利,0.01678801880578781,4074,4157
2024-05-09,grossMargin,毛利率,盈利,-0.03306336139859897,4076,4157
2024-05-09,ocfToRevenue,经营现金流/营收,现金流,-0.0044762917067854525,4121,4157
2024-05-09,fcfToEv,自由现金流/企业价值,现金流,0.03213711186549211,4022,4157
2024-05-09,debtToAssets,资产负债率,质量,-0.042627884249207854,4121,4157
2024-05-09,receivablesTurnover,应收账款周转率,质量,-0.0858661861977248,2256,4157
2024-05-09,inventoryTurnover,存货周转率,质量,-0.1091203635495887,2256,4157
2024-05-09,logMarketCap,总市值(对数),规模,-0.0030304290437176973,4157,4157
2024-05-09,logRevenue,营业收入(对数),规模,0.07219833084884131,4120,4157
2024-05-09,logAssets,总资产(对数),规模,0.0565516361137508,4121,4157
2024-05-09,turnover,换手率,换手率,0.051477336352143306,4157,4157
2024-05-09,turnover20,20日平均换手率,换手率,0.04209730889422013,4157,4157
2024-05-09,turnoverStd20,20日换手率标准差,换手率,0.036602923461100625,4157,4157
2024-05-16,roe,ROE,盈利,0.05685016297040383,4077,4161
2024-05-16,grossMargin,毛利率,盈利,0.04765294906098803,4079,4161
2024-05-16,ocfToRevenue,经营现金流/营收,现金流,-0.01865371957179893,4125,4161
2024-05-16,fcfToEv,自由现金流/企业价值,现金流,-0.03294118444375873,4025,4161
2024-05-16,debtToAssets,资产负债率,质量,0.023188111870591454,4125,4161
2024-05-16,receivablesTurnover,应收账款周转率,质量,-0.08828845899511026,2255,4161
2024-05-16,inventoryTurnover,存货周转率,质量,-0.03462954760361364,2255,4161
2024-05-16,logMarketCap,总市值(对数),规模,0.07046236822115584,4161,4161
2024-05-16,logRevenue,营业收入(对数),规模,0.03751474029580579,4124,4161
2024-05-16,logAssets,总资产(对数),规模,0.054075332427362455,4125,4161
2024-05-16,turnover,换手率,换手率,0.00611552886404842,4161,4161
2024-05-16,turnover20,20日平均换手率,换手率,-0.014117897494772616,4161,4161
2024-05-16,turnoverStd20,20日换手率标准差,换手率,-0.012045540676774553,4161,4161
2024-05-23,roe,ROE,盈利,0.053792542744969744,4086,4170
2024-05-23,grossMargin,毛利率,盈利,0.030176949324198166,4088,4170
2024-05-23,ocfToRevenue,经营现金流/营收,现金流,-0.027814657675224536,4134,4170
2024-05-23,fcfToEv,自由现金流/企业价值,现金流,-0.006740834646260305,4033,4170
2024-05-23,debtToAssets,资产负债率,质量,0.04825053928652037,4134,4170
2024-05-23,receivablesTurnover,应收账款周转率,质量,-0.024206087207345392,2258,4170
2024-05-23,inventoryTurnover,存货周转率,质量,0.11869321596598431,2258,4170
2024-05-23,logMarketCap,总市值(对数),规模,0.1182002728192353,4170,4170
2024-05-23,logRevenue,营业收入(对数),规模,0.07731917929192882,4133,4170
2024-05-23,logAssets,总资产(对数),规模,0.09254947940169564,4134,4170
2024-05-23,turnover,换手率,换手率,0.1231910426227119,4170,4170
2024-05-23,turnover20,20日平均换手率,换手率,0.08929830065882638,4170,4170
2024-05-23,turnoverStd20,20日换手率标准差,换手率,0.09717358761582026,4170,4170
2024-05-30,roe,ROE,盈利,0.071852336827157,4081,4165
2024-05-30,grossMargin,毛利率,盈利,0.02833402672420921,4083,4165
2024-05-30,ocfToRevenue,经营现金流/营收,现金流,-0.0724280460773301,4129,4165
2024-05-30,fcfToEv,自由现金流/企业价值,现金流,0.026817562784804364,4028,4165
2024-05-30,debtToAssets,资产负债率,质量,0.032027980100071234,4129,4165
2024-05-30,receivablesTurnover,应收账款周转率,质量,-0.20690632953122667,2250,4165
2024-05-30,inventoryTurnover,存货周转率,质量,0.15598388030662932,2250,4165
2024-05-30,logMarketCap,总市值(对数),规模,0.6125394325225348,4165,4165
2024-05-30,logRevenue,营业收入(对数),规模,0.4361272954270176,4128,4165
2024-05-30,logAssets,总资产(对数),规模,0.47344379207533005,4129,4165
2024-05-30,turnover,换手率,换手率,-0.09682874117055515,4165,4165
2024-05-30,turnover20,20日平均换手率,换手率,-0.08542119964986039,4165,4165
2024-05-30,turnoverStd20,20日换手率标准差,换手率,-0.09800350921758806,4165,4165
2024-06-06,roe,ROE,盈利,0.06519878523705672,4074,4155
2024-06-06,grossMargin,毛利率,盈利,0.03515741638377074,4076,4155
2024-06-06,ocfToRevenue,经营现金流/营收,现金流,0.09533679727571769,4122,4155
2024-06-06,fcfToEv,自由现金流/企业价值,现金流,0.014086295019768443,4020,4155
2024-06-06,debtToAssets,资产负债率,质量,0.06124450712550662,4122,4155
2024-06-06,receivablesTurnover,应收账款周转率,质量,0.2557888655926626,2240,4155
2024-06-06,inventoryTurnover,存货周转率,质量,-0.18884945933369718,2240,4155
2024-06-06,logMarketCap,总市值(对数),规模,-0.48661710121662055,4155,4155
2024-06-06,logRevenue,营业收入(对数),规模,-0.3916227098733825,4121,4155
2024-06-06,logAssets,总资产(对数),规模,-0.43576255213203685,4122,4155
2024-06-06,turnover,换手率,换手率,0.043454092820663835,4155,4155
2024-06-06,turnover20,20日平均换手率,换手率,0.02499601950971601,4155,4155
2024-06-06,turnoverStd20,20日换手率标准差,换手率,0.09156948622141245,4155,4155
2024-06-14,roe,ROE,盈利,0.015895354036082904,4089,4170
2024-06-14,grossMargin,毛利率,盈利,0.007975471878508864,4091,4170
2024-06-14,ocfToRevenue,经营现金流/营收,现金流,0.023997690765387616,4137,4170
2024-06-14,fcfToEv,自由现金流/企业价值,现金流,0.010723810314627404,4035,4170
2024-06-14,debtToAssets,资产负债率,质量,0.04253393278423971,4137,4170
2024-06-14,receivablesTurnover,应收账款周转率,质量,-0.022580067472985285,2250,4170
2024-06-14,inventoryTurnover,存货周转率,质量,0.03041849141855155,2250,4170
2024-06-14,logMarketCap,总市值(对数),规模,-0.019584899129717007,4170,4170
2024-06-14,logRevenue,营业收入(对数),规模,-0.027933300729087576,4136,4170
2024-06-14,logAssets,总资产(对数),规模,-0.015821250009498,4137,4170
2024-06-14,turnover,换手率,换手率,0.08663115477295334,4170,4170
2024-06-14,turnover20,20日平均换手率,换手率,0.05191417169053905,4170,4170
2024-06-14,turnoverStd20,20日换手率标准差,换手率,0.06412871849656271,4170,4170
2024-06-21,roe,ROE,盈利,0.007102435240118703,4089,4171
2024-06-21,grossMargin,毛利率,盈利,0.0006431388779270149,4091,4171
2024-06-21,ocfToRevenue,经营现金流/营收,现金流,0.009139556975918152,4137,4171
2024-06-21,fcfToEv,自由现金流/企业价值,现金流,0.006970527259994625,4035,4171
2024-06-21,debtToAssets,资产负债率,质量,0.06405844093367516,4137,4171
2024-06-21,receivablesTurnover,应收账款周转率,质量,0.05839191896567831,2245,4171
2024-06-21,inventoryTurnover,存货周转率,质量,-0.03568573320143704,2245,4171
2024-06-21,logMarketCap,总市值(对数),规模,-0.1296045399060401,4171,4171
2024-06-21,logRevenue,营业收入(对数),规模,-0.05885828884717729,4136,4171
2024-06-21,logAssets,总资产(对数),规模,-0.07940223844359635,4137,4171
2024-06-21,turnover,换手率,换手率,0.03660020150927925,4171,4171
2024-06-21,turnover20,20日平均换手率,换手率,0.03522843736351837,4171,4171
2024-06-21,turnoverStd20,20日换手率标准差,换手率,0.038097579434135186,4171,4171
2024-06-28,roe,ROE,盈利,-0.13867025354493856,4086,4166
2024-06-28,grossMargin,毛利率,盈利,-0.1159332319658699,4088,4166
2024-06-28,ocfToRevenue,经营现金流/营收,现金流,-0.03511433593566226,4134,4166
2024-06-28,fcfToEv,自由现金流/企业价值,现金流,-0.015348060469424605,4032,4166
2024-06-28,debtToAssets,资产负债率,质量,-0.10814966705247296,4134,4166
2024-06-28,receivablesTurnover,应收账款周转率,质量,-0.07900863873605425,2238,4166
2024-06-28,inventoryTurnover,存货周转率,质量,-0.13547161082394096,2238,4166
2024-06-28,logMarketCap,总市值(对数),规模,-0.06762943777475967,4166,4166
2024-06-28,logRevenue,营业收入(对数),规模,0.06833684123403339,4133,4166
2024-06-28,logAssets,总资产(对数),规模,0.07347753982447211,4134,4166
2024-06-28,turnover,换手率,换手率,0.07479276239101984,4166,4166
2024-06-28,turnover20,20日平均换手率,换手率,0.09212664485976414,4166,4166
2024-06-28,turnoverStd20,20日换手率标准差,换手率,0.06401290291158664,4166,4166
2024-07-05,roe,ROE,盈利,0.04810608897238714,4097,4179
2024-07-05,grossMargin,毛利率,盈利,-0.008741206006634385,4099,4179
2024-07-05,ocfToRevenue,经营现金流/营收,现金流,0.015305760307404171,4145,4179
2024-07-05,fcfToEv,自由现金流/企业价值,现金流,0.022787252654656684,4043,4179
2024-07-05,debtToAssets,资产负债率,质量,0.030727673199617084,4145,4179
2024-07-05,receivablesTurnover,应收账款周转率,质量,0.007343390584761529,2244,4179
2024-07-05,inventoryTurnover,存货周转率,质量,0.16997380739435647,2244,4179
2024-07-05,logMarketCap,总市值(对数),规模,0.032089097504263926,4179,4179
2024-07-05,logRevenue,营业收入(对数),规模,0.01480142213234441,4144,4179
2024-07-05,logAssets,总资产(对数),规模,0.008804218884765631,4145,4179
2024-07-05,turnover,换手率,换手率,0.010059242070076546,4179,4179
2024-07-05,turnover20,20日平均换手率,换手率,-0.009029387552155566,4179,4179
2024-07-05,turnoverStd20,20日换手率标准差,换手率,0.029220965188008926,4179,4179
2024-07-12,roe,ROE,盈利,-0.03400205197963578,4103,4186
2024-07-12,grossMargin,毛利率,盈利,0.040622603597369446,4105,4186
2024-07-12,ocfToRevenue,经营现金流/营收,现金流,-0.0677450864390095,4151,4186
2024-07-12,fcfToEv,自由现金流/企业价值,现金流,-0.03775544839081822,4049,4186
2024-07-12,debtToAssets,资产负债率,质量,0.0012249971170060787,4151,4186
2024-07-12,receivablesTurnover,应收账款周转率,质量,-0.11591387270582588,2244,4186
2024-07-12,inventoryTurnover,存货周转率,质量,0.05247641550197189,2244,4186
2024-07-12,logMarketCap,总市值(对数),规模,0.23810564750179078,4186,4186
2024-07-12,logRevenue,营业收入(对数),规模,0.18233451807378326,4150,4186
2024-07-12,logAssets,总资产(对数),规模,0.20683865976305355,4151,4186
2024-07-12,turnover,换手率,换手率,-0.006467256843095828,4186,4186
2024-07-12,turnover20,20日平均换手率,换手率,0.003671597323395812,4186,4186
2024-07-12,turnoverStd20,20日换手率标准差,换手率,-0.028157895524027834,4186,4186
2024-07-19,roe,ROE,盈利,-0.06306045133700665,4105,4188
2024-07-19,grossMargin,毛利率,盈利,-0.030047591105772285,4107,4188
2024-07-19,ocfToRevenue,经营现金流/营收,现金流,0.06053650910922522,4153,4188
2024-07-19,fcfToEv,自由现金流/企业价值,现金流,-0.04189240873437304,4051,4188
2024-07-19,debtToAssets,资产负债率,质量,-0.005745902429022653,4153,4188
2024-07-19,receivablesTurnover,应收账款周转率,质量,0.14621183943884128,2242,4188
2024-07-19,inventoryTurnover,存货周转率,质量,-0.1565049447537865,2242,4188
2024-07-19,logMarketCap,总市值(对数),规模,-0.3167812876694428,4188,4188
2024-07-19,logRevenue,营业收入(对数),规模,-0.169561880125877,4152,4188
2024-07-19,logAssets,总资产(对数),规模,-0.19035535174179785,4153,4188
2024-07-19,turnover,换手率,换手率,0.21363023261075592,4188,4188
2024-07-19,turnover20,20日平均换手率,换手率,0.18246995934010124,4188,4188
2024-07-19,turnoverStd20,20日换手率标准差,换手率,0.2003737586928184,4188,4188
2024-07-26,roe,ROE,盈利,-0.14116230588251683,4116,4199
2024-07-26,grossMargin,毛利率,盈利,-0.08267869523799556,4118,4199
2024-07-26,ocfToRevenue,经营现金流/营收,现金流,0.0437774214198621,4164,4199
2024-07-26,fcfToEv,自由现金流/企业价值,现金流,-0.03130804359361915,4062,4199
2024-07-26,debtToAssets,资产负债率,质量,-0.05930830852585963,4164,4199
2024-07-26,receivablesTurnover,应收账款周转率,质量,0.08769763687848056,2246,4199
2024-07-26,inventoryTurnover,存货周转率,质量,-0.12594909935838972,2246,4199
2024-07-26,logMarketCap,总市值(对数),规模,-0.24935478571065403,4199,4199
2024-07-26,logRevenue,营业收入(对数),规模,-0.1587455046659934,4163,4199
2024-07-26,logAssets,总资产(对数),规模,-0.15380220279895612,4164,4199
2024-07-26,turnover,换手率,换手率,0.15222358230642483,4199,4199
2024-07-26,turnover20,20日平均换手率,换手率,0.11664402993303086,4199,4199
2024-07-26,turnoverStd20,20日换手率标准差,换手率,0.14193061304400606,4199,4199
2024-08-02,roe,ROE,盈利,-0.05359570944226731,4121,4204
2024-08-02,grossMargin,毛利率,盈利,-0.004661231885895416,4123,4204
2024-08-02,ocfToRevenue,经营现金流/营收,现金流,-0.017346182482468706,4169,4204
2024-08-02,fcfToEv,自由现金流/企业价值,现金流,0.02378687648243752,4067,4204
2024-08-02,debtToAssets,资产负债率,质量,-0.048893418669300484,4169,4204
2024-08-02,receivablesTurnover,应收账款周转率,质量,-0.04737011487098303,2247,4204
2024-08-02,inventoryTurnover,存货周转率,质量,-0.041673142146376047,2247,4204
2024-08-02,logMarketCap,总市值(对数),规模,-0.08488473392938856,4204,4204
2024-08-02,logRevenue,营业收入(对数),规模,0.046799220372890936,4168,4204
2024-08-02,logAssets,总资产(对数),规模,0.041601982184988257,4169,4204
2024-08-02,turnover,换手率,换手率,0.1787966657915894,4204,4204
2024-08-02,turnover20,20日平均换手率,换手率,0.15037867543328787,4204,4204
2024-08-02,turnoverStd20,20日换手率标准差,换手率,0.15420608984860398,4204,4204
2024-08-09,roe,ROE,盈利,0.010724687706552168,4129,4212
2024-08-09,grossMargin,毛利率,盈利,0.0665542008174182,4131,4212
2024-08-09,ocfToRevenue,经营现金流/营收,现金流,0.03466589273868472,4177,4212
2024-08-09,fcfToEv,自由现金流/企业价值,现金流,0.009203533756588457,4075,4212
2024-08-09,debtToAssets,资产负债率,质量,0.0806434594275364,4177,4212
2024-08-09,receivablesTurnover,应收账款周转率,质量,0.17785821539350746,2251,4212
2024-08-09,inventoryTurnover,存货周转率,质量,0.00040273364795640306,2251,4212
2024-08-09,logMarketCap,总市值(对数),规模,-0.1102351389323867,4212,4212
2024-08-09,logRevenue,营业收入(对数),规模,-0.10492191371915674,4176,4212
2024-08-09,logAssets,总资产(对数),规模,-0.10596138618076763,4177,4212
2024-08-09,turnover,换手率,换手率,0.07847336087052668,4212,4212
2024-08-09,turnover20,20日平均换手率,换手率,0.036215031114012135,4212,4212
2024-08-09,turnoverStd20,20日换手率标准差,换手率,0.05590019682292538,4212,4212
2024-08-16,roe,ROE,盈利,-0.018251932399441673,4132,4215
2024-08-16,grossMargin,毛利率,盈利,-0.05358849892580029,4134,4215
2024-08-16,ocfToRevenue,经营现金流/营收,现金流,-0.04947088699625574,4180,4215
2024-08-16,fcfToEv,自由现金流/企业价值,现金流,0.005467990779994846,4078,4215
2024-08-16,debtToAssets,资产负债率,质量,-0.04955923065025431,4180,4215
2024-08-16,receivablesTurnover,应收账款周转率,质量,-0.15300330651938698,2250,4215
2024-08-16,inventoryTurnover,存货周转率,质量,0.02378996938465561,2250,4215
2024-08-16,logMarketCap,总市值(对数),规模,0.23878154711659416,4215,4215
2024-08-16,logRevenue,营业收入(对数),规模,0.21326637167079213,4179,4215
2024-08-16,logAssets,总资产(对数),规模,0.22097081759207676,4180,4215
2024-08-16,turnover,换手率,换手率,0.0495949705415378,4215,4215
2024-08-16,turnover20,20日平均换手率,换手率,0.07537134079810984,4215,4215
2024-08-16,turnoverStd20,20日换手率标准差,换手率,0.046326960370336276,4215,4215
2024-08-23,roe,ROE,盈利,-0.02093219309442235,4133,4216
2024-08-23,grossMargin,毛利率,盈利,-0.014391965971691147,4135,4216
2024-08-23,ocfToRevenue,经营现金流/营收,现金流,0.04992012207021653,4181,4216
2024-08-23,fcfToEv,自由现金流/企业价值,现金流,0.010693857169486554,4079,4216
2024-08-23,debtToAssets,资产负债率,质量,-0.038648049802488774,4181,4216
2024-08-23,receivablesTurnover,应收账款周转率,质量,0.1032274785729768,2247,4216
2024-08-23,inventoryTurnover,存货周转率,质量,-0.03278846262413025,2247,4216
2024-08-23,logMarketCap,总市值(对数),规模,-0.21404373824392986,4216,4216
2024-08-23,logRevenue,营业收入(对数),规模,-0.1345474072799867,4180,4216
2024-08-23,logAssets,总资产(对数),规模,-0.15143315405168425,4181,4216
2024-08-23,turnover,换手率,换手率,0.15317740153232448,4216,4216
2024-08-23,turnover20,20日平均换手率,换手率,0.12899042817193004,4216,4216
2024-08-23,turnoverStd20,20日换手率标准差,换手率,0.16745930031358897,4216,4216
2024-08-30,roe,ROE,盈利,-0.050487031380080566,4136,4219
2024-08-30,grossMargin,毛利率,盈利,-0.052854532190933605,4138,4219
2024-08-30,ocfToRevenue,经营现金流/营收,现金流,-0.017752375235590256,4184,4219
2024-08-30,fcfToEv,自由现金流/企业价值,现金流,-0.012710900247534967,4082,4219
2024-08-30,debtToAssets,资产负债率,质量,-0.029634504433581912,4184,4219
2024-08-30,receivablesTurnover,应收账款周转率,质量,-0.0037451295905706035,2248,4219
2024-08-30,inventoryTurnover,存货周转率,质量,-0.09025528969556934,2248,4219
2024-08-30,logMarketCap,总市值(对数),规模,0.0001755711722210851,4219,4219
2024-08-30,logRevenue,营业收入(对数),规模,0.024989374518997572,4183,4219
2024-08-30,logAssets,总资产(对数),规模,0.021091987263018325,4184,4219
2024-08-30,turnover,换手率,换手率,0.1378917485861599,4219,4219
2024-08-30,turnover20,20日平均换手率,换手率,0.09784233607740304,4219,4219
2024-08-30,turnoverStd20,20日换手率标准差,换手率,0.08074539434896584,4219,4219
2024-09-06,roe,ROE,盈利,-0.09513356071278926,4137,4217
2024-09-06,grossMargin,毛利率,盈利,-0.06572389629247027,4139,4217
2024-09-06,ocfToRevenue,经营现金流/营收,现金流,0.020201315228643598,4185,4217
2024-09-06,fcfToEv,自由现金流/企业价值,现金流,-0.013151841856851167,4083,4217
2024-09-06,debtToAssets,资产负债率,质量,-0.06286914198300954,4185,4217
2024-09-06,receivablesTurnover,应收账款周转率,质量,0.11758683824702362,2246,4217
2024-09-06,inventoryTurnover,存货周转率,质量,-0.08372201278340377,2246,4217
2024-09-06,logMarketCap,总市值(对数),规模,-0.09466477366244243,4217,4217
2024-09-06,logRevenue,营业收入(对数),规模,-0.058764046720448625,4184,4217
2024-09-06,logAssets,总资产(对数),规模,-0.05433891718467127,4185,4217
2024-09-06,turnover,换手率,换手率,0.2234545901631091,4217,4217
2024-09-06,turnover20,20日平均换手率,换手率,0.172650339188008,4217,4217
2024-09-06,turnoverStd20,20日换手率标准差,换手率,0.15637535139798647,4217,4217
2024-09-13,roe,ROE,盈利,-0.07135038374103483,4141,4221
2024-09-13,grossMargin,毛利率,盈利,-0.061641250154768006,4143,4221
2024-09-13,ocfToRevenue,经营现金流/营收,现金流,-0.007758795966277983,4189,4221
2024-09-13,fcfToEv,自由现金流/企业价值,现金流,-0.008452200274415227,4087,4221
2024-09-13,debtToAssets,资产负债率,质量,-0.07122300122457148,4189,4221
2024-09-13,receivablesTurnover,应收账款周转率,质量,-0.037800783218183615,2248,4221
2024-09-13,inventoryTurnover,存货周转率,质量,-0.09159987166859172,2248,4221
2024-09-13,logMarketCap,总市值(对数),规模,0.09998940340704147,4221,4221
2024-09-13,logRevenue,营业收入(对数),规模,0.15967968616916794,4188,4221
2024-09-13,logAssets,总资产(对数),规模,0.1475485667872454,4189,4221
2024-09-13,turnover,换手率,换手率,0.032725816460032524,4221,4221
2024-09-13,turnover20,20日平均换手率,换手率,0.015222520690205667,4221,4221
2024-09-13,turnoverStd20,20日换手率标准差,换手率,0.032447674230632335,4221,4221
2024-09-24,roe,ROE,盈利,0.047124227211297845,4150,4231
2024-09-24,grossMargin,毛利率,盈利,0.11665731227996176,4152,4231
2024-09-24,ocfToRevenue,经营现金流/营收,现金流,0.06939191551773274,4198,4231
2024-09-24,fcfToEv,自由现金流/企业价值,现金流,-0.020205499860204756,4097,4231
2024-09-24,debtToAssets,资产负债率,质量,0.07635451141107966,4198,4231
2024-09-24,receivablesTurnover,应收账款周转率,质量,0.07144858337457063,2252,4231
2024-09-24,inventoryTurnover,存货周转率,质量,-0.020983342673729945,2252,4231
2024-09-24,logMarketCap,总市值(对数),规模,-0.05963799936176505,4231,4231
2024-09-24,logRevenue,营业收入(对数),规模,-0.1429739542729677,4197,4231
2024-09-24,logAssets,总资产(对数),规模,-0.12112999082894266,4198,4231
2024-09-24,turnover,换手率,换手率,-0.12541523226117446,4231,4231
2024-09-24,turnover20,20日平均换手率,换手率,-0.1407810427631748,4231,4231
2024-09-24,turnoverStd20,20日换手率标准差,换手率,-0.0807445206467559,4231,4231
2024-10-08,roe,ROE,盈利,-0.07707337054576818,4150,4231
2024-10-08,grossMargin,毛利率,盈利,-0.09833288438688567,4152,4231
2024-10-08,ocfToRevenue,经营现金流/营收,现金流,-0.029163755135469357,4198,4231
2024-10-08,fcfToEv,自由现金流/企业价值,现金流,0.0029203238280934548,4104,4231
2024-10-08,debtToAssets,资产负债率,质量,-0.08311497140657437,4198,4231
2024-10-08,receivablesTurnover,应收账款周转率,质量,-0.04681219932168792,2257,4231
2024-10-08,inventoryTurnover,存货周转率,质量,-0.013052195594110767,2257,4231
2024-10-08,logMarketCap,总市值(对数),规模,0.01586477575080449,4231,4231
2024-10-08,logRevenue,营业收入(对数),规模,0.0834546277207947,4197,4231
2024-10-08,logAssets,总资产(对数),规模,0.07498434115051178,4198,4231
2024-10-08,turnover,换手率,换手率,0.21415454047715074,4231,4231
2024-10-08,turnover20,20日平均换手率,换手率,0.09748409225346992,4231,4231
2024-10-08,turnoverStd20,20日换手率标准差,换手率,0.18207708645423282,4231,4231
2024-10-15,roe,ROE,盈利,-0.01224960579674114,4150,4232
2024-10-15,grossMargin,毛利率,盈利,0.020031782045954283,4152,4232
2024-10-15,ocfToRevenue,经营现金流/营收,现金流,0.05643578210495318,4198,4232
2024-10-15,fcfToEv,自由现金流/企业价值,现金流,-0.026911203171097152,4099,4232
2024-10-15,debtToAssets,资产负债率,质量,0.019675673078659594,4198,4232
2024-10-15,receivablesTurnover,应收账款周转率,质量,0.10810815894222366,2253,4232
2024-10-15,inventoryTurnover,存货周转率,质量,0.02374852567486175,2253,4232
2024-10-15,logMarketCap,总市值(对数),规模,-0.13132909925191988,4232,4232
2024-10-15,logRevenue,营业收入(对数),规模,-0.19526888500115117,4197,4232
2024-10-15,logAssets,总资产(对数),规模,-0.19854067293580088,4198,4232
2024-10-15,turnover,换手率,换手率,-0.07504894375076727,4232,4232
2024-10-15,turnover20,20日平均换手率,换手率,-0.12205892655462472,4232,4232
2024-10-15,turnoverStd20,20日换手率标准差,换手率,-0.1312850806836813,4232,4232
2024-10-22,roe,ROE,盈利,-0.18750366623332407,4157,4239
2024-10-22,grossMargin,毛利率,盈利,-0.12418082481025004,4159,4239
2024-10-22,ocfToRevenue,经营现金流/营收,现金流,0.0024620593331281,4205,4239
2024-10-22,fcfToEv,自由现金流/企业价值,现金流,-0.03569056727750284,4106,4239
2024-10-22,debtToAssets,资产负债率,质量,-0.10598980751275447,4205,4239
2024-10-22,receivablesTurnover,应收账款周转率,质量,0.10372969338119732,2255,4239
2024-10-22,inventoryTurnover,存货周转率,质量,-0.08042565868729172,2255,4239
2024-10-22,logMarketCap,总市值(对数),规模,-0.1788048334241313,4239,4239
2024-10-22,logRevenue,营业收入(对数),规模,-0.07808787989289746,4204,4239
2024-10-22,logAssets,总资产(对数),规模,-0.07346911162110036,4205,4239
2024-10-22,turnover,换手率,换手率,0.1859262978152339,4239,4239
2024-10-22,turnover20,20日平均换手率,换手率,0.17183832679221248,4239,4239
2024-10-22,turnoverStd20,20日换手率标准差,换手率,0.18851344937301465,4239,4239
2024-10-29,roe,ROE,盈利,-0.046487123787015895,4158,4240
2024-10-29,grossMargin,毛利率,盈利,-0.025571305387473705,4160,4240
2024-10-29,ocfToRevenue,经营现金流/营收,现金流,-0.015514461234419696,4206,4240
2024-10-29,fcfToEv,自由现金流/企业价值,现金流,-0.02631185325062593,4108,4240
2024-10-29,debtToAssets,资产负债率,质量,-0.0722070343022772,4206,4240
2024-10-29,receivablesTurnover,应收账款周转率,质量,-0.07236233439201274,2254,4240
2024-10-29,inventoryTurnover,存货周转率,质量,-0.020234835011538027,2254,4240
2024-10-29,logMarketCap,总市值(对数),规模,0.06258967957918865,4240,4240
2024-10-29,logRevenue,营业收入(对数),规模,0.08481040540091835,4205,4240
2024-10-29,logAssets,总资产(对数),规模,0.11913774690578034,4206,4240
2024-10-29,turnover,换手率,换手率,0.08414108708092745,4240,4240
2024-10-29,turnover20,20日平均换手率,换手率,0.0700275575621844,4240,4240
2024-10-29,turnoverStd20,20日换手率标准差,换手率,0.07912548801958852,4240,4240
2024-11-05,roe,ROE,盈利,-0.03310440632402779,4163,4246
2024-11-05,grossMargin,毛利率,盈利,0.003938557761231703,4165,4246
2024-11-05,ocfToRevenue,经营现金流/营收,现金流,0.017648019789363225,4211,4246
2024-11-05,fcfToEv,自由现金流/企业价值,现金流,-0.0633503299991477,4115,4246
2024-11-05,debtToAssets,资产负债率,质量,-0.0015873941560090462,4211,4246
2024-11-05,receivablesTurnover,应收账款周转率,质量,0.11957474561272115,2255,4246
2024-11-05,inventoryTurnover,存货周转率,质量,-0.04086550219134519,2255,4246
2024-11-05,logMarketCap,总市值(对数),规模,-0.21601283646740888,4246,4246
2024-11-05,logRevenue,营业收入(对数),规模,-0.1672969694072827,4210,4246
2024-11-05,logAssets,总资产(对数),规模,-0.17357604756923228,4211,4246
2024-11-05,turnover,换手率,换手率,0.08153399523276346,4246,4246
2024-11-05,turnover20,20日平均换手率,换手率,0.005952579732433079,4246,4246
2024-11-05,turnoverStd20,20日换手率标准差,换手率,0.07596347363862453,4246,4246
2024-11-12,roe,ROE,盈利,0.1511247189967698,4164,4247
2024-11-12,grossMargin,毛利率,盈利,0.058800185718411224,4166,4247
2024-11-12,ocfToRevenue,经营现金流/营收,现金流,0.024392022748395983,4212,4247
2024-11-12,fcfToEv,自由现金流/企业价值,现金流,0.06307041914194303,4116,4247
2024-11-12,debtToAssets,资产负债率,质量,0.07239864172365411,4212,4247
2024-11-12,receivablesTurnover,应收账款周转率,质量,-0.06878511802671192,2256,4247
2024-11-12,inventoryTurnover,存货周转率,质量,0.03440467473340604,2256,4247
2024-11-12,logMarketCap,总市值(对数),规模,0.02899105216944623,4247,4247
2024-11-12,logRevenue,营业收入(对数),规模,0.15200379772482245,4211,4247
2024-11-12,logAssets,总资产(对数),规模,0.1531825617407338,4212,4247
2024-11-12,turnover,换手率,换手率,0.29507400296221803,4247,4247
2024-11-12,turnover20,20日平均换手率,换手率,0.3292519571038186,4247,4247
2024-11-12,turnoverStd20,20日换手率标准差,换手率,0.3409545441865497,4247,4247
2024-11-19,roe,ROE,盈利,-0.057201066282406815,4164,4245
2024-11-19,grossMargin,毛利率,盈利,-0.042127306922964645,4166,4245
2024-11-19,ocfToRevenue,经营现金流/营收,现金流,0.015267702235664548,4212,4245
2024-11-19,fcfToEv,自由现金流/企业价值,现金流,0.018533366353457977,4116,4245
2024-11-19,debtToAssets,资产负债率,质量,0.0005285953208866936,4212,4245
2024-11-19,receivablesTurnover,应收账款周转率,质量,0.12803477716879463,2254,4245
2024-11-19,inventoryTurnover,存货周转率,质量,-0.14217731300590658,2254,4245
2024-11-19,logMarketCap,总市值(对数),规模,-0.384867365165755,4245,4245
2024-11-19,logRevenue,营业收入(对数),规模,-0.22541387662392132,4211,4245
2024-11-19,logAssets,总资产(对数),规模,-0.26370254999010023,4212,4245
2024-11-19,turnover,换手率,换手率,0.14806530090293346,4245,4245
2024-11-19,turnover20,20日平均换手率,换手率,0.12435161420160837,4245,4245
2024-11-19,turnoverStd20,20日换手率标准差,换手率,0.13837635131500514,4245,4245
2024-11-26,roe,ROE,盈利,-0.07531433371067305,4166,4249
2024-11-26,grossMargin,毛利率,盈利,0.0012254351510452971,4168,4249
2024-11-26,ocfToRevenue,经营现金流/营收,现金流,0.024782081876142486,4214,4249
2024-11-26,fcfToEv,自由现金流/企业价值,现金流,-0.015003123815015122,4118,4249
2024-11-26,debtToAssets,资产负债率,质量,-0.0178451057335999,4214,4249
2024-11-26,receivablesTurnover,应收账款周转率,质量,0.09632506005193148,2256,4249
2024-11-26,inventoryTurnover,存货周转率,质量,-0.137728373670458,2256,4249
2024-11-26,logMarketCap,总市值(对数),规模,-0.13290264723705852,4249,4249
2024-11-26,logRevenue,营业收入(对数),规模,-0.1408025900648847,4213,4249
2024-11-26,logAssets,总资产(对数),规模,-0.12452165823392737,4214,4249
2024-11-26,turnover,换手率,换手率,0.10381010249582673,4249,4249
2024-11-26,turnover20,20日平均换手率,换手率,-0.039613276026855854,4249,4249
2024-11-26,turnoverStd20,20日换手率标准差,换手率,-0.010880192797656181,4249,4249
2024-12-03,roe,ROE,盈利,-0.0017902603346037704,4166,4248
2024-12-03,grossMargin,毛利率,盈利,0.031010685845332606,4168,4248
2024-12-03,ocfToRevenue,经营现金流/营收,现金流,0.007250175543753612,4214,4248
2024-12-03,fcfToEv,自由现金流/企业价值,现金流,0.03892822595544935,4118,4248
2024-12-03,debtToAssets,资产负债率,质量,-0.0025518755617345776,4214,4248
2024-12-03,receivablesTurnover,应收账款周转率,质量,0.05795706851019451,2256,4248
2024-12-03,inventoryTurnover,存货周转率,质量,0.00012468331699070907,2256,4248
2024-12-03,logMarketCap,总市值(对数),规模,-0.041641364575561134,4248,4248
2024-12-03,logRevenue,营业收入(对数),规模,-0.01374796646299938,4213,4248
2024-12-03,logAssets,总资产(对数),规模,-0.015977833671325915,4214,4248
2024-12-03,turnover,换手率,换手率,0.11246593353305831,4248,4248
2024-12-03,turnover20,20日平均换手率,换手率,0.013836992912199558,4248,4248
2024-12-03,turnoverStd20,20日换手率标准差,换手率,0.019225094857868556,4248,4248
2024-12-10,roe,ROE,盈利,0.07165767761545117,4168,4251
2024-12-10,grossMargin,毛利率,盈利,-0.023296869381421146,4170,4251
2024-12-10,ocfToRevenue,经营现金流/营收,现金流,-0.03366529503169073,4216,4251
2024-12-10,fcfToEv,自由现金流/企业价值,现金流,0.05142916053602039,4120,4251
2024-12-10,debtToAssets,资产负债率,质量,-0.01654970734757868,4216,4251
2024-12-10,receivablesTurnover,应收账款周转率,质量,-0.09935619678059306,2254,4251
2024-12-10,inventoryTurnover,存货周转率,质量,0.012481032483079224,2254,4251
2024-12-10,logMarketCap,总市值(对数),规模,0.08154675611501827,4251,4251
2024-12-10,logRevenue,营业收入(对数),规模,0.15220831438404664,4215,4251
2024-12-10,logAssets,总资产(对数),规模,0.12690382621325036,4216,4251
2024-12-10,turnover,换手率,换手率,0.2303292979981674,4251,4251
2024-12-10,turnover20,20日平均换手率,换手率,0.21142346559179614,4251,4251
2024-12-10,turnoverStd20,20日换手率标准差,换手率,0.17992535884192604,4251,4251
2024-12-17,roe,ROE,盈利,0.19406868252661655,4173,4255
2024-12-17,grossMargin,毛利率,盈利,0.08814819048136337,4175,4255
2024-12-17,ocfToRevenue,经营现金流/营收,现金流,0.054107824967256,4221,4255
2024-12-17,fcfToEv,自由现金流/企业价值,现金流,0.04527044460757516,4125,4255
2024-12-17,debtToAssets,资产负债率,质量,0.07152416939442933,4221,4255
2024-12-17,receivablesTurnover,应收账款周转率,质量,-0.05685081467541591,2254,4255
2024-12-17,inventoryTurnover,存货周转率,质量,0.14984850597489216,2254,4255
2024-12-17,logMarketCap,总市值(对数),规模,0.3008826719685369,4255,4255
2024-12-17,logRevenue,营业收入(对数),规模,0.23297338374014756,4220,4255
2024-12-17,logAssets,总资产(对数),规模,0.23234798164654097,4221,4255
2024-12-17,turnover,换手率,换手率,0.1266745508566133,4255,4255
2024-12-17,turnover20,20日平均换手率,换手率,0.09667143938217357,4255,4255
2024-12-17,turnoverStd20,20日换手率标准差,换手率,0.09357320139541438,4255,4255
2024-12-24,roe,ROE,盈利,0.1397923284499417,4175,4258
2024-12-24,grossMargin,毛利率,盈利,0.03033530141433915,4177,4258
2024-12-24,ocfToRevenue,经营现金流/营收,现金流,-0.0016778396115499433,4223,4258
2024-12-24,fcfToEv,自由现金流/企业价值,现金流,0.05046392933134094,4126,4258
2024-12-24,debtToAssets,资产负债率,质量,0.011970371631294259,4223,4258
2024-12-24,receivablesTurnover,应收账款周转率,质量,-0.07432823110099161,2253,4258
2024-12-24,inventoryTurnover,存货周转率,质量,0.1182745195068178,2253,4258
2024-12-24,logMarketCap,总市值(对数),规模,0.0950271166544897,4258,4258
2024-12-24,logRevenue,营业收入(对数),规模,0.13158706007197013,4222,4258
2024-12-24,logAssets,总资产(对数),规模,0.1432458811570921,4223,4258
2024-12-24,turnover,换手率,换手率,0.1565374356339771,4258,4258
2024-12-24,turnover20,20日平均换手率,换手率,0.18653664843229756,4258,4258
2024-12-24,turnoverStd20,20日换手率标准差,换手率,0.1670158593051129,4258,4258
2024-12-31,roe,ROE,盈利,0.07519478117281289,4178,4260
2024-12-31,grossMargin,毛利率,盈利,0.0023527100527755626,4180,4260
2024-12-31,ocfToRevenue,经营现金流/营收,现金流,0.030808122117956964,4226,4260
2024-12-31,fcfToEv,自由现金流/企业价值,现金流,0.04514773474768593,4129,4260
2024-12-31,debtToAssets,资产负债率,质量,0.03601598467430496,4226,4260
2024-12-31,receivablesTurnover,应收账款周转率,质量,0.02236593566299244,2252,4260
2024-12-31,inventoryTurnover,存货周转率,质量,0.08086030222293877,2252,4260
2024-12-31,logMarketCap,总市值(对数),规模,-0.08308110039920394,4260,4260
2024-12-31,logRevenue,营业收入(对数),规模,-0.04509428061255309,4225,4260
2024-12-31,logAssets,总资产(对数),规模,-0.06133912021502943,4226,4260
2024-12-31,turnover,换手率,换手率,0.055790762670080374,4260,4260
2024-12-31,turnover20,20日平均换手率,换手率,0.035888518996798055,4260,4260
2024-12-31,turnoverStd20,20日换手率标准差,换手率,0.044800203131083544,4260,4260
2025-01-08,roe,ROE,盈利,-0.02302378806129346,4179,4261
2025-01-08,grossMargin,毛利率,盈利,0.008761999117770465,4181,4261
2025-01-08,ocfToRevenue,经营现金流/营收,现金流,0.04611940293928641,4227,4261
2025-01-08,fcfToEv,自由现金流/企业价值,现金流,-0.03019700612535507,4129,4261
2025-01-08,debtToAssets,资产负债率,质量,0.006458327703741787,4227,4261
2025-01-08,receivablesTurnover,应收账款周转率,质量,0.0766201187826199,2255,4261
2025-01-08,inventoryTurnover,存货周转率,质量,-0.02367532450617676,2255,4261
2025-01-08,logMarketCap,总市值(对数),规模,-0.12893068735201796,4261,4261
2025-01-08,logRevenue,营业收入(对数),规模,-0.13002367929538594,4226,4261
2025-01-08,logAssets,总资产(对数),规模,-0.1357428979028231,4227,4261
2025-01-08,turnover,换手率,换手率,0.09567095668001434,4261,4261
2025-01-08,turnover20,20日平均换手率,换手率,0.020673555737989315,4261,4261
2025-01-08,turnoverStd20,20日换手率标准差,换手率,0.041849043641574164,4261,4261
2025-01-15,roe,ROE,盈利,0.21003604335201215,4184,4266
2025-01-15,grossMargin,毛利率,盈利,0.07451873867963447,4186,4266
2025-01-15,ocfToRevenue,经营现金流/营收,现金流,0.09103837682114334,4232,4266
2025-01-15,fcfToEv,自由现金流/企业价值,现金流,0.08128587762198362,4134,4266
2025-01-15,debtToAssets,资产负债率,质量,0.05775765927886476,4232,4266
2025-01-15,receivablesTurnover,应收账款周转率,质量,0.07499133177211105,2256,4266
2025-01-15,inventoryTurnover,存货周转率,质量,0.14180330398591975,2256,4266
2025-01-15,logMarketCap,总市值(对数),规模,0.059332953547144254,4266,4266
2025-01-15,logRevenue,营业收入(对数),规模,0.039863970026539304,4231,4266
2025-01-15,logAssets,总资产(对数),规模,0.03171442437288735,4232,4266
2025-01-15,turnover,换手率,换手率,0.11752745473681377,4266,4266
2025-01-15,turnover20,20日平均换手率,换手率,0.08067202215076609,4266,4266
2025-01-15,turnoverStd20,20日换手率标准差,换手率,0.07762369952387337,4266,4266
2025-01-22,roe,ROE,盈利,-0.03997994248732798,4190,4272
2025-01-22,grossMargin,毛利率,盈利,0.011153928947221942,4192,4272
2025-01-22,ocfToRevenue,经营现金流/营收,现金流,0.02828254691306995,4238,4272
2025-01-22,fcfToEv,自由现金流/企业价值,现金流,-0.05649726753591849,4140,4272
2025-01-22,debtToAssets,资产负债率,质量,0.02891921621253169,4238,4272
2025-01-22,receivablesTurnover,应收账款周转率,质量,0.12480612869079713,2257,4272
2025-01-22,inventoryTurnover,存货周转率,质量,-0.10199642512259238,2257,4272
2025-01-22,logMarketCap,总市值(对数),规模,-0.1553482747882073,4272,4272
2025-01-22,logRevenue,营业收入(对数),规模,-0.1203278386639662,4237,4272
2025-01-22,logAssets,总资产(对数),规模,-0.11371774409453247,4238,4272
2025-01-22,turnover,换手率,换手率,0.160212610813139,4272,4272
2025-01-22,turnover20,20日平均换手率,换手率,0.09099833722784556,4272,4272
2025-01-22,turnoverStd20,20日换手率标准差,换手率,0.14984673652625055,4272,4272
2025-02-06,roe,ROE,盈利,-0.17143473870281886,4193,4274
2025-02-06,grossMargin,毛利率,盈利,-0.114872746028481,4195,4274
2025-02-06,ocfToRevenue,经营现金流/营收,现金流,-0.05125754213882887,4241,4274
2025-02-06,fcfToEv,自由现金流/企业价值,现金流,-0.054219191799711276,4144,4274
2025-02-06,debtToAssets,资产负债率,质量,-0.12295219734613053,4241,4274
2025-02-06,receivablesTurnover,应收账款周转率,质量,0.055625664119245036,2258,4274
2025-02-06,inventoryTurnover,存货周转率,质量,-0.15443136496449436,2258,4274
2025-02-06,logMarketCap,总市值(对数),规模,-0.050930861832097066,4274,4274
2025-02-06,logRevenue,营业收入(对数),规模,0.0035262370893793674,4240,4274
2025-02-06,logAssets,总资产(对数),规模,0.0020155686956870064,4241,4274
2025-02-06,turnover,换手率,换手率,-0.07184256353293204,4274,4274
2025-02-06,turnover20,20日平均换手率,换手率,-0.09234490486992475,4274,4274
2025-02-06,turnoverStd20,20日换手率标准差,换手率,-0.0793388126401413,4274,4274
2025-02-13,roe,ROE,盈利,0.06053979289075348,4194,4275
2025-02-13,grossMargin,毛利率,盈利,0.052993398434195246,4196,4275
2025-02-13,ocfToRevenue,经营现金流/营收,现金流,0.06203783950310515,4242,4275
2025-02-13,fcfToEv,自由现金流/企业价值,现金流,-0.009804347004487301,4145,4275
2025-02-13,debtToAssets,资产负债率,质量,0.03020462061401943,4242,4275
2025-02-13,receivablesTurnover,应收账款周转率,质量,0.1190585514743893,2256,4275
2025-02-13,inventoryTurnover,存货周转率,质量,0.05153353567291767,2256,4275
2025-02-13,logMarketCap,总市值(对数),规模,-0.12262334199150032,4275,4275
2025-02-13,logRevenue,营业收入(对数),规模,-0.1300018164728874,4241,4275
2025-02-13,logAssets,总资产(对数),规模,-0.13127943516017013,4242,4275
2025-02-13,turnover,换手率,换手率,0.09292559357289802,4275,4275
2025-02-13,turnover20,20日平均换手率,换手率,0.05539072927515481,4275,4275
2025-02-13,turnoverStd20,20日换手率标准差,换手率,0.08187495406850034,4275,4275
2025-02-20,roe,ROE,盈利,-0.04637470385434472,4196,4276
2025-02-20,grossMargin,毛利率,盈利,-0.007280839821760245,4198,4276
2025-02-20,ocfToRevenue,经营现金流/营收,现金流,-0.0024217919521260303,4244,4276
2025-02-20,fcfToEv,自由现金流/企业价值,现金流,-0.03657110391750978,4148,4276
2025-02-20,debtToAssets,资产负债率,质量,-0.0474495225013308,4244,4276
2025-02-20,receivablesTurnover,应收账款周转率,质量,-0.015142824636663443,2259,4276
2025-02-20,inventoryTurnover,存货周转率,质量,0.02006424017644339,2259,4276
2025-02-20,logMarketCap,总市值(对数),规模,-0.00801161374475219,4276,4276
2025-02-20,logRevenue,营业收入(对数),规模,0.019420440239735107,4243,4276
2025-02-20,logAssets,总资产(对数),规模,0.026426535325914133,4244,4276
2025-02-20,turnover,换手率,换手率,0.02848921923320015,4276,4276
2025-02-20,turnover20,20日平均换手率,换手率,0.012160010397940044,4276,4276
2025-02-20,turnoverStd20,20日换手率标准差,换手率,0.03183964821223851,4276,4276
2025-02-27,roe,ROE,盈利,0.06739339798506487,4194,4274
2025-02-27,grossMargin,毛利率,盈利,0.01245756032878518,4196,4274
2025-02-27,ocfToRevenue,经营现金流/营收,现金流,0.03288870887283198,4242,4274
2025-02-27,fcfToEv,自由现金流/企业价值,现金流,-0.0034129785693812888,4146,4274
2025-02-27,debtToAssets,资产负债率,质量,0.019869277998276005,4242,4274
2025-02-27,receivablesTurnover,应收账款周转率,质量,0.0700175135230104,2256,4274
2025-02-27,inventoryTurnover,存货周转率,质量,-0.006150847769823608,2256,4274
2025-02-27,logMarketCap,总市值(对数),规模,-0.07166947906232758,4274,4274
2025-02-27,logRevenue,营业收入(对数),规模,-0.02657241931537982,4241,4274
2025-02-27,logAssets,总资产(对数),规模,-0.02865670864812808,4242,4274
2025-02-27,turnover,换手率,换手率,0.1472266833334422,4274,4274
2025-02-27,turnover20,20日平均换手率,换手率,0.11488246543958475,4274,4274
2025-02-27,turnoverStd20,20日换手率标准差,换手率,0.11406876968667769,4274,4274
2025-03-06,roe,ROE,盈利,0.044687808699223536,4193,4273
2025-03-06,grossMargin,毛利率,盈利,0.021977906053473297,4195,4273
2025-03-06,ocfToRevenue,经营现金流/营收,现金流,-0.019980537046516787,4241,4273
2025-03-06,fcfToEv,自由现金流/企业价值,现金流,0.01339438523378069,4144,4273
2025-03-06,debtToAssets,资产负债率,质量,0.002908623591816619,4241,4273
2025-03-06,receivablesTurnover,应收账款周转率,质量,0.026586794271147556,2256,4273
2025-03-06,inventoryTurnover,存货周转率,质量,0.061107715948290495,2256,4273
2025-03-06,logMarketCap,总市值(对数),规模,-0.11609664952692761,4273,4273
2025-03-06,logRevenue,营业收入(对数),规模,-0.020030178166314354,4240,4273
2025-03-06,logAssets,总资产(对数),规模,-0.014712199496099969,4241,4273
2025-03-06,turnover,换手率,换手率,0.16583082587547776,4273,4273
2025-03-06,turnover20,20日平均换手率,换手率,0.19073869885196723,4273,4273
2025-03-06,turnoverStd20,20日换手率标准差,换手率,0.1871312110315868,4273,4273
2025-03-13,roe,ROE,盈利,0.08064653592905734,4194,4274
2025-03-13,grossMargin,毛利率,盈利,0.01933112624668174,4196,4274
2025-03-13,ocfToRevenue,经营现金流/营收,现金流,0.042659338638108626,4242,4274
2025-03-13,fcfToEv,自由现金流/企业价值,现金流,0.04135564689495958,4145,4274
2025-03-13,debtToAssets,资产负债率,质量,0.011304980812862617,4242,4274
2025-03-13,receivablesTurnover,应收账款周转率,质量,0.08624777281463035,2256,4274
2025-03-13,inventoryTurnover,存货周转率,质量,0.020999817699004154,2256,4274
2025-03-13,logMarketCap,总市值(对数),规模,-0.16293389627595173,4274,4274
2025-03-13,logRevenue,营业收入(对数),规模,-0.09755459680289894,4241,4274
2025-03-13,logAssets,总资产(对数),规模,-0.11217491949640483,4242,4274
2025-03-13,turnover,换手率,换手率,0.12475483057063147,4274,4274
2025-03-13,turnover20,20日平均换手率,换手率,0.08947072479009457,4274,4274
2025-03-13,turnoverStd20,20日换手率标准差,换手率,0.13789111055634257,4274,4274
2025-03-20,roe,ROE,盈利,0.10086214230462143,4195,4273
2025-03-20,grossMargin,毛利率,盈利,0.018003745760198614,4197,4273
2025-03-20,ocfToRevenue,经营现金流/营收,现金流,-0.044514090606886304,4243,4273
2025-03-20,fcfToEv,自由现金流/企业价值,现金流,0.05151778976867089,4146,4273
2025-03-20,debtToAssets,资产负债率,质量,0.011911178656935036,4243,4273
2025-03-20,receivablesTurnover,应收账款周转率,质量,-0.1493079976246204,2255,4273
2025-03-20,inventoryTurnover,存货周转率,质量,0.07735187636951181,2255,4273
2025-03-20,logMarketCap,总市值(对数),规模,0.14992907029450084,4273,4273
2025-03-20,logRevenue,营业收入(对数),规模,0.2018855866804627,4242,4273
2025-03-20,logAssets,总资产(对数),规模,0.20295118044380905,4243,4273
2025-03-20,turnover,换手率,换手率,0.13609708944670254,4273,4273
2025-03-20,turnover20,20日平均换手率,换手率,0.22830446578727923,4273,4273
2025-03-20,turnoverStd20,20日换手率标准差,换手率,0.21111166418929037,4273,4273
2025-03-27,roe,ROE,盈利,0.05465678165045204,4195,4272
2025-03-27,grossMargin,毛利率,盈利,0.04596696090263751,4197,4272
2025-03-27,ocfToRevenue,经营现金流/营收,现金流,-0.013612870064906487,4243,4272
2025-03-27,fcfToEv,自由现金流/企业价值,现金流,0.023896274973116628,4146,4272
2025-03-27,debtToAssets,资产负债率,质量,0.043300517183773216,4243,4272
2025-03-27,receivablesTurnover,应收账款周转率,质量,-0.010075780480386659,2255,4272
2025-03-27,inventoryTurnover,存货周转率,质量,-0.08338356678093065,2255,4272
2025-03-27,logMarketCap,总市值(对数),规模,-0.08026537877105457,4272,4272
2025-03-27,logRevenue,营业收入(对数),规模,-0.038720958936261096,4242,4272
2025-03-27,logAssets,总资产(对数),规模,-0.0295944805764175,4243,4272
2025-03-27,turnover,换手率,换手率,0.10998216681864198,4272,4272
2025-03-27,turnover20,20日平均换手率,换手率,0.1348348574094482,4272,4272
2025-03-27,turnoverStd20,20日换手率标准差,换手率,0.1436697007399228,4272,4272
2025-04-03,roe,ROE,盈利,-0.06911363307185751,4202,4277
2025-04-03,grossMargin,毛利率,盈利,-0.00036496671351141026,4204,4277
2025-04-03,ocfToRevenue,经营现金流/营收,现金流,-0.07311821963782177,4250,4277
2025-04-03,fcfToEv,自由现金流/企业价值,现金流,-0.012463016559674633,4152,4277
2025-04-03,debtToAssets,资产负债率,质量,-0.037953689880772155,4250,4277
2025-04-03,receivablesTurnover,应收账款周转率,质量,-0.19419592411843267,2257,4277
2025-04-03,inventoryTurnover,存货周转率,质量,-0.06053679281925101,2257,4277
2025-04-03,logMarketCap,总市值(对数),规模,0.1923912161297512,4277,4277
2025-04-03,logRevenue,营业收入(对数),规模,0.14890240321151155,4249,4277
2025-04-03,logAssets,总资产(对数),规模,0.1670359032371729,4250,4277
2025-04-03,turnover,换手率,换手率,-7.490452468802671e-05,4277,4277
2025-04-03,turnover20,20日平均换手率,换手率,0.01585123595774102,4277,4277
2025-04-03,turnoverStd20,20日换手率标准差,换手率,-0.00452034952610017,4277,4277
2025-04-11,roe,ROE,盈利,0.0216219263610166,4200,4275
2025-04-11,grossMargin,毛利率,盈利,-0.0391433530695955,4202,4275
2025-04-11,ocfToRevenue,经营现金流/营收,现金流,0.02867920943965972,4248,4275
2025-04-11,fcfToEv,自由现金流/企业价值,现金流,0.060591058855538914,4151,4275
2025-04-11,debtToAssets,资产负债率,质量,0.0012867676028908849,4248,4275
2025-04-11,receivablesTurnover,应收账款周转率,质量,0.08814496334073142,2257,4275
2025-04-11,inventoryTurnover,存货周转率,质量,-0.047512045924611626,2257,4275
2025-04-11,logMarketCap,总市值(对数),规模,-0.2458504677190661,4275,4275
2025-04-11,logRevenue,营业收入(对数),规模,-0.11525913324427906,4246,4275
2025-04-11,logAssets,总资产(对数),规模,-0.14555506759410558,4248,4275
2025-04-11,turnover,换手率,换手率,0.21044451883443824,4275,4275
2025-04-11,turnover20,20日平均换手率,换手率,0.13838380759222887,4275,4275
2025-04-11,turnoverStd20,20日换手率标准差,换手率,0.15177785673143285,4275,4275
2025-04-18,roe,ROE,盈利,0.07055409867275939,4198,4273
2025-04-18,grossMargin,毛利率,盈利,-0.01140758998339737,4200,4273
2025-04-18,ocfToRevenue,经营现金流/营收,现金流,0.06065348656578849,4246,4273
2025-04-18,fcfToEv,自由现金流/企业价值,现金流,0.011560868595010782,4149,4273
2025-04-18,debtToAssets,资产负债率,质量,0.028844030482187477,4246,4273
2025-04-18,receivablesTurnover,应收账款周转率,质量,0.10807364710644259,2256,4273
2025-04-18,inventoryTurnover,存货周转率,质量,0.02992131885002271,2256,4273
2025-04-18,logMarketCap,总市值(对数),规模,-0.0778677521167437,4273,4273
2025-04-18,logRevenue,营业收入(对数),规模,-0.03488239265291786,4244,4273
2025-04-18,logAssets,总资产(对数),规模,-0.051066959846117595,4246,4273
2025-04-18,turnover,换手率,换手率,0.12133932106965786,4273,4273
2025-04-18,turnover20,20日平均换手率,换手率,0.08057832456943201,4273,4273
2025-04-18,turnoverStd20,20日换手率标准差,换手率,0.09465934397943572,4273,4273
2025-04-25,roe,ROE,盈利,-0.07406642046911018,4201,4271
2025-04-25,grossMargin,毛利率,盈利,-0.01943607157162141,4202,4271
2025-04-25,ocfToRevenue,经营现金流/营收,现金流,0.03850322888341126,4249,4271
2025-04-25,fcfToEv,自由现金流/企业价值,现金流,-0.041360701544670905,4151,4271
2025-04-25,debtToAssets,资产负债率,质量,-0.026772510741917756,4249,4271
2025-04-25,receivablesTurnover,应收账款周转率,质量,0.13416584647819205,2257,4271
2025-04-25,inventoryTurnover,存货周转率,质量,0.03252263795830302,2256,4271
2025-04-25,logMarketCap,总市值(对数),规模,-0.20356162198434774,4271,4271
2025-04-25,logRevenue,营业收入(对数),规模,-0.17109745282687938,4246,4271
2025-04-25,logAssets,总资产(对数),规模,-0.20547297115016508,4249,4271
2025-04-25,turnover,换手率,换手率,0.029124957479583435,4271,4271
2025-04-25,turnover20,20日平均换手率,换手率,-0.044288651059003675,4271,4271
2025-04-25,turnoverStd20,20日换手率标准差,换手率,0.002139727975639441,4271,4271
2025-05-07,roe,ROE,盈利,-0.02852923206885036,4201,4266
2025-05-07,grossMargin,毛利率,盈利,-0.020282537169391737,4202,4266
2025-05-07,ocfToRevenue,经营现金流/营收,现金流,0.023316407815700425,4249,4266
2025-05-07,fcfToEv,自由现金流/企业价值,现金流,0.011298696798742056,4152,4266
2025-05-07,debtToAssets,资产负债率,质量,-0.026153856724221006,4249,4266
2025-05-07,receivablesTurnover,应收账款周转率,质量,0.042380606695568424,2257,4266
2025-05-07,inventoryTurnover,存货周转率,质量,-0.019254043981138648,2256,4266
2025-05-07,logMarketCap,总市值(对数),规模,-0.02367480352617545,4266,4266
2025-05-07,logRevenue,营业收入(对数),规模,0.024317799279178553,4248,4266
2025-05-07,logAssets,总资产(对数),规模,0.02087417524534722,4249,4266
2025-05-07,turnover,换手率,换手率,0.06521420718087678,4266,4266
2025-05-07,turnover20,20日平均换手率,换手率,0.043023729644419,4266,4266
2025-05-07,turnoverStd20,20日换手率标准差,换手率,0.030223436188840998,4266,4266
2025-05-14,roe,ROE,盈利,-0.027993377633975386,4203,4268
2025-05-14,grossMargin,毛利率,盈利,-0.022333856953486404,4204,4268
2025-05-14,ocfToRevenue,经营现金流/营收,现金流,-0.016740229932259845,4251,4268
2025-05-14,fcfToEv,自由现金流/企业价值,现金流,0.0034912538847384432,4154,4268
2025-05-14,debtToAssets,资产负债率,质量,-0.002609062730528286,4251,4268
2025-05-14,receivablesTurnover,应收账款周转率,质量,0.085183678707107,2256,4268
2025-05-14,inventoryTurnover,存货周转率,质量,0.12572598506559857,2255,4268
2025-05-14,logMarketCap,总市值(对数),规模,-0.303439417027523,4268,4268
2025-05-14,logRevenue,营业收入(对数),规模,-0.18791929758734358,4250,4268
2025-05-14,logAssets,总资产(对数),规模,-0.19521898214563005,4251,4268
2025-05-14,turnover,换手率,换手率,0.15119111111730926,4268,4268
2025-05-14,turnover20,20日平均换手率,换手率,0.14609979841508616,4268,4268
2025-05-14,turnoverStd20,20日换手率标准差,换手率,0.15073939919352392,4268,4268
2025-05-21,roe,ROE,盈利,-0.021657837326986566,4198,4263
2025-05-21,grossMargin,毛利率,盈利,0.037889162335707424,4199,4263
2025-05-21,ocfToRevenue,经营现金流/营收,现金流,-0.01927834103339985,4246,4263
2025-05-21,fcfToEv,自由现金流/企业价值,现金流,-0.02472834952728522,4149,4263
2025-05-21,debtToAssets,资产负债率,质量,0.05047067645364086,4246,4263
2025-05-21,receivablesTurnover,应收账款周转率,质量,0.055407622144491506,2252,4263
2025-05-21,inventoryTurnover,存货周转率,质量,0.04684699350697013,2251,4263
2025-05-21,logMarketCap,总市值(对数),规模,-0.09719174805356968,4263,4263
2025-05-21,logRevenue,营业收入(对数),规模,-0.04023802995160371,4245,4263
2025-05-21,logAssets,总资产(对数),规模,-0.01615630643194739,4246,4263
2025-05-21,turnover,换手率,换手率,0.14926754462228353,4263,4263
2025-05-21,turnover20,20日平均换手率,换手率,0.14631435642327278,4263,4263
2025-05-21,turnoverStd20,20日换手率标准差,换手率,0.12042283801714469,4263,4263
2025-05-28,roe,ROE,盈利,0.03820253840000125,4195,4260
2025-05-28,grossMargin,毛利率,盈利,0.02595831232679164,4196,4260
2025-05-28,ocfToRevenue,经营现金流/营收,现金流,0.07990172749163049,4243,4260
2025-05-28,fcfToEv,自由现金流/企业价值,现金流,-0.006164724691831147,4145,4260
2025-05-28,debtToAssets,资产负债率,质量,0.03296443760260072,4243,4260
2025-05-28,receivablesTurnover,应收账款周转率,质量,0.07100790643033565,2253,4260
2025-05-28,inventoryTurnover,存货周转率,质量,-0.06360746775203661,2252,4260
2025-05-28,logMarketCap,总市值(对数),规模,-0.08448194320404895,4260,4260
2025-05-28,logRevenue,营业收入(对数),规模,-0.09147314765030419,4242,4260
2025-05-28,logAssets,总资产(对数),规模,-0.0908470049279612,4243,4260
2025-05-28,turnover,换手率,换手率,0.1169461335370276,4260,4260
2025-05-28,turnover20,20日平均换手率,换手率,0.06572357886356064,4260,4260
2025-05-28,turnoverStd20,20日换手率标准差,换手率,0.1140360181406593,4260,4260
2025-06-05,roe,ROE,盈利,0.040688788136476785,4198,4263
2025-06-05,grossMargin,毛利率,盈利,0.004576537796261394,4199,4263
2025-06-05,ocfToRevenue,经营现金流/营收,现金流,0.019480992665319413,4246,4263
2025-06-05,fcfToEv,自由现金流/企业价值,现金流,0.0033576978418508284,4148,4263
2025-06-05,debtToAssets,资产负债率,质量,0.03437898004335599,4246,4263
2025-06-05,receivablesTurnover,应收账款周转率,质量,0.03834102936962929,2257,4263
2025-06-05,inventoryTurnover,存货周转率,质量,0.019590933668520546,2256,4263
2025-06-05,logMarketCap,总市值(对数),规模,-0.19266002980817065,4263,4263
2025-06-05,logRevenue,营业收入(对数),规模,-0.11121545369161896,4245,4263
2025-06-05,logAssets,总资产(对数),规模,-0.13398112139287394,4246,4263
2025-06-05,turnover,换手率,换手率,0.12376441964928112,4263,4263
2025-06-05,turnover20,20日平均换手率,换手率,0.11367023527737934,4263,4263
2025-06-05,turnoverStd20,20日换手率标准差,换手率,0.13740129436830523,4263,4263
2025-06-12,roe,ROE,盈利,-0.028446764581232162,4201,4267
2025-06-12,grossMargin,毛利率,盈利,-0.0028458136027230308,4202,4267
2025-06-12,ocfToRevenue,经营现金流/营收,现金流,-0.015573226786494572,4249,4267
2025-06-12,fcfToEv,自由现金流/企业价值,现金流,-0.023278969106075242,4153,4267
2025-06-12,debtToAssets,资产负债率,质量,-0.015409600528833596,4249,4267
2025-06-12,receivablesTurnover,应收账款周转率,质量,-0.09093961265982997,2255,4267
2025-06-12,inventoryTurnover,存货周转率,质量,-0.0347588880200778,2254,4267
2025-06-12,logMarketCap,总市值(对数),规模,0.14605867511148196,4267,4267
2025-06-12,logRevenue,营业收入(对数),规模,0.12425632258527168,4248,4267
2025-06-12,logAssets,总资产(对数),规模,0.15238715544670728,4249,4267
2025-06-12,turnover,换手率,换手率,0.10207852740816079,4267,4267
2025-06-12,turnover20,20日平均换手率,换手率,0.1259000670668362,4267,4267
2025-06-12,turnoverStd20,20日换手率标准差,换手率,0.13549564463077052,4267,4267
2025-06-19,roe,ROE,盈利,-0.015740633464922535,4206,4272
2025-06-19,grossMargin,毛利率,盈利,-0.014265222462731422,4207,4272
2025-06-19,ocfToRevenue,经营现金流/营收,现金流,0.09936641425757213,4254,4272
2025-06-19,fcfToEv,自由现金流/企业价值,现金流,-0.041309880385853856,4154,4272
2025-06-19,debtToAssets,资产负债率,质量,-0.026221279997011068,4254,4272
2025-06-19,receivablesTurnover,应收账款周转率,质量,0.10759408208592429,2256,4272
2025-06-19,inventoryTurnover,存货周转率,质量,-0.022665519983879154,2255,4272
2025-06-19,logMarketCap,总市值(对数),规模,-0.20095280094036538,4272,4272
2025-06-19,logRevenue,营业收入(对数),规模,-0.1468811047798829,4253,4272
2025-06-19,logAssets,总资产(对数),规模,-0.158961658415916,4254,4272
2025-06-19,turnover,换手率,换手率,0.1280940416128199,4272,4272
2025-06-19,turnover20,20日平均换手率,换手率,0.0784437179344683,4272,4272
2025-06-19,turnoverStd20,20日换手率标准差,换手率,0.13371763913574378,4272,4272
2025-06-26,roe,ROE,盈利,0.037972868007828633,4209,4275
2025-06-26,grossMargin,毛利率,盈利,-0.01381580952339715,4210,4275
2025-06-26,ocfToRevenue,经营现金流/营收,现金流,-0.006650143463429093,4257,4275
2025-06-26,fcfToEv,自由现金流/企业价值,现金流,0.02595794613170881,4160,4275
2025-06-26,debtToAssets,资产负债率,质量,0.009001228723438665,4257,4275
2025-06-26,receivablesTurnover,应收账款周转率,质量,0.1028916051615736,2257,4275
2025-06-26,inventoryTurnover,存货周转率,质量,0.1760189120297914,2256,4275
2025-06-26,logMarketCap,总市值(对数),规模,-0.17498489378500323,4275,4275
2025-06-26,logRevenue,营业收入(对数),规模,-0.05976016083160395,4256,4275
2025-06-26,logAssets,总资产(对数),规模,-0.07554330049579716,4257,4275
2025-06-26,turnover,换手率,换手率,0.11927509199561775,4275,4275
2025-06-26,turnover20,20日平均换手率,换手率,0.10394862325810428,4275,4275
2025-06-26,turnoverStd20,20日换手率标准差,换手率,0.1185015664045579,4275,4275
2025-07-03,roe,ROE,盈利,-0.004507011992836179,4206,4271
2025-07-03,grossMargin,毛利率,盈利,-0.04153867225418849,4207,4271
2025-07-03,ocfToRevenue,经营现金流/营收,现金流,-0.0077957794020586035,4254,4271
2025-07-03,fcfToEv,自由现金流/企业价值,现金流,-0.02133229697579009,4157,4271
2025-07-03,debtToAssets,资产负债率,质量,-0.02040938156189004,4254,4271
2025-07-03,receivablesTurnover,应收账款周转率,质量,-0.015576435235496879,2258,4271
2025-07-03,inventoryTurnover,存货周转率,质量,-0.12350636515104672,2257,4271
2025-07-03,logMarketCap,总市值(对数),规模,-0.03534883267235619,4271,4271
2025-07-03,logRevenue,营业收入(对数),规模,0.05736346400785906,4253,4271
2025-07-03,logAssets,总资产(对数),规模,0.056571187361659475,4254,4271
2025-07-03,turnover,换手率,换手率,0.11498630467550931,4271,4271
2025-07-03,turnover20,20日平均换手率,换手率,0.11645604819486548,4271,4271
2025-07-03,turnoverStd20,20日换手率标准差,换手率,0.12531069437269024,4271,4271
2025-07-10,roe,ROE,盈利,0.04949425162297418,4210,4276
2025-07-10,grossMargin,毛利率,盈利,0.04952413270945355,4211,4276
2025-07-10,ocfToRevenue,经营现金流/营收,现金流,0.00807510189422311,4258,4276
2025-07-10,fcfToEv,自由现金流/企业价值,现金流,-0.009720984577203724,4162,4276
2025-07-10,debtToAssets,资产负债率,质量,0.032482435746036945,4258,4276
2025-07-10,receivablesTurnover,应收账款周转率,质量,0.03514225802302501,2260,4276
2025-07-10,inventoryTurnover,存货周转率,质量,0.10229739137832226,2259,4276
2025-07-10,logMarketCap,总市值(对数),规模,0.03588959782152674,4276,4276
2025-07-10,logRevenue,营业收入(对数),规模,-0.011616640396524628,4257,4276
2025-07-10,logAssets,总资产(对数),规模,-0.01958436024450109,4258,4276
2025-07-10,turnover,换手率,换手率,0.1743882260490202,4276,4276
2025-07-10,turnover20,20日平均换手率,换手率,0.10491115693964669,4276,4276
2025-07-10,turnoverStd20,20日换手率标准差,换手率,0.12655800294191935,4276,4276
2025-07-17,roe,ROE,盈利,-0.05731421664400312,4210,4276
2025-07-17,grossMargin,毛利率,盈利,0.005267468408418262,4211,4276
2025-07-17,ocfToRevenue,经营现金流/营收,现金流,-0.033153419243291314,4258,4276
2025-07-17,fcfToEv,自由现金流/企业价值,现金流,-0.011900162034009865,4162,4276
2025-07-17,debtToAssets,资产负债率,质量,-0.020295970500695502,4258,4276
2025-07-17,receivablesTurnover,应收账款周转率,质量,-0.14486184385886916,2257,4276
2025-07-17,inventoryTurnover,存货周转率,质量,0.01030815736495828,2256,4276
2025-07-17,logMarketCap,总市值(对数),规模,0.13744543710038748,4276,4276
2025-07-17,logRevenue,营业收入(对数),规模,0.1650410240646102,4257,4276
2025-07-17,logAssets,总资产(对数),规模,0.20248396618149284,4258,4276
2025-07-17,turnover,换手率,换手率,0.13612358498470756,4276,4276
2025-07-17,turnover20,20日平均换手率,换手率,0.13600776320660754,4276,4276
2025-07-17,turnoverStd20,20日换手率标准差,换手率,0.1274875061376721,4276,4276
2025-07-24,roe,ROE,盈利,0.04647622155691183,4210,4275
2025-07-24,grossMargin,毛利率,盈利,0.04810625224291929,4211,4275
2025-07-24,ocfToRevenue,经营现金流/营收,现金流,0.029652956522947464,4258,4275
2025-07-24,fcfToEv,自由现金流/企业价值,现金流,-0.014200784570337658,4162,4275
2025-07-24,debtToAssets,资产负债率,质量,0.05324091631767134,4258,4275
2025-07-24,receivablesTurnover,应收账款周转率,质量,0.1115092798180795,2254,4275
2025-07-24,inventoryTurnover,存货周转率,质量,0.043494676343971646,2253,4275
2025-07-24,logMarketCap,总市值(对数),规模,-0.11033486819765174,4275,4275
2025-07-24,logRevenue,营业收入(对数),规模,-0.11863109389556573,4257,4275
2025-07-24,logAssets,总资产(对数),规模,-0.1312228740761738,4258,4275
2025-07-24,turnover,换手率,换手率,0.14773238222766216,4275,4275
2025-07-24,turnover20,20日平均换手率,换手率,0.06268879246517578,4275,4275
2025-07-24,turnoverStd20,20日换手率标准差,换手率,0.10568592464677501,4275,4275
2025-07-31,roe,ROE,盈利,0.06356309780588751,4216,4281
2025-07-31,grossMargin,毛利率,盈利,0.08707968808047706,4217,4281
2025-07-31,ocfToRevenue,经营现金流/营收,现金流,0.04526594809103321,4264,4281
2025-07-31,fcfToEv,自由现金流/企业价值,现金流,0.017283549183069683,4168,4281
2025-07-31,debtToAssets,资产负债率,质量,0.07620625290705804,4264,4281
2025-07-31,receivablesTurnover,应收账款周转率,质量,0.10427088290644893,2259,4281
2025-07-31,inventoryTurnover,存货周转率,质量,0.026152483410260784,2258,4281
2025-07-31,logMarketCap,总市值(对数),规模,-0.19877387315642903,4281,4281
2025-07-31,logRevenue,营业收入(对数),规模,-0.1994059979773229,4263,4281
2025-07-31,logAssets,总资产(对数),规模,-0.2115112206505282,4264,4281
2025-07-31,turnover,换手率,换手率,0.07459932952771901,4281,4281
2025-07-31,turnover20,20日平均换手率,换手率,0.06310479190119377,4281,4281
2025-07-31,turnoverStd20,20日换手率标准差,换手率,0.10576232708496298,4281,4281
2025-08-07,roe,ROE,盈利,0.04250219995448086,4216,4279
2025-08-07,grossMargin,毛利率,盈利,0.011649954903420932,4217,4279
2025-08-07,ocfToRevenue,经营现金流/营收,现金流,0.0013466449509532091,4264,4279
2025-08-07,fcfToEv,自由现金流/企业价值,现金流,0.012726185997943389,4168,4279
2025-08-07,debtToAssets,资产负债率,质量,0.01149746022867449,4264,4279
2025-08-07,receivablesTurnover,应收账款周转率,质量,-0.050700404811500024,2257,4279
2025-08-07,inventoryTurnover,存货周转率,质量,-0.018781241159943,2256,4279
2025-08-07,logMarketCap,总市值(对数),规模,0.1774207400399418,4279,4279
2025-08-07,logRevenue,营业收入(对数),规模,0.13724001863745297,4263,4279
2025-08-07,logAssets,总资产(对数),规模,0.14283731846809064,4264,4279
2025-08-07,turnover,换手率,换手率,0.06310511322837832,4279,4279
2025-08-07,turnover20,20日平均换手率,换手率,0.006216524898313427,4279,4279
2025-08-07,turnoverStd20,20日换手率标准差,换手率,-0.0021238599990732556,4279,4279
2025-08-14,roe,ROE,盈利,0.010284973849697074,4217,4280
2025-08-14,grossMargin,毛利率,盈利,-0.017061665985009956,4218,4280
2025-08-14,ocfToRevenue,经营现金流/营收,现金流,0.055733043449123255,4265,4280
2025-08-14,fcfToEv,自由现金流/企业价值,现金流,-0.013691657244430926,4169,4280
2025-08-14,debtToAssets,资产负债率,质量,-0.02040656379017577,4265,4280
2025-08-14,receivablesTurnover,应收账款周转率,质量,0.037350271222861706,2258,4280
2025-08-14,inventoryTurnover,存货周转率,质量,0.01252675927576664,2257,4280
2025-08-14,logMarketCap,总市值(对数),规模,-0.08903394451138788,4280,4280
2025-08-14,logRevenue,营业收入(对数),规模,-0.044321755297832506,4264,4280
2025-08-14,logAssets,总资产(对数),规模,-0.06747737220157103,4265,4280
2025-08-14,turnover,换手率,换手率,0.13134958815384112,4280,4280
2025-08-14,turnover20,20日平均换手率,换手率,0.07346033833570607,4280,4280
2025-08-14,turnoverStd20,20日换手率标准差,换手率,0.1053690050016981,4280,4280
2025-08-21,roe,ROE,盈利,-0.03034241972562928,4219,4282
2025-08-21,grossMargin,毛利率,盈利,-0.018148320542386947,4220,4282
2025-08-21,ocfToRevenue,经营现金流/营收,现金流,-0.009511887246885798,4267,4282
2025-08-21,fcfToEv,自由现金流/企业价值,现金流,0.0037131514098892636,4170,4282
2025-08-21,debtToAssets,资产负债率,质量,-0.029929105158319178,4267,4282
2025-08-21,receivablesTurnover,应收账款周转率,质量,-0.12499646163064639,2261,4282
2025-08-21,inventoryTurnover,存货周转率,质量,-0.1230767654212936,2260,4282
2025-08-21,logMarketCap,总市值(对数),规模,0.3290862959979031,4282,4282
2025-08-21,logRevenue,营业收入(对数),规模,0.23426847687196675,4266,4282
2025-08-21,logAssets,总资产(对数),规模,0.24862531357328443,4267,4282
2025-08-21,turnover,换手率,换手率,0.01060998300774135,4282,4282
2025-08-21,turnover20,20日平均换手率,换手率,0.006413347012868829,4282,4282
2025-08-21,turnoverStd20,20日换手率标准差,换手率,-0.013819474571834215,4282,4282
2025-08-28,roe,ROE,盈利,-0.006026976188434591,4225,4288
2025-08-28,grossMargin,毛利率,盈利,-0.0008208100850607457,4226,4288
2025-08-28,ocfToRevenue,经营现金流/营收,现金流,-0.057835071620257666,4273,4288
2025-08-28,fcfToEv,自由现金流/企业价值,现金流,0.004650036843652685,4174,4288
2025-08-28,debtToAssets,资产负债率,质量,-0.019631145084954803,4273,4288
2025-08-28,receivablesTurnover,应收账款周转率,质量,-0.017700090152245235,2260,4288
2025-08-28,inventoryTurnover,存货周转率,质量,0.04489776637194389,2259,4288
2025-08-28,logMarketCap,总市值(对数),规模,-0.08254114992685022,4288,4288
2025-08-28,logRevenue,营业收入(对数),规模,0.02068537697178093,4272,4288
2025-08-28,logAssets,总资产(对数),规模,0.027754428979880168,4273,4288
2025-08-28,turnover,换手率,换手率,0.14840204058363857,4288,4288
2025-08-28,turnover20,20日平均换手率,换手率,0.1691949872057615,4288,4288
2025-08-28,turnoverStd20,20日换手率标准差,换手率,0.14492963871725217,4288,4288
2025-09-04,roe,ROE,盈利,0.056271180152910376,4226,4289
2025-09-04,grossMargin,毛利率,盈利,-0.0017519280732567557,4227,4289
2025-09-04,ocfToRevenue,经营现金流/营收,现金流,0.06530559555630613,4274,4289
2025-09-04,fcfToEv,自由现金流/企业价值,现金流,0.020138758313727387,4175,4289
2025-09-04,debtToAssets,资产负债率,质量,0.007952548628536584,4274,4289
2025-09-04,receivablesTurnover,应收账款周转率,质量,-0.00545110933142137,2260,4289
2025-09-04,inventoryTurnover,存货周转率,质量,0.006183530049596856,2259,4289
2025-09-04,logMarketCap,总市值(对数),规模,0.02727316284612159,4289,4289
2025-09-04,logRevenue,营业收入(对数),规模,-0.00224238044943158,4273,4289
2025-09-04,logAssets,总资产(对数),规模,-0.006552108486706126,4274,4289
2025-09-04,turnover,换手率,换手率,-0.05096571895276028,4289,4289
2025-09-04,turnover20,20日平均换手率,换手率,-0.05341179842304832,4289,4289
2025-09-04,turnoverStd20,20日换手率标准差,换手率,-0.017791444795135163,4289,4289
2025-09-11,roe,ROE,盈利,-0.02168999231464248,4225,4288
2025-09-11,grossMargin,毛利率,盈利,-0.01692128791525135,4226,4288
2025-09-11,ocfToRevenue,经营现金流/营收,现金流,0.019987520136910606,4273,4288
2025-09-11,fcfToEv,自由现金流/企业价值,现金流,-0.026392915787869797,4174,4288
2025-09-11,debtToAssets,资产负债率,质量,-0.01669182781022703,4273,4288
2025-09-11,receivablesTurnover,应收账款周转率,质量,0.00430474080592056,2257,4288
2025-09-11,inventoryTurnover,存货周转率,质量,-0.03662057674453045,2256,4288
2025-09-11,logMarketCap,总市值(对数),规模,0.07249710902137874,4288,4288
2025-09-11,logRevenue,营业收入(对数),规模,0.03301716462548873,4272,4288
2025-09-11,logAssets,总资产(对数),规模,0.041755320007824274,4273,4288
2025-09-11,turnover,换手率,换手率,-0.02093850799084082,4288,4288
2025-09-11,turnover20,20日平均换手率,换手率,-0.03932589089234003,4288,4288
2025-09-11,turnoverStd20,20日换手率标准差,换手率,-0.013794637358183775,4288,4288
2025-09-18,roe,ROE,盈利,0.08231430050558011,4226,4289
2025-09-18,grossMargin,毛利率,盈利,0.07476072225522051,4227,4289
2025-09-18,ocfToRevenue,经营现金流/营收,现金流,0.011716256059226467,4274,4289
2025-09-18,fcfToEv,自由现金流/企业价值,现金流,-0.009800261214178941,4175,4289
2025-09-18,debtToAssets,资产负债率,质量,0.0390135929716167,4274,4289
2025-09-18,receivablesTurnover,应收账款周转率,质量,-0.0931559990952651,2259,4289
2025-09-18,inventoryTurnover,存货周转率,质量,-0.02196851171641645,2258,4289
2025-09-18,logMarketCap,总市值(对数),规模,0.16621178097875972,4289,4289
2025-09-18,logRevenue,营业收入(对数),规模,0.1254156180731625,4273,4289
2025-09-18,logAssets,总资产(对数),规模,0.13031449536251713,4274,4289
2025-09-18,turnover,换手率,换手率,0.13508400230090525,4289,4289
2025-09-18,turnover20,20日平均换手率,换手率,0.09971125369870895,4289,4289
2025-09-18,turnoverStd20,20日换手率标准差,换手率,0.08857430827288343,4289,4289
2025-09-25,roe,ROE,盈利,-0.009806226727410088,4225,4288
2025-09-25,grossMargin,毛利率,盈利,-0.06330864846016337,4226,4288
2025-09-25,ocfToRevenue,经营现金流/营收,现金流,-0.042193814912733975,4273,4288
2025-09-25,fcfToEv,自由现金流/企业价值,现金流,0.02528949918442027,4174,4288
2025-09-25,debtToAssets,资产负债率,质量,-0.06170395331279079,4273,4288
2025-09-25,receivablesTurnover,应收账款周转率,质量,-0.06753904041863419,2259,4288
2025-09-25,inventoryTurnover,存货周转率,质量,0.04868962331971391,2258,4288
2025-09-25,logMarketCap,总市值(对数),规模,-0.0446205407534779,4288,4288
2025-09-25,logRevenue,营业收入(对数),规模,0.07736183020888714,4272,4288
2025-09-25,logAssets,总资产(对数),规模,0.08285213383466786,4273,4288
2025-09-25,turnover,换手率,换手率,0.12246315132285424,4288,4288
2025-09-25,turnover20,20日平均换手率,换手率,0.14045307558353667,4288,4288
2025-09-25,turnoverStd20,20日换手率标准差,换手率,0.1228229513650901,4288,4288
2025-10-10,roe,ROE,盈利,-0.01183459698876267,4224,4287
2025-10-10,grossMargin,毛利率,盈利,-0.010900652506251808,4225,4287
2025-10-10,ocfToRevenue,经营现金流/营收,现金流,-0.04306350136312221,4272,4287
2025-10-10,fcfToEv,自由现金流/企业价值,现金流,0.014436917037845063,4174,4287
2025-10-10,debtToAssets,资产负债率,质量,0.0031118222911421674,4272,4287
2025-10-10,receivablesTurnover,应收账款周转率,质量,0.017856448443567312,2257,4287
2025-10-10,inventoryTurnover,存货周转率,质量,-0.02089074005801315,2256,4287
2025-10-10,logMarketCap,总市值(对数),规模,-0.16927019877672475,4287,4287
2025-10-10,logRevenue,营业收入(对数),规模,-0.06198547321436437,4271,4287
2025-10-10,logAssets,总资产(对数),规模,-0.06353039768948367,4272,4287
2025-10-10,turnover,换手率,换手率,0.05970128029362496,4287,4287
2025-10-10,turnover20,20日平均换手率,换手率,0.13094956574928673,4287,4287
2025-10-10,turnoverStd20,20日换手率标准差,换手率,0.12490390851838597,4287,4287
2025-10-17,roe,ROE,盈利,0.015107875524154213,4233,4296
2025-10-17,grossMargin,毛利率,盈利,0.002468895480794475,4234,4296
2025-10-17,ocfToRevenue,经营现金流/营收,现金流,0.05058028786568746,4281,4296
2025-10-17,fcfToEv,自由现金流/企业价值,现金流,0.005881297179879054,4182,4296
2025-10-17,debtToAssets,资产负债率,质量,-0.009211301088355611,4281,4296
2025-10-17,receivablesTurnover,应收账款周转率,质量,0.128915607230909,2261,4296
2025-10-17,inventoryTurnover,存货周转率,质量,-0.017394628580349375,2260,4296
2025-10-17,logMarketCap,总市值(对数),规模,-0.25586269659423067,4296,4296
2025-10-17,logRevenue,营业收入(对数),规模,-0.17864750316082692,4280,4296
2025-10-17,logAssets,总资产(对数),规模,-0.18794670155999646,4281,4296
2025-10-17,turnover,换手率,换手率,0.1616994327236045,4296,4296
2025-10-17,turnover20,20日平均换手率,换手率,0.07911003322638928,4296,4296
2025-10-17,turnoverStd20,20日换手率标准差,换手率,0.13383685051658237,4296,4296
2025-10-24,roe,ROE,盈利,-0.030843110309136557,4234,4297
2025-10-24,grossMargin,毛利率,盈利,-0.004664091763728392,4235,4297
2025-10-24,ocfToRevenue,经营现金流/营收,现金流,-0.015825251755420967,4282,4297
2025-10-24,fcfToEv,自由现金流/企业价值,现金流,0.004068742343402868,4184,4297
2025-10-24,debtToAssets,资产负债率,质量,0.017077804027494953,4282,4297
2025-10-24,receivablesTurnover,应收账款周转率,质量,-0.04889906265872263,2259,4297
2025-10-24,inventoryTurnover,存货周转率,质量,0.014044729452221662,2258,4297
2025-10-24,logMarketCap,总市值(对数),规模,0.04619478565340734,4297,4297
2025-10-24,logRevenue,营业收入(对数),规模,0.008336167623651856,4281,4297
2025-10-24,logAssets,总资产(对数),规模,0.016696210300996165,4282,4297
2025-10-24,turnover,换手率,换手率,0.012348519660344304,4297,4297
2025-10-24,turnover20,20日平均换手率,换手率,-0.0168335548062844,4297,4297
2025-10-24,turnoverStd20,20日换手率标准差,换手率,0.004850448766862686,4297,4297
2025-10-31,roe,ROE,盈利,-0.031936938918240246,4233,4296
2025-10-31,grossMargin,毛利率,盈利,-0.056826590596008586,4234,4296
2025-10-31,ocfToRevenue,经营现金流/营收,现金流,-0.052843055579266246,4281,4296
2025-10-31,fcfToEv,自由现金流/企业价值,现金流,0.013544259275161112,4181,4296
2025-10-31,debtToAssets,资产负债率,质量,-0.04210559752776033,4281,4296
2025-10-31,receivablesTurnover,应收账款周转率,质量,0.032095664887212536,2257,4296
2025-10-31,inventoryTurnover,存货周转率,质量,0.03127512268823957,2256,4296
2025-10-31,logMarketCap,总市值(对数),规模,-0.1862811850692313,4296,4296
2025-10-31,logRevenue,营业收入(对数),规模,-0.04327226712244854,4280,4296
2025-10-31,logAssets,总资产(对数),规模,-0.038028773827280656,4281,4296
2025-10-31,turnover,换手率,换手率,0.054619585475881256,4296,4296
2025-10-31,turnover20,20日平均换手率,换手率,0.1160135078194812,4296,4296
2025-10-31,turnoverStd20,20日换手率标准差,换手率,0.11850863547309444,4296,4296
2025-11-07,roe,ROE,盈利,-0.07998703578495399,4233,4296
2025-11-07,grossMargin,毛利率,盈利,-0.05316813369461212,4234,4296
2025-11-07,ocfToRevenue,经营现金流/营收,现金流,-0.040169889598493685,4281,4296
2025-11-07,fcfToEv,自由现金流/企业价值,现金流,0.011852127860390416,4182,4296
2025-11-07,debtToAssets,资产负债率,质量,-0.05763867700396595,4281,4296
2025-11-07,receivablesTurnover,应收账款周转率,质量,0.05275406191573206,2255,4296
2025-11-07,inventoryTurnover,存货周转率,质量,0.028409336781443275,2254,4296
2025-11-07,logMarketCap,总市值(对数),规模,-0.24081965938435385,4296,4296
2025-11-07,logRevenue,营业收入(对数),规模,-0.13643870726714602,4280,4296
2025-11-07,logAssets,总资产(对数),规模,-0.13025884513168154,4281,4296
2025-11-07,turnover,换手率,换手率,0.05250618631316655,4296,4296
2025-11-07,turnover20,20日平均换手率,换手率,0.06513043336822005,4296,4296
2025-11-07,turnoverStd20,20日换手率标准差,换手率,0.07133630604865486,4296,4296
2025-11-14,roe,ROE,盈利,0.004981215854758005,4236,4299
2025-11-14,grossMargin,毛利率,盈利,0.06723627210430154,4237,4299
2025-11-14,ocfToRevenue,经营现金流/营收,现金流,0.010934211703117248,4284,4299
2025-11-14,fcfToEv,自由现金流/企业价值,现金流,0.015563860850268167,4186,4299
2025-11-14,debtToAssets,资产负债率,质量,0.07331881983674805,4284,4299
2025-11-14,receivablesTurnover,应收账款周转率,质量,-0.07978427425356596,2258,4299
2025-11-14,inventoryTurnover,存货周转率,质量,-0.07944862776830738,2257,4299
2025-11-14,logMarketCap,总市值(对数),规模,0.1968091351526753,4299,4299
2025-11-14,logRevenue,营业收入(对数),规模,0.12115764089518606,4283,4299
2025-11-14,logAssets,总资产(对数),规模,0.13937664255881274,4284,4299
2025-11-14,turnover,换手率,换手率,0.11802073154372546,4299,4299
2025-11-14,turnover20,20日平均换手率,换手率,0.1674489423754384,4299,4299
2025-11-14,turnoverStd20,20日换手率标准差,换手率,0.12358826774269457,4299,4299
2025-11-21,roe,ROE,盈利,0.036340056287399156,4239,4300
2025-11-21,grossMargin,毛利率,盈利,0.005450678006615167,4240,4300
2025-11-21,ocfToRevenue,经营现金流/营收,现金流,0.07311316781417712,4285,4300
2025-11-21,fcfToEv,自由现金流/企业价值,现金流,0.017804129705281974,4187,4300
2025-11-21,debtToAssets,资产负债率,质量,0.016736771268322105,4285,4300
2025-11-21,receivablesTurnover,应收账款周转率,质量,0.13431390785047423,2261,4300
2025-11-21,inventoryTurnover,存货周转率,质量,0.04773287538181994,2260,4300
2025-11-21,logMarketCap,总市值(对数),规模,-0.24928086072501784,4300,4300
2025-11-21,logRevenue,营业收入(对数),规模,-0.21762803808451867,4284,4300
2025-11-21,logAssets,总资产(对数),规模,-0.24022466037835896,4285,4300
2025-11-21,turnover,换手率,换手率,0.028714918254536762,4300,4300
2025-11-21,turnover20,20日平均换手率,换手率,-0.08106265644988422,4300,4300
2025-11-21,turnoverStd20,20日换手率标准差,换手率,-0.010483272107273782,4300,4300
2025-11-28,roe,ROE,盈利,0.07035933929409735,4235,4295
2025-11-28,grossMargin,毛利率,盈利,0.02494090930366048,4236,4295
2025-11-28,ocfToRevenue,经营现金流/营收,现金流,0.002522704961418275,4281,4295
2025-11-28,fcfToEv,自由现金流/企业价值,现金流,0.06047951921416808,4184,4295
2025-11-28,debtToAssets,资产负债率,质量,0.015637324335791524,4281,4295
2025-11-28,receivablesTurnover,应收账款周转率,质量,0.019339293782097228,2260,4295
2025-11-28,inventoryTurnover,存货周转率,质量,0.09552393127237459,2259,4295
2025-11-28,logMarketCap,总市值(对数),规模,0.11074053926909656,4295,4295
2025-11-28,logRevenue,营业收入(对数),规模,0.15125581960072657,4280,4295
2025-11-28,logAssets,总资产(对数),规模,0.14998484911852936,4281,4295
2025-11-28,turnover,换手率,换手率,0.04326392007883,4295,4295
2025-11-28,turnover20,20日平均换手率,换手率,0.0663807639316536,4295,4295
2025-11-28,turnoverStd20,20日换手率标准差,换手率,0.04830979634891903,4295,4295
2025-12-05,roe,ROE,盈利,0.06695821413667122,4235,4295
2025-12-05,grossMargin,毛利率,盈利,0.08708684495621885,4236,4295
2025-12-05,ocfToRevenue,经营现金流/营收,现金流,0.021093248759981524,4281,4295
2025-12-05,fcfToEv,自由现金流/企业价值,现金流,-0.004904617490176385,4185,4295
2025-12-05,debtToAssets,资产负债率,质量,0.015647267543537544,4281,4295
2025-12-05,receivablesTurnover,应收账款周转率,质量,-0.026636951693844717,2255,4295
2025-12-05,inventoryTurnover,存货周转率,质量,0.017136197067977282,2254,4295
2025-12-05,logMarketCap,总市值(对数),规模,0.2693502749790751,4295,4295
2025-12-05,logRevenue,营业收入(对数),规模,0.12702898392203138,4280,4295
2025-12-05,logAssets,总资产(对数),规模,0.1344385052142045,4281,4295
2025-12-05,turnover,换手率,换手率,0.018171836706612474,4295,4295
2025-12-05,turnover20,20日平均换手率,换手率,-0.006681870542809754,4295,4295
2025-12-05,turnoverStd20,20日换手率标准差,换手率,-0.009636914857695522,4295,4295
2025-12-12,roe,ROE,盈利,0.04383091828503536,4237,4297
2025-12-12,grossMargin,毛利率,盈利,0.02011823294323702,4238,4297
2025-12-12,ocfToRevenue,经营现金流/营收,现金流,-0.027098612557135644,4283,4297
2025-12-12,fcfToEv,自由现金流/企业价值,现金流,0.04397268415784276,4187,4297
2025-12-12,debtToAssets,资产负债率,质量,0.007286998708243726,4283,4297
2025-12-12,receivablesTurnover,应收账款周转率,质量,-0.020412585713660204,2258,4297
2025-12-12,inventoryTurnover,存货周转率,质量,0.03070152034402646,2257,4297
2025-12-12,logMarketCap,总市值(对数),规模,-0.13826409130211403,4297,4297
2025-12-12,logRevenue,营业收入(对数),规模,-0.007446084890564477,4282,4297
2025-12-12,logAssets,总资产(对数),规模,-0.015556564244681085,4283,4297
2025-12-12,turnover,换手率,换手率,0.10520501334363402,4297,4297
2025-12-12,turnover20,20日平均换手率,换手率,0.1405239636642542,4297,4297
2025-12-12,turnoverStd20,20日换手率标准差,换手率,0.15681717772313233,4297,4297
2025-12-19,roe,ROE,盈利,-0.015972297243573557,4238,4299
2025-12-19,grossMargin,毛利率,盈利,-0.00998115285127812,4239,4299
2025-12-19,ocfToRevenue,经营现金流/营收,现金流,-4.80367947371476e-05,4286,4299
2025-12-19,fcfToEv,自由现金流/企业价值,现金流,-0.07407544384673743,4187,4299
2025-12-19,debtToAssets,资产负债率,质量,-0.014920287516957387,4286,4299
2025-12-19,receivablesTurnover,应收账款周转率,质量,-0.04642385941440991,2257,4299
2025-12-19,inventoryTurnover,存货周转率,质量,0.03883133941337825,2256,4299
2025-12-19,logMarketCap,总市值(对数),规模,0.11720889323018199,4299,4299
2025-12-19,logRevenue,营业收入(对数),规模,0.03310040023049121,4285,4299
2025-12-19,logAssets,总资产(对数),规模,0.04595119058349664,4286,4299
2025-12-19,turnover,换手率,换手率,-0.026439432478126457,4299,4299
2025-12-19,turnover20,20日平均换手率,换手率,-0.06763900313942049,4299,4299
2025-12-19,turnoverStd20,20日换手率标准差,换手率,-0.04337847896661668,4299,4299
2025-12-26,roe,ROE,盈利,0.012380553219907612,4241,4302
2025-12-26,grossMargin,毛利率,盈利,-0.0023823893253499505,4242,4302
2025-12-26,ocfToRevenue,经营现金流/营收,现金流,0.052462593101983444,4289,4302
2025-12-26,fcfToEv,自由现金流/企业价值,现金流,0.003569062398466097,4190,4302
2025-12-26,debtToAssets,资产负债率,质量,0.024083753650457288,4289,4302
2025-12-26,receivablesTurnover,应收账款周转率,质量,-0.0010467009538629771,2259,4302
2025-12-26,inventoryTurnover,存货周转率,质量,-0.017193572667031757,2258,4302
2025-12-26,logMarketCap,总市值(对数),规模,0.10541636920548988,4302,4302
2025-12-26,logRevenue,营业收入(对数),规模,0.06708300089325568,4288,4302
2025-12-26,logAssets,总资产(对数),规模,0.07273104305383701,4289,4302
2025-12-26,turnover,换手率,换手率,0.09238308910013272,4302,4302
2025-12-26,turnover20,20日平均换手率,换手率,0.07180272602796142,4302,4302
2025-12-26,turnoverStd20,20日换手率标准差,换手率,0.08738240770135633,4302,4302
2026-01-06,roe,ROE,盈利,-0.004349920066053875,4247,4308
2026-01-06,grossMargin,毛利率,盈利,0.03634041313053544,4248,4308
2026-01-06,ocfToRevenue,经营现金流/营收,现金流,0.04203305904062402,4295,4308
2026-01-06,fcfToEv,自由现金流/企业价值,现金流,-0.0029321538489463605,4196,4308
2026-01-06,debtToAssets,资产负债率,质量,0.05453421781583365,4295,4308
2026-01-06,receivablesTurnover,应收账款周转率,质量,0.04871496221412858,2260,4308
2026-01-06,inventoryTurnover,存货周转率,质量,-0.07380408974615135,2259,4308
2026-01-06,logMarketCap,总市值(对数),规模,-0.11107728593896289,4308,4308
2026-01-06,logRevenue,营业收入(对数),规模,-0.12604905957481263,4294,4308
2026-01-06,logAssets,总资产(对数),规模,-0.11202773504423578,4295,4308
2026-01-06,turnover,换手率,换手率,0.037611193744363204,4308,4308
2026-01-06,turnover20,20日平均换手率,换手率,-0.013360622181515996,4308,4308
2026-01-06,turnoverStd20,20日换手率标准差,换手率,0.021270801812139334,4308,4308
2026-01-13,roe,ROE,盈利,0.19135832172544578,4240,4300
2026-01-13,grossMargin,毛利率,盈利,0.05010511676426822,4241,4300
2026-01-13,ocfToRevenue,经营现金流/营收,现金流,0.02593222812763659,4288,4300
2026-01-13,fcfToEv,自由现金流/企业价值,现金流,0.08262395097313167,4189,4300
2026-01-13,debtToAssets,资产负债率,质量,0.009657344658038513,4288,4300
2026-01-13,receivablesTurnover,应收账款周转率,质量,-0.0006805275446940217,2256,4300
2026-01-13,inventoryTurnover,存货周转率,质量,0.07583874571621177,2255,4300
2026-01-13,logMarketCap,总市值(对数),规模,-0.08527064725709989,4300,4300
2026-01-13,logRevenue,营业收入(对数),规模,0.041647771331903366,4287,4300
2026-01-13,logAssets,总资产(对数),规模,-0.0008150209492196744,4288,4300
2026-01-13,turnover,换手率,换手率,0.2211198519747887,4300,4300
2026-01-13,turnover20,20日平均换手率,换手率,0.20573593394786954,4300,4300
2026-01-13,turnoverStd20,20日换手率标准差,换手率,0.22264218621309256,4300,4300
2026-01-20,roe,ROE,盈利,0.006157585470910729,4252,4313
2026-01-20,grossMargin,毛利率,盈利,-0.015334598206238288,4253,4313
2026-01-20,ocfToRevenue,经营现金流/营收,现金流,0.043565046094158656,4300,4313
2026-01-20,fcfToEv,自由现金流/企业价值,现金流,0.02301424318887719,4201,4313
2026-01-20,debtToAssets,资产负债率,质量,0.002844330837212327,4300,4313
2026-01-20,receivablesTurnover,应收账款周转率,质量,0.03813177776351606,2261,4313
2026-01-20,inventoryTurnover,存货周转率,质量,0.11861656013513557,2260,4313
2026-01-20,logMarketCap,总市值(对数),规模,-0.08678626005267218,4313,4313
2026-01-20,logRevenue,营业收入(对数),规模,-0.05434888519743949,4299,4313
2026-01-20,logAssets,总资产(对数),规模,-0.05207477662518932,4300,4313
2026-01-20,turnover,换手率,换手率,0.0429107637399561,4313,4313
2026-01-20,turnover20,20日平均换手率,换手率,0.02921935529440906,4313,4313
2026-01-20,turnoverStd20,20日换手率标准差,换手率,0.033737858576082164,4313,4313
2026-01-27,roe,ROE,盈利,0.04700460552139034,4254,4314
2026-01-27,grossMargin,毛利率,盈利,0.0011279017219149518,4255,4314
2026-01-27,ocfToRevenue,经营现金流/营收,现金流,0.02101381263761355,4302,4314
2026-01-27,fcfToEv,自由现金流/企业价值,现金流,0.018310057803747275,4204,4314
2026-01-27,debtToAssets,资产负债率,质量,0.027412940491268196,4302,4314
2026-01-27,receivablesTurnover,应收账款周转率,质量,0.01785336190355874,2264,4314
2026-01-27,inventoryTurnover,存货周转率,质量,-0.06858903228322724,2263,4314
2026-01-27,logMarketCap,总市值(对数),规模,-0.08146638254085893,4314,4314
2026-01-27,logRevenue,营业收入(对数),规模,-0.026801514123592496,4301,4314
2026-01-27,logAssets,总资产(对数),规模,-0.03918011729829916,4302,4314
2026-01-27,turnover,换手率,换手率,0.028801841415602412,4314,4314
2026-01-27,turnover20,20日平均换手率,换手率,0.02721612483035806,4314,4314
2026-01-27,turnoverStd20,20日换手率标准差,换手率,0.027360483516959827,4314,4314
2026-02-03,roe,ROE,盈利,-0.05617458806811712,4254,4313
2026-02-03,grossMargin,毛利率,盈利,-0.05498828854886824,4255,4313
2026-02-03,ocfToRevenue,经营现金流/营收,现金流,-0.006576039107029271,4302,4313
2026-02-03,fcfToEv,自由现金流/企业价值,现金流,0.01986331599918397,4204,4313
2026-02-03,debtToAssets,资产负债率,质量,-0.04853289323191966,4302,4313
2026-02-03,receivablesTurnover,应收账款周转率,质量,0.07140698922727427,2263,4313
2026-02-03,inventoryTurnover,存货周转率,质量,-0.015621334191676932,2262,4313
2026-02-03,logMarketCap,总市值(对数),规模,-0.16321200002720992,4313,4313
2026-02-03,logRevenue,营业收入(对数),规模,-0.05085552809665383,4301,4313
2026-02-03,logAssets,总资产(对数),规模,-0.04474965046247731,4302,4313
2026-02-03,turnover,换手率,换手率,0.09448248633111922,4313,4313
2026-02-03,turnover20,20日平均换手率,换手率,0.13055599553966274,4313,4313
2026-02-03,turnoverStd20,20日换手率标准差,换手率,0.13616058015947152,4313,4313
2026-02-10,roe,ROE,盈利,-0.0018697703138563235,4256,4315
2026-02-10,grossMargin,毛利率,盈利,-0.04525592027950392,4257,4315
2026-02-10,ocfToRevenue,经营现金流/营收,现金流,-0.02035098010121779,4304,4315
2026-02-10,fcfToEv,自由现金流/企业价值,现金流,-0.0023685607052769306,4206,4315
2026-02-10,debtToAssets,资产负债率,质量,-0.03880053563584834,4304,4315
2026-02-10,receivablesTurnover,应收账款周转率,质量,-0.047125846748002305,2262,4315
2026-02-10,inventoryTurnover,存货周转率,质量,0.0981175653446541,2261,4315
2026-02-10,logMarketCap,总市值(对数),规模,-0.014490211840307295,4315,4315
2026-02-10,logRevenue,营业收入(对数),规模,0.0061209775725132665,4303,4315
2026-02-10,logAssets,总资产(对数),规模,0.013212725991966979,4304,4315
2026-02-10,turnover,换手率,换手率,0.0798309300496253,4315,4315
2026-02-10,turnover20,20日平均换手率,换手率,-0.002571834878752504,4315,4315
2026-02-10,turnoverStd20,20日换手率标准差,换手率,0.010508726058188296,4315,4315
2026-02-25,roe,ROE,盈利,-0.0027897225004226284,4253,4312
2026-02-25,grossMargin,毛利率,盈利,-0.01961049984394275,4254,4312
2026-02-25,ocfToRevenue,经营现金流/营收,现金流,-0.06536662898406655,4301,4312
2026-02-25,fcfToEv,自由现金流/企业价值,现金流,0.020579190376024573,4203,4312
2026-02-25,debtToAssets,资产负债率,质量,-0.008059677133330806,4301,4312
2026-02-25,receivablesTurnover,应收账款周转率,质量,-0.06729425840105359,2260,4312
2026-02-25,inventoryTurnover,存货周转率,质量,0.037906523506810647,2259,4312
2026-02-25,logMarketCap,总市值(对数),规模,0.08878106029842305,4312,4312
2026-02-25,logRevenue,营业收入(对数),规模,0.08524091672752601,4300,4312
2026-02-25,logAssets,总资产(对数),规模,0.10195084001935507,4301,4312
2026-02-25,turnover,换手率,换手率,-0.00433946360924606,4312,4312
2026-02-25,turnover20,20日平均换手率,换手率,0.02305459167003274,4312,4312
2026-02-25,turnoverStd20,20日换手率标准差,换手率,0.010590723248872232,4312,4312
2026-03-04,roe,ROE,盈利,0.0023119207074555233,4256,4315
2026-03-04,grossMargin,毛利率,盈利,-0.014796650379874467,4257,4315
2026-03-04,ocfToRevenue,经营现金流/营收,现金流,0.009482495688875272,4304,4315
2026-03-04,fcfToEv,自由现金流/企业价值,现金流,-0.014219296992902218,4206,4315
2026-03-04,debtToAssets,资产负债率,质量,-0.018906094801525115,4304,4315
2026-03-04,receivablesTurnover,应收账款周转率,质量,0.16775148576370325,2262,4315
2026-03-04,inventoryTurnover,存货周转率,质量,-0.0018070826043509658,2261,4315
2026-03-04,logMarketCap,总市值(对数),规模,-0.17873606227085517,4315,4315
2026-03-04,logRevenue,营业收入(对数),规模,-0.08397546006306153,4303,4315
2026-03-04,logAssets,总资产(对数),规模,-0.08525906603049727,4304,4315
2026-03-04,turnover,换手率,换手率,0.10757306988184304,4315,4315
2026-03-04,turnover20,20日平均换手率,换手率,0.06429111335763593,4315,4315
2026-03-04,turnoverStd20,20日换手率标准差,换手率,0.13123954489727704,4315,4315
2026-03-11,roe,ROE,盈利,0.05228510008688457,4263,4322
2026-03-11,grossMargin,毛利率,盈利,0.014208378059074836,4264,4322
2026-03-11,ocfToRevenue,经营现金流/营收,现金流,0.0012471246216242586,4311,4322
2026-03-11,fcfToEv,自由现金流/企业价值,现金流,0.0320939199233009,4213,4322
2026-03-11,debtToAssets,资产负债率,质量,-0.005169769296053623,4311,4322
2026-03-11,receivablesTurnover,应收账款周转率,质量,0.07225551844007089,2265,4322
2026-03-11,inventoryTurnover,存货周转率,质量,-0.06685241784067752,2264,4322
2026-03-11,logMarketCap,总市值(对数),规模,-0.118472005447216,4322,4322
2026-03-11,logRevenue,营业收入(对数),规模,-0.027454624143048494,4310,4322
2026-03-11,logAssets,总资产(对数),规模,-0.041548127383241845,4311,4322
2026-03-11,turnover,换手率,换手率,0.07724743907709619,4322,4322
2026-03-11,turnover20,20日平均换手率,换手率,0.12047822869659912,4322,4322
2026-03-11,turnoverStd20,20日换手率标准差,换手率,0.11361131914987688,4322,4322
2026-03-18,roe,ROE,盈利,-0.005140146097950077,4265,4324
2026-03-18,grossMargin,毛利率,盈利,-0.011617299062624084,4266,4324
2026-03-18,ocfToRevenue,经营现金流/营收,现金流,-0.04417044406849952,4313,4324
2026-03-18,fcfToEv,自由现金流/企业价值,现金流,0.00023642204140284013,4214,4324
2026-03-18,debtToAssets,资产负债率,质量,-0.042102430011795554,4313,4324
2026-03-18,receivablesTurnover,应收账款周转率,质量,-0.008312274437527144,2264,4324
2026-03-18,inventoryTurnover,存货周转率,质量,-0.08729708482877731,2263,4324
2026-03-18,logMarketCap,总市值(对数),规模,0.09369039856124402,4324,4324
2026-03-18,logRevenue,营业收入(对数),规模,0.0806294982837027,4312,4324
2026-03-18,logAssets,总资产(对数),规模,0.08704519450698284,4313,4324
2026-03-18,turnover,换手率,换手率,-0.036353478999414365,4324,4324
2026-03-18,turnover20,20日平均换手率,换手率,0.014548378055679078,4324,4324
2026-03-18,turnoverStd20,20日换手率标准差,换手率,-0.018044185938121887,4324,4324
2026-03-25,roe,ROE,盈利,0.03619736758542027,4266,4324
2026-03-25,grossMargin,毛利率,盈利,0.02067272388447621,4267,4324
2026-03-25,ocfToRevenue,经营现金流/营收,现金流,0.02189719724466389,4314,4324
2026-03-25,fcfToEv,自由现金流/企业价值,现金流,0.020072707055661207,4214,4324
2026-03-25,debtToAssets,资产负债率,质量,0.034048076073406985,4314,4324
2026-03-25,receivablesTurnover,应收账款周转率,质量,0.029263036278659647,2264,4324
2026-03-25,inventoryTurnover,存货周转率,质量,0.11331595705351984,2263,4324
2026-03-25,logMarketCap,总市值(对数),规模,-0.036424079660656014,4324,4324
2026-03-25,logRevenue,营业收入(对数),规模,-0.009584825134693236,4313,4324
2026-03-25,logAssets,总资产(对数),规模,-0.01817655294778921,4314,4324
2026-03-25,turnover,换手率,换手率,0.04402533765254686,4324,4324
2026-03-25,turnover20,20日平均换手率,换手率,0.055167551182449995,4324,4324
2026-03-25,turnoverStd20,20日换手率标准差,换手率,0.06462023755291652,4324,4324
2026-04-01,roe,ROE,盈利,0.06527767544786656,4262,4321
2026-04-01,grossMargin,毛利率,盈利,0.021407156767928818,4263,4321
2026-04-01,ocfToRevenue,经营现金流/营收,现金流,0.061390434736827384,4310,4321
2026-04-01,fcfToEv,自由现金流/企业价值,现金流,0.018473202901110805,4211,4321
2026-04-01,debtToAssets,资产负债率,质量,0.045143654304064536,4310,4321
2026-04-01,receivablesTurnover,应收账款周转率,质量,-0.03706566795228951,2260,4321
2026-04-01,inventoryTurnover,存货周转率,质量,0.08478574997189725,2259,4321
2026-04-01,logMarketCap,总市值(对数),规模,0.12086420764110453,4321,4321
2026-04-01,logRevenue,营业收入(对数),规模,0.04506935502087355,4309,4321
2026-04-01,logAssets,总资产(对数),规模,0.021134974674689253,4310,4321
2026-04-01,turnover,换手率,换手率,-0.020845075864376197,4321,4321
2026-04-01,turnover20,20日平均换手率,换手率,-0.01440795240621711,4321,4321
2026-04-01,turnoverStd20,20日换手率标准差,换手率,-0.007185273987186213,4321,4321
2026-04-09,roe,ROE,盈利,0.039656527759106996,4269,4328
2026-04-09,grossMargin,毛利率,盈利,0.03070858859217206,4270,4328
2026-04-09,ocfToRevenue,经营现金流/营收,现金流,0.05793347751537205,4317,4328
2026-04-09,fcfToEv,自由现金流/企业价值,现金流,-0.0369678119735326,4218,4328
2026-04-09,debtToAssets,资产负债率,质量,0.017077842567872318,4317,4328
2026-04-09,receivablesTurnover,应收账款周转率,质量,0.013239020789014717,2262,4328
2026-04-09,inventoryTurnover,存货周转率,质量,0.020496667507810793,2261,4328
2026-04-09,logMarketCap,总市值(对数),规模,-0.011327438885690471,4328,4328
2026-04-09,logRevenue,营业收入(对数),规模,-0.06268823447834491,4316,4328
2026-04-09,logAssets,总资产(对数),规模,-0.06508617866769188,4317,4328
2026-04-09,turnover,换手率,换手率,-0.010035489080712837,4328,4328
2026-04-09,turnover20,20日平均换手率,换手率,-0.03437317246126821,4328,4328
2026-04-09,turnoverStd20,20日换手率标准差,换手率,-0.008915261111870298,4328,4328
2026-04-16,roe,ROE,盈利,0.016260368196559547,4275,4333
2026-04-16,grossMargin,毛利率,盈利,0.0315617370967413,4276,4333
2026-04-16,ocfToRevenue,经营现金流/营收,现金流,0.023666168989889175,4323,4333
2026-04-16,fcfToEv,自由现金流/企业价值,现金流,-0.0010612589768179807,4224,4333
2026-04-16,debtToAssets,资产负债率,质量,0.01230787400543979,4323,4333
2026-04-16,receivablesTurnover,应收账款周转率,质量,-0.07357564778035415,2263,4333
2026-04-16,inventoryTurnover,存货周转率,质量,-0.0024596264981519424,2262,4333
2026-04-16,logMarketCap,总市值(对数),规模,0.12310487964812097,4333,4333
2026-04-16,logRevenue,营业收入(对数),规模,0.07026524216475567,4322,4333
2026-04-16,logAssets,总资产(对数),规模,0.07276900248960211,4323,4333
2026-04-16,turnover,换手率,换手率,-0.02549868409555733,4333,4333
2026-04-16,turnover20,20日平均换手率,换手率,0.013524446114812535,4333,4333
2026-04-16,turnoverStd20,20日换手率标准差,换手率,-0.01248990228033585,4333,4333
2026-04-23,roe,ROE,盈利,-0.10396104549309779,4273,4332
2026-04-23,grossMargin,毛利率,盈利,-0.040954452909837416,4274,4332
2026-04-23,ocfToRevenue,经营现金流/营收,现金流,-0.01791194285746698,4321,4332
2026-04-23,fcfToEv,自由现金流/企业价值,现金流,-0.030779512740650716,4221,4332
2026-04-23,debtToAssets,资产负债率,质量,-0.024487552806871503,4321,4332
2026-04-23,receivablesTurnover,应收账款周转率,质量,0.02922827853172346,2263,4332
2026-04-23,inventoryTurnover,存货周转率,质量,0.020129415592662306,2262,4332
2026-04-23,logMarketCap,总市值(对数),规模,-0.2009184056332512,4332,4332
2026-04-23,logRevenue,营业收入(对数),规模,-0.1378077202598009,4321,4332
2026-04-23,logAssets,总资产(对数),规模,-0.14244245838321445,4321,4332
2026-04-23,turnover,换手率,换手率,0.04217511561497021,4332,4332
2026-04-23,turnover20,20日平均换手率,换手率,0.010270335913278425,4332,4332
2026-04-23,turnoverStd20,20日换手率标准差,换手率,0.07211706893071144,4332,4332
2026-04-30,roe,ROE,盈利,-0.001799168090573928,4276,4326
2026-04-30,grossMargin,毛利率,盈利,-0.0277345874269264,4277,4326
2026-04-30,ocfToRevenue,经营现金流/营收,现金流,0.05254938082017722,4324,4326
2026-04-30,fcfToEv,自由现金流/企业价值,现金流,0.019896009215678006,4223,4326
2026-04-30,debtToAssets,资产负债率,质量,0.006404300425979381,4324,4326
2026-04-30,receivablesTurnover,应收账款周转率,质量,0.08957041233019285,2263,4326
2026-04-30,inventoryTurnover,存货周转率,质量,-0.05296828838709218,2262,4326
2026-04-30,logMarketCap,总市值(对数),规模,0.05118396717311337,4326,4326
2026-04-30,logRevenue,营业收入(对数),规模,-0.07574248808990856,4324,4326
2026-04-30,logAssets,总资产(对数),规模,-0.06657567065741132,4324,4326
2026-04-30,turnover,换手率,换手率,-0.1087283914505017,4326,4326
2026-04-30,turnover20,20日平均换手率,换手率,-0.1368977287071761,4326,4326
2026-04-30,turnoverStd20,20日换手率标准差,换手率,-0.1402977804754538,4326,4326
2026-05-12,roe,ROE,盈利,0.03780078646538693,4274,4322
2026-05-12,grossMargin,毛利率,盈利,0.012126792622838292,4275,4322
2026-05-12,ocfToRevenue,经营现金流/营收,现金流,0.04658893320473375,4322,4322
2026-05-12,fcfToEv,自由现金流/企业价值,现金流,0.004138895106284549,4220,4322
2026-05-12,debtToAssets,资产负债率,质量,-0.012360449321261522,4322,4322
2026-05-12,receivablesTurnover,应收账款周转率,质量,0.03822637161339731,2263,4322
2026-05-12,inventoryTurnover,存货周转率,质量,-0.0412840120096006,2262,4322
2026-05-12,logMarketCap,总市值(对数),规模,-0.1370940309528695,4322,4322
2026-05-12,logRevenue,营业收入(对数),规模,-0.09707323301774322,4322,4322
2026-05-12,logAssets,总资产(对数),规模,-0.11251836353066898,4322,4322
2026-05-12,turnover,换手率,换手率,0.041221590904321447,4322,4322
2026-05-12,turnover20,20日平均换手率,换手率,0.03817468128554584,4322,4322
2026-05-12,turnoverStd20,20日换手率标准差,换手率,0.03826489919789155,4322,4322
2026-05-19,roe,ROE,盈利,0.007077977175524629,4278,4326
2026-05-19,grossMargin,毛利率,盈利,0.03744569196464923,4279,4326
2026-05-19,ocfToRevenue,经营现金流/营收,现金流,-0.06151393541396051,4326,4326
2026-05-19,fcfToEv,自由现金流/企业价值,现金流,0.011564624871697161,4225,4326
2026-05-19,debtToAssets,资产负债率,质量,0.025015760163392065,4326,4326
2026-05-19,receivablesTurnover,应收账款周转率,质量,-0.10109128494605343,2261,4326
2026-05-19,inventoryTurnover,存货周转率,质量,0.043903668625361186,2260,4326
2026-05-19,logMarketCap,总市值(对数),规模,0.20224941400706034,4326,4326
2026-05-19,logRevenue,营业收入(对数),规模,0.15993205800528398,4326,4326
2026-05-19,logAssets,总资产(对数),规模,0.1737558968423332,4326,4326
2026-05-19,turnover,换手率,换手率,0.040302895337639574,4326,4326
2026-05-19,turnover20,20日平均换手率,换手率,0.08293023432165272,4326,4326
2026-05-19,turnoverStd20,20日换手率标准差,换手率,0.04554984453321654,4326,4326
2026-05-26,roe,ROE,盈利,0.01267523075252223,4283,4331
2026-05-26,grossMargin,毛利率,盈利,-0.012662762767632499,4284,4331
2026-05-26,ocfToRevenue,经营现金流/营收,现金流,-0.03267941778523571,4331,4331
2026-05-26,fcfToEv,自由现金流/企业价值,现金流,-0.019681311214513032,4229,4331
2026-05-26,debtToAssets,资产负债率,质量,-0.0398483823274894,4331,4331
2026-05-26,receivablesTurnover,应收账款周转率,质量,-0.058789949440061176,2265,4331
2026-05-26,inventoryTurnover,存货周转率,质量,-0.03539243741025983,2264,4331
2026-05-26,logMarketCap,总市值(对数),规模,0.020918232298611582,4331,4331
2026-05-26,logRevenue,营业收入(对数),规模,0.14005212566086866,4331,4331
2026-05-26,logAssets,总资产(对数),规模,0.12961098381053007,4331,4331
2026-05-26,turnover,换手率,换手率,0.12829268636051025,4331,4331
2026-05-26,turnover20,20日平均换手率,换手率,0.1206143211989545,4331,4331
2026-05-26,turnoverStd20,20日换手率标准差,换手率,0.1123420155035074,4331,4331
2026-06-02,roe,ROE,盈利,-0.03302511371472424,4279,4328
2026-06-02,grossMargin,毛利率,盈利,0.028195790431300112,4280,4328
2026-06-02,ocfToRevenue,经营现金流/营收,现金流,0.011159066384678399,4327,4328
2026-06-02,fcfToEv,自由现金流/企业价值,现金流,0.000701638842994801,4225,4328
2026-06-02,debtToAssets,资产负债率,质量,0.06315732590960876,4327,4328
2026-06-02,receivablesTurnover,应收账款周转率,质量,0.007883265385884772,2261,4328
2026-06-02,inventoryTurnover,存货周转率,质量,0.014650268104314943,2260,4328
2026-06-02,logMarketCap,总市值(对数),规模,0.02689297684062995,4328,4328
2026-06-02,logRevenue,营业收入(对数),规模,-0.03393552708986288,4327,4328
2026-06-02,logAssets,总资产(对数),规模,-0.018467146939071796,4327,4328
2026-06-02,turnover,换手率,换手率,0.011468946786217278,4328,4328
2026-06-02,turnover20,20日平均换手率,换手率,-0.015436792951133337,4328,4328
2026-06-02,turnoverStd20,20日换手率标准差,换手率,-0.010743354157293663,4328,4328
2026-06-09,roe,ROE,盈利,0.043542256939830944,4285,4334
2026-06-09,grossMargin,毛利率,盈利,0.00013077028171873788,4286,4334
2026-06-09,ocfToRevenue,经营现金流/营收,现金流,0.01759667451292642,4333,4334
2026-06-09,fcfToEv,自由现金流/企业价值,现金流,0.019911461762190764,4231,4334
2026-06-09,debtToAssets,资产负债率,质量,0.008916032210482176,4333,4334
2026-06-09,receivablesTurnover,应收账款周转率,质量,-0.03477410778546973,2263,4334
2026-06-09,inventoryTurnover,存货周转率,质量,0.09636829857910664,2262,4334
2026-06-09,logMarketCap,总市值(对数),规模,0.10747821451175965,4334,4334
2026-06-09,logRevenue,营业收入(对数),规模,0.045740962085990294,4333,4334
2026-06-09,logAssets,总资产(对数),规模,0.039846864565899295,4333,4334
2026-06-09,turnover,换手率,换手率,0.01829077227435086,4334,4334
2026-06-09,turnover20,20日平均换手率,换手率,-0.032681017807959886,4334,4334
2026-06-09,turnoverStd20,20日换手率标准差,换手率,-0.030939095011369974,4334,4334
2026-06-16,roe,ROE,盈利,0.045940225312131384,4283,4332
2026-06-16,grossMargin,毛利率,盈利,0.06833071069969554,4284,4332
2026-06-16,ocfToRevenue,经营现金流/营收,现金流,0.0048076614475347995,4331,4332
2026-06-16,fcfToEv,自由现金流/企业价值,现金流,0.026919342665117075,4229,4332
2026-06-16,debtToAssets,资产负债率,质量,0.053483809415731935,4331,4332
2026-06-16,receivablesTurnover,应收账款周转率,质量,-0.034083362170111035,2264,4332
2026-06-16,inventoryTurnover,存货周转率,质量,0.04080883633230838,2263,4332
2026-06-16,logMarketCap,总市值(对数),规模,0.13367149044094187,4332,4332
2026-06-16,logRevenue,营业收入(对数),规模,0.051358332674941665,4331,4332
2026-06-16,logAssets,总资产(对数),规模,0.044339946312855094,4331,4332
2026-06-16,turnover,换手率,换手率,-0.1143635507166349,4332,4332
2026-06-16,turnover20,20日平均换手率,换手率,-0.12494217239258809,4332,4332
2026-06-16,turnoverStd20,20日换手率标准差,换手率,-0.11491800602508626,4332,4332
2026-06-24,roe,ROE,盈利,-0.016303699556782354,4284,4332
2026-06-24,grossMargin,毛利率,盈利,0.023959874455400296,4285,4332
2026-06-24,ocfToRevenue,经营现金流/营收,现金流,-0.021130948869074115,4332,4332
2026-06-24,fcfToEv,自由现金流/企业价值,现金流,-0.02247603311209618,4229,4332
2026-06-24,debtToAssets,资产负债率,质量,-0.023164977143596218,4332,4332
2026-06-24,receivablesTurnover,应收账款周转率,质量,-0.0030766028426637555,2261,4332
2026-06-24,inventoryTurnover,存货周转率,质量,0.00891796102193844,2260,4332
2026-06-24,logMarketCap,总市值(对数),规模,0.08521390364884811,4332,4332
2026-06-24,logRevenue,营业收入(对数),规模,0.06657315021585204,4332,4332
2026-06-24,logAssets,总资产(对数),规模,0.09242060598934945,4332,4332
2026-06-24,turnover,换手率,换手率,0.005781804311421778,4332,4332
2026-06-24,turnover20,20日平均换手率,换手率,0.010614071144379459,4332,4332
2026-06-24,turnoverStd20,20日换手率标准差,换手率,0.0022928068701825997,4332,4332
2026-07-01,roe,ROE,盈利,0.06581078795554678,4280,4328
2026-07-01,grossMargin,毛利率,盈利,0.0480801642111232,4281,4328
2026-07-01,ocfToRevenue,经营现金流/营收,现金流,-0.022339614948014883,4328,4328
2026-07-01,fcfToEv,自由现金流/企业价值,现金流,-0.029040281204735403,4225,4328
2026-07-01,debtToAssets,资产负债率,质量,0.007691957403388892,4328,4328
2026-07-01,receivablesTurnover,应收账款周转率,质量,-0.010787548356691492,2256,4328
2026-07-01,inventoryTurnover,存货周转率,质量,-0.022931069462541195,2255,4328
2026-07-01,logMarketCap,总市值(对数),规模,-0.04465537650959231,4328,4328
2026-07-01,logRevenue,营业收入(对数),规模,0.14843038729891628,4328,4328
2026-07-01,logAssets,总资产(对数),规模,0.1416070946582413,4328,4328
2026-07-01,turnover,换手率,换手率,0.29801221441821707,4328,4328
2026-07-01,turnover20,20日平均换手率,换手率,0.3154120518846612,4328,4328
2026-07-01,turnoverStd20,20日换手率标准差,换手率,0.28226953695503965,4328,4328
2026-07-08,roe,ROE,盈利,-0.016259670558863733,4282,4330
2026-07-08,grossMargin,毛利率,盈利,-0.005043270496087463,4283,4330
2026-07-08,ocfToRevenue,经营现金流/营收,现金流,-0.025183743183441232,4330,4330
2026-07-08,fcfToEv,自由现金流/企业价值,现金流,-0.025917619546971582,4226,4330
2026-07-08,debtToAssets,资产负债率,质量,-0.005385944144304878,4330,4330
2026-07-08,receivablesTurnover,应收账款周转率,质量,-0.005722752484139405,2257,4330
2026-07-08,inventoryTurnover,存货周转率,质量,-0.048549572749449536,2256,4330
2026-07-08,logMarketCap,总市值(对数),规模,-0.08166870065639545,4330,4330
2026-07-08,logRevenue,营业收入(对数),规模,0.08788593652689287,4330,4330
2026-07-08,logAssets,总资产(对数),规模,0.08925691812560473,4330,4330
2026-07-08,turnover,换手率,换手率,0.19116213768004203,4330,4330
2026-07-08,turnover20,20日平均换手率,换手率,0.2170967999703676,4330,4330
2026-07-08,turnoverStd20,20日换手率标准差,换手率,0.2276801133299285,4330,4330
2026-07-15,roe,ROE,盈利,-0.061476653685918634,4288,4336
2026-07-15,grossMargin,毛利率,盈利,-0.032443846666923654,4289,4336
2026-07-15,ocfToRevenue,经营现金流/营收,现金流,-0.05575120823539298,4336,4336
2026-07-15,fcfToEv,自由现金流/企业价值,现金流,-0.05954638707205666,4232,4336
2026-07-15,debtToAssets,资产负债率,质量,-0.038756108507578754,4336,4336
2026-07-15,receivablesTurnover,应收账款周转率,质量,-0.11025567327579137,2261,4336
2026-07-15,inventoryTurnover,存货周转率,质量,-0.11553355998793059,2260,4336
2026-07-15,logMarketCap,总市值(对数),规模,0.21784454264209172,4336,4336
2026-07-15,logRevenue,营业收入(对数),规模,0.331865207569977,4336,4336
2026-07-15,logAssets,总资产(对数),规模,0.36153538793923484,4336,4336
2026-07-15,turnover,换手率,换手率,0.2962704590644175,4336,4336
2026-07-15,turnover20,20日平均换手率,换手率,0.3578430272185838,4336,4336
2026-07-15,turnoverStd20,20日换手率标准差,换手率,0.2818132136197072,4336,4336
2026-07-22,roe,ROE,盈利,0.01884336371321395,4289,4337
2026-07-22,grossMargin,毛利率,盈利,0.00038685575291625123,4290,4337
2026-07-22,ocfToRevenue,经营现金流/营收,现金流,0.0770542016083497,4337,4337
2026-07-22,fcfToEv,自由现金流/企业价值,现金流,0.0038089618857530417,4233,4337
2026-07-22,debtToAssets,资产负债率,质量,-0.010634600023509175,4337,4337
2026-07-22,receivablesTurnover,应收账款周转率,质量,0.11540319232878832,2260,4337
2026-07-22,inventoryTurnover,存货周转率,质量,0.012516889945065524,2259,4337
2026-07-22,logMarketCap,总市值(对数),规模,-0.40143557946094616,4337,4337
2026-07-22,logRevenue,营业收入(对数),规模,-0.21272506524692544,4337,4337
2026-07-22,logAssets,总资产(对数),规模,-0.21445290294888036,4337,4337
2026-07-22,turnover,换手率,换手率,0.2172310177044746,4337,4337
2026-07-22,turnover20,20日平均换手率,换手率,0.21042507266484725,4337,4337
2026-07-22,turnoverStd20,20日换手率标准差,换手率,0.24032787013542525,4337,4337
