strategy,tradeDate,count,grossReturn,grossTradedNotional,oneWayTurnover,cost,netReturn
13因子-严格完整,2015-01-05,100,-0.011746907719676179,1.0,1.0,0.0015,-0.013246907719676178
13因子-严格完整,2015-01-12,100,-0.023615262011905506,0.22,0.11,0.00033,-0.023945262011905506
13因子-严格完整,2015-01-19,100,0.09026417388197996,0.18,0.09,0.00027,0.08999417388197996
13因子-严格完整,2015-01-26,100,-0.030545653932698865,0.32,0.16,0.00048,-0.031025653932698866
13因子-严格完整,2015-02-02,100,-0.00939034599248244,0.28,0.14,0.00042000000000000007,-0.00981034599248244
13因子-严格完整,2015-02-09,100,0.07532817507285301,0.24,0.12,0.00035999999999999997,0.07496817507285301
13因子-严格完整,2015-02-16,100,0.033716200354581956,0.34,0.17,0.00051,0.03320620035458195
13因子-严格完整,2015-03-02,100,0.001564605631552991,0.14,0.07,0.00021000000000000004,0.001354605631552991
13因子-严格完整,2015-03-09,100,0.05397166234557203,0.24,0.12,0.00035999999999999997,0.053611662345572034
13因子-严格完整,2015-03-16,100,0.06269745195042876,0.26,0.13,0.00039000000000000005,0.06230745195042876
13因子-严格完整,2015-03-23,100,0.038960322019809646,0.32,0.16,0.00048,0.038480322019809644
13因子-严格完整,2015-03-30,100,0.06907237886184726,0.26,0.13,0.00039000000000000005,0.06868237886184726
13因子-严格完整,2015-04-07,100,0.04362124455538666,0.28,0.14,0.00042000000000000007,0.04320124455538666
13因子-严格完整,2015-04-14,100,0.015564192637398793,0.28,0.14,0.00042000000000000007,0.015144192637398792
13因子-严格完整,2015-04-21,100,0.027286205007624922,0.32,0.16,0.00048,0.02680620500762492
13因子-严格完整,2015-04-28,100,-0.03613345033087479,0.72,0.36,0.00108,-0.03721345033087479
13因子-严格完整,2015-05-06,100,0.07991152034871443,0.7000000000000001,0.35000000000000003,0.0010500000000000002,0.07886152034871444
13因子-严格完整,2015-05-13,100,0.03897244734786534,0.3,0.15,0.00045,0.03852244734786534
13因子-严格完整,2015-05-20,100,0.1365677904342234,0.26,0.13,0.00039000000000000005,0.1361777904342234
13因子-严格完整,2015-05-27,100,0.032287574525254346,0.28,0.14,0.00042000000000000007,0.03186757452525435
13因子-严格完整,2015-06-03,100,0.022236313675141686,0.24,0.12,0.00035999999999999997,0.021876313675141687
13因子-严格完整,2015-06-10,100,-0.022116521200116094,0.3,0.15,0.00045,-0.022566521200116093
13因子-严格完整,2015-06-17,100,-0.09399768124953872,0.24,0.12,0.00035999999999999997,-0.09435768124953872
13因子-严格完整,2015-06-25,100,-0.1615251721131595,0.2,0.1,0.00030000000000000003,-0.1618251721131595
13因子-严格完整,2015-07-02,100,-0.08347245432553856,0.2,0.1,0.00030000000000000003,-0.08377245432553855
13因子-严格完整,2015-07-09,100,0.08464280335293121,0.62,0.31,0.00093,0.08371280335293121
13因子-严格完整,2015-07-16,100,0.12623208636121308,0.54,0.27,0.0008100000000000001,0.12542208636121308
13因子-严格完整,2015-07-23,100,-0.11400199103705164,0.22,0.11,0.00033,-0.11433199103705163
13因子-严格完整,2015-07-30,100,0.010049543980834286,0.2,0.1,0.00030000000000000003,0.009749543980834286
13因子-严格完整,2015-08-06,100,0.09578537301687842,0.28,0.14,0.00042000000000000007,0.09536537301687842
13因子-严格完整,2015-08-13,100,-0.06305475426375881,0.26,0.13,0.00039000000000000005,-0.06344475426375881
13因子-严格完整,2015-08-20,100,-0.18945069857279304,0.34,0.17,0.00051,-0.18996069857279305
13因子-严格完整,2015-08-27,100,-0.012955849968393105,0.52,0.26,0.0007800000000000001,-0.013735849968393105
13因子-严格完整,2015-09-07,100,-0.009682372213672873,0.48,0.24,0.0007199999999999999,-0.010402372213672873
13因子-严格完整,2015-09-14,100,0.05369572132882479,0.2,0.1,0.00030000000000000003,0.05339572132882479
13因子-严格完整,2015-09-21,100,-0.015256485129165713,0.18,0.09,0.00027,-0.015526485129165712
13因子-严格完整,2015-09-28,100,0.09455956447988285,0.12,0.06,0.00017999999999999998,0.09437956447988285
13因子-严格完整,2015-10-12,100,0.03575879669297757,0.2,0.1,0.00030000000000000003,0.035458796692977565
13因子-严格完整,2015-10-19,100,0.03146402426192397,0.28,0.14,0.00042000000000000007,0.03104402426192397
13因子-严格完整,2015-10-26,100,-0.023970093824153813,0.38,0.19,0.00057,-0.024540093824153814
13因子-严格完整,2015-11-02,100,0.08310494189409624,0.44,0.22,0.00066,0.08244494189409625
13因子-严格完整,2015-11-09,100,-0.0019098987124870049,0.28,0.14,0.00042000000000000007,-0.002329898712487005
13因子-严格完整,2015-11-16,100,0.0016769245508242736,0.18,0.09,0.00027,0.0014069245508242735
13因子-严格完整,2015-11-23,100,-0.037828586709732284,0.18,0.09,0.00027,-0.038098586709732284
13因子-严格完整,2015-11-30,100,0.04470471756889105,0.16,0.08,0.00024,0.04446471756889105
13因子-严格完整,2015-12-07,100,-0.002231725732366986,0.16,0.08,0.00024,-0.002471725732366986
13因子-严格完整,2015-12-14,100,0.05565346791056656,0.2,0.1,0.00030000000000000003,0.055353467910566556
13因子-严格完整,2015-12-21,100,-0.027549437248806576,0.22,0.11,0.00033,-0.027879437248806576
13因子-严格完整,2015-12-28,100,-0.08166652791117031,0.24,0.12,0.00035999999999999997,-0.08202652791117031
13因子-严格完整,2016-01-05,100,-0.09375474621694452,0.16,0.08,0.00024,-0.09399474621694452
13因子-严格完整,2016-01-12,100,0.008882399316430839,0.14,0.07,0.00021000000000000004,0.008672399316430839
13因子-严格完整,2016-01-19,100,-0.09976979173439846,0.16,0.08,0.00024,-0.10000979173439846
13因子-严格完整,2016-01-26,100,0.01713004361461867,0.18,0.09,0.00027,0.01686004361461867
13因子-严格完整,2016-02-02,100,0.037675270046393185,0.14,0.07,0.00021000000000000004,0.03746527004639318
13因子-严格完整,2016-02-16,100,0.030046348705244884,0.12,0.06,0.00017999999999999998,0.029866348705244884
13因子-严格完整,2016-02-23,100,-0.0649805221750076,0.1,0.05,0.00015000000000000001,-0.0651305221750076
13因子-严格完整,2016-03-01,100,0.06749525467649957,0.2,0.1,0.00030000000000000003,0.06719525467649957
13因子-严格完整,2016-03-08,100,-0.012356017976526093,0.22,0.11,0.00033,-0.012686017976526093
13因子-严格完整,2016-03-15,100,0.06525912409546841,0.16,0.08,0.00024,0.06501912409546841
13因子-严格完整,2016-03-22,100,-0.022669843270374433,0.24,0.12,0.00035999999999999997,-0.023029843270374432
13因子-严格完整,2016-03-29,100,0.058552978294898576,0.28,0.14,0.00042000000000000007,0.05813297829489858
13因子-严格完整,2016-04-06,100,0.0014406761927292988,0.32,0.16,0.00048,0.0009606761927292988
13因子-严格完整,2016-04-13,100,-0.04735529209876616,0.28,0.14,0.00042000000000000007,-0.04777529209876616
13因子-严格完整,2016-04-20,100,0.001703091069192275,0.3,0.15,0.00045,0.0012530910691922752
13因子-严格完整,2016-04-27,100,0.02514752761678184,0.7000000000000001,0.35000000000000003,0.0010500000000000002,0.02409752761678184
13因子-严格完整,2016-05-05,100,-0.05327488647264266,0.92,0.46,0.0013800000000000002,-0.05465488647264266
13因子-严格完整,2016-05-12,100,-0.017473996879648325,0.14,0.07,0.00021000000000000004,-0.017683996879648323
13因子-严格完整,2016-05-19,100,0.007626642454926477,0.2,0.1,0.00030000000000000003,0.007326642454926477
13因子-严格完整,2016-05-26,100,0.04868983954056644,0.2,0.1,0.00030000000000000003,0.048389839540566436
13因子-严格完整,2016-06-02,100,-0.023625078838523668,0.2,0.1,0.00030000000000000003,-0.02392507883852367
13因子-严格完整,2016-06-13,100,0.03198415256654465,0.2,0.1,0.00030000000000000003,0.03168415256654465
13因子-严格完整,2016-06-20,100,0.009710339239195221,0.14,0.07,0.00021000000000000004,0.009500339239195221
13因子-严格完整,2016-06-27,100,0.036180787110684544,0.14,0.07,0.00021000000000000004,0.03597078711068454
13因子-严格完整,2016-07-04,100,0.011111473317563679,0.18,0.09,0.00027,0.01084147331756368
13因子-严格完整,2016-07-11,100,0.0267183329439293,0.14,0.07,0.00021000000000000004,0.026508332943929302
13因子-严格完整,2016-07-18,100,-0.007546083499530411,0.14,0.07,0.00021000000000000004,-0.007756083499530411
13因子-严格完整,2016-07-25,100,-0.016867175421516774,0.2,0.1,0.00030000000000000003,-0.017167175421516776
13因子-严格完整,2016-08-01,100,0.019898956207119893,0.22,0.11,0.00033,0.019568956207119893
13因子-严格完整,2016-08-08,100,0.029682437839894354,0.24,0.12,0.00035999999999999997,0.029322437839894355
13因子-严格完整,2016-08-15,100,-0.004166036273292179,0.22,0.11,0.00033,-0.004496036273292179
13因子-严格完整,2016-08-22,100,-0.009948714296110049,0.32,0.16,0.00048,-0.010428714296110048
13因子-严格完整,2016-08-29,100,-0.006812903354144591,0.4,0.2,0.0006000000000000001,-0.007412903354144591
13因子-严格完整,2016-09-05,100,-0.01700416215620717,0.4,0.2,0.0006000000000000001,-0.01760416215620717
13因子-严格完整,2016-09-12,100,0.008579004576372699,0.28,0.14,0.00042000000000000007,0.008159004576372699
13因子-严格完整,2016-09-21,100,-0.012049733192446342,0.26,0.13,0.00039000000000000005,-0.012439733192446342
13因子-严格完整,2016-09-28,100,0.03598843103744178,0.14,0.07,0.00021000000000000004,0.03577843103744178
13因子-严格完整,2016-10-12,100,0.008725943853045525,0.16,0.08,0.00024,0.008485943853045524
13因子-严格完整,2016-10-19,100,0.009708523142203569,0.12,0.06,0.00017999999999999998,0.009528523142203569
13因子-严格完整,2016-10-26,100,-0.01031785917120779,0.32,0.16,0.00048,-0.01079785917120779
13因子-严格完整,2016-11-02,100,0.0008336437481498049,0.42,0.21,0.00063,0.0002036437481498049
13因子-严格完整,2016-11-09,100,0.024966082346259747,0.18,0.09,0.00027,0.024696082346259748
13因子-严格完整,2016-11-16,100,0.007556771427457731,0.24,0.12,0.00035999999999999997,0.007196771427457731
13因子-严格完整,2016-11-23,100,0.01717623545104823,0.24,0.12,0.00035999999999999997,0.016816235451048232
13因子-严格完整,2016-11-30,100,-0.0059335514567335455,0.26,0.13,0.00039000000000000005,-0.006323551456733545
13因子-严格完整,2016-12-07,100,-0.0362950792784809,0.18,0.09,0.00027,-0.0365650792784809
13因子-严格完整,2016-12-14,100,0.009922542119856763,0.2,0.1,0.00030000000000000003,0.009622542119856763
13因子-严格完整,2016-12-21,100,-0.013493444078204657,0.16,0.08,0.00024,-0.013733444078204657
13因子-严格完整,2016-12-28,100,0.02564566411026812,0.14,0.07,0.00021000000000000004,0.02543566411026812
13因子-严格完整,2017-01-05,100,-0.020507160500602035,0.18,0.09,0.00027,-0.020777160500602035
13因子-严格完整,2017-01-12,100,-0.010639264325443532,0.1,0.05,0.00015000000000000001,-0.010789264325443533
13因子-严格完整,2017-01-19,100,0.023289833446941424,0.12,0.06,0.00017999999999999998,0.023109833446941425
13因子-严格完整,2017-01-26,100,0.012397044709526087,0.2,0.1,0.00030000000000000003,0.012097044709526087
13因子-严格完整,2017-02-09,100,0.007356528910802008,0.14,0.07,0.00021000000000000004,0.007146528910802008
13因子-严格完整,2017-02-16,100,0.018497726806830053,0.18,0.09,0.00027,0.018227726806830054
13因子-严格完整,2017-02-23,100,-0.00607255047809782,0.16,0.08,0.00024,-0.00631255047809782
13因子-严格完整,2017-03-02,100,0.00031797402473941137,0.16,0.08,0.00024,7.797402473941136e-05
13因子-严格完整,2017-03-09,100,0.013287004335075037,0.14,0.07,0.00021000000000000004,0.013077004335075037
13因子-严格完整,2017-03-16,100,-0.001063457632912974,0.18,0.09,0.00027,-0.0013334576329129741
13因子-严格完整,2017-03-23,100,-0.012887737647655073,0.2,0.1,0.00030000000000000003,-0.013187737647655073
13因子-严格完整,2017-03-30,100,0.03055553700185797,0.36,0.18,0.00054,0.03001553700185797
13因子-严格完整,2017-04-10,100,-0.003481982810766686,0.36,0.18,0.00054,-0.004021982810766686
13因子-严格完整,2017-04-17,100,-0.022220919108437594,0.3,0.15,0.00045,-0.022670919108437593
13因子-严格完整,2017-04-24,100,-0.004532701175872914,0.36,0.18,0.00054,-0.005072701175872914
13因子-严格完整,2017-05-02,100,-0.027489556482070788,0.9400000000000001,0.47000000000000003,0.00141,-0.02889955648207079
13因子-严格完整,2017-05-09,100,0.009447034627767126,0.12,0.06,0.00017999999999999998,0.009267034627767127
13因子-严格完整,2017-05-16,100,-0.013080620505529267,0.12,0.06,0.00017999999999999998,-0.013260620505529267
13因子-严格完整,2017-05-23,100,0.004451687032177295,0.12,0.06,0.00017999999999999998,0.004271687032177295
13因子-严格完整,2017-06-01,100,0.0425722504678716,0.12,0.06,0.00017999999999999998,0.0423922504678716
13因子-严格完整,2017-06-08,100,0.004641492352826333,0.22,0.11,0.00033,0.0043114923528263325
13因子-严格完整,2017-06-15,100,0.002134457874794965,0.18,0.09,0.00027,0.001864457874794965
13因子-严格完整,2017-06-22,100,0.021824015644447293,0.14,0.07,0.00021000000000000004,0.021614015644447294
13因子-严格完整,2017-06-29,100,0.00654543972018259,0.1,0.05,0.00015000000000000001,0.00639543972018259
13因子-严格完整,2017-07-06,100,-0.0018635032261300932,0.18,0.09,0.00027,-0.002133503226130093
13因子-严格完整,2017-07-13,100,0.008511843691379911,0.14,0.07,0.00021000000000000004,0.008301843691379911
13因子-严格完整,2017-07-20,100,0.004683395537931016,0.12,0.06,0.00017999999999999998,0.004503395537931016
13因子-严格完整,2017-07-27,100,0.0011987561032278382,0.16,0.08,0.00024,0.0009587561032278382
13因子-严格完整,2017-08-03,100,0.008274015438267317,0.22,0.11,0.00033,0.007944015438267317
13因子-严格完整,2017-08-10,100,0.007608178956397275,0.2,0.1,0.00030000000000000003,0.007308178956397275
13因子-严格完整,2017-08-17,100,-0.007232161591213339,0.28,0.14,0.00042000000000000007,-0.007652161591213339
13因子-严格完整,2017-08-24,100,0.023274746244927886,0.38,0.19,0.00057,0.022704746244927885
13因子-严格完整,2017-08-31,100,0.011470422832648996,0.42,0.21,0.00063,0.010840422832648995
13因子-严格完整,2017-09-07,100,0.006209380608009684,0.14,0.07,0.00021000000000000004,0.005999380608009684
13因子-严格完整,2017-09-14,100,0.0020157158507012394,0.16,0.08,0.00024,0.0017757158507012395
13因子-严格完整,2017-09-21,100,-0.002949004548698879,0.14,0.07,0.00021000000000000004,-0.0031590045486988793
13因子-严格完整,2017-09-28,100,0.02676710930798098,0.24,0.12,0.00035999999999999997,0.026407109307980983
13因子-严格完整,2017-10-12,100,-0.005834472166070977,0.18,0.09,0.00027,-0.006104472166070977
13因子-严格完整,2017-10-19,100,0.022900757305120988,0.22,0.11,0.00033,0.022570757305120988
13因子-严格完整,2017-10-26,100,-0.015436980517990567,0.28,0.14,0.00042000000000000007,-0.015856980517990567
13因子-严格完整,2017-11-02,100,0.02207535196375278,0.38,0.19,0.00057,0.021505351963752778
13因子-严格完整,2017-11-09,100,0.0004066603792155499,0.16,0.08,0.00024,0.0001666603792155499
13因子-严格完整,2017-11-16,100,-0.023892918430815167,0.14,0.07,0.00021000000000000004,-0.024102918430815166
13因子-严格完整,2017-11-23,100,-0.010783064299526286,0.1,0.05,0.00015000000000000001,-0.010933064299526287
13因子-严格完整,2017-11-30,100,-0.01024843291531946,0.18,0.09,0.00027,-0.010518432915319459
13因子-严格完整,2017-12-07,100,0.027183467652302326,0.16,0.08,0.00024,0.026943467652302325
13因子-严格完整,2017-12-14,100,0.002269384581429447,0.2,0.1,0.00030000000000000003,0.001969384581429447
13因子-严格完整,2017-12-21,100,-0.0037758120968234077,0.18,0.09,0.00027,-0.004045812096823408
13因子-严格完整,2017-12-28,100,0.04581317772829882,0.14,0.07,0.00021000000000000004,0.04560317772829882
13因子-严格完整,2018-01-05,100,0.009525364157581937,0.18,0.09,0.00027,0.009255364157581937
13因子-严格完整,2018-01-12,100,-0.010390646471598207,0.3,0.15,0.00045,-0.010840646471598207
13因子-严格完整,2018-01-19,100,0.031071501298025446,0.26,0.13,0.00039000000000000005,0.030681501298025445
13因子-严格完整,2018-01-26,100,-0.04341672654128662,0.12,0.06,0.00017999999999999998,-0.04359672654128662
13因子-严格完整,2018-02-02,100,-0.09092964948603381,0.16,0.08,0.00024,-0.09116964948603382
13因子-严格完整,2018-02-09,100,0.05605119404573858,0.12,0.06,0.00017999999999999998,0.05587119404573858
13因子-严格完整,2018-02-23,100,0.014873416666894967,0.14,0.07,0.00021000000000000004,0.014663416666894967
13因子-严格完整,2018-03-02,100,0.02489682201844605,0.1,0.05,0.00015000000000000001,0.02474682201844605
13因子-严格完整,2018-03-09,100,-0.012093895851271557,0.16,0.08,0.00024,-0.012333895851271558
13因子-严格完整,2018-03-16,100,-0.039252290138989156,0.12,0.06,0.00017999999999999998,-0.039432290138989155
13因子-严格完整,2018-03-23,100,0.0223945335968822,0.22,0.11,0.00033,0.0220645335968822
13因子-严格完整,2018-03-30,100,-0.0023633483290767575,0.3,0.15,0.00045,-0.0028133483290767574
13因子-严格完整,2018-04-10,100,-0.029969444306166205,0.22,0.11,0.00033,-0.030299444306166205
13因子-严格完整,2018-04-17,100,0.017214272405306544,0.24,0.12,0.00035999999999999997,0.016854272405306545
13因子-严格完整,2018-04-24,100,-0.006867359770022723,0.38,0.19,0.00057,-0.007437359770022723
13因子-严格完整,2018-05-03,100,0.030804625868436745,0.8200000000000001,0.41000000000000003,0.0012300000000000002,0.029574625868436746
13因子-严格完整,2018-05-10,100,-0.004640012527195945,0.2,0.1,0.00030000000000000003,-0.004940012527195945
13因子-严格完整,2018-05-17,100,-0.002848331347575277,0.2,0.1,0.00030000000000000003,-0.003148331347575277
13因子-严格完整,2018-05-24,100,-0.00893900810056261,0.14,0.07,0.00021000000000000004,-0.00914900810056261
13因子-严格完整,2018-05-31,100,0.006686112947139935,0.22,0.11,0.00033,0.006356112947139935
13因子-严格完整,2018-06-07,100,-0.021435954278087664,0.18,0.09,0.00027,-0.021705954278087664
13因子-严格完整,2018-06-14,100,-0.06857090397231087,0.14,0.07,0.00021000000000000004,-0.06878090397231088
13因子-严格完整,2018-06-22,100,-0.0042029671440866135,0.18,0.09,0.00027,-0.004472967144086614
13因子-严格完整,2018-06-29,100,-0.04096427746975818,0.06,0.03,8.999999999999999e-05,-0.04105427746975818
13因子-严格完整,2018-07-06,100,0.047625063848437524,0.12,0.06,0.00017999999999999998,0.047445063848437524
13因子-严格完整,2018-07-13,100,-0.006882379731412218,0.06,0.03,8.999999999999999e-05,-0.006972379731412218
13因子-严格完整,2018-07-20,100,0.01761091480188409,0.1,0.05,0.00015000000000000001,0.017460914801884088
13因子-严格完整,2018-07-27,100,-0.062048501387251064,0.08,0.04,0.00012,-0.062168501387251066
13因子-严格完整,2018-08-03,100,0.026223729685716724,0.16,0.08,0.00024,0.025983729685716724
13因子-严格完整,2018-08-10,100,-0.055890268381812304,0.18,0.09,0.00027,-0.0561602683818123
13因子-严格完整,2018-08-17,100,0.010872758103862432,0.24,0.12,0.00035999999999999997,0.010512758103862433
13因子-严格完整,2018-08-24,100,-0.006490934648496954,0.38,0.19,0.00057,-0.0070609346484969545
13因子-严格完整,2018-08-31,100,-0.012786733247229197,0.38,0.19,0.00057,-0.013356733247229196
13因子-严格完整,2018-09-07,100,-0.016151734992087306,0.14,0.07,0.00021000000000000004,-0.016361734992087304
13因子-严格完整,2018-09-14,100,0.04828545456078099,0.18,0.09,0.00027,0.04801545456078099
13因子-严格完整,2018-09-21,100,-0.027904048447340703,0.14,0.07,0.00021000000000000004,-0.028114048447340702
13因子-严格完整,2018-10-08,100,-0.06334524044723257,0.14,0.07,0.00021000000000000004,-0.06355524044723257
13因子-严格完整,2018-10-15,100,0.028101103294518568,0.16,0.08,0.00024,0.027861103294518567
13因子-严格完整,2018-10-22,100,-0.05706968223303013,0.22,0.11,0.00033,-0.05739968223303013
13因子-严格完整,2018-10-29,100,0.06513053185193957,0.4,0.2,0.0006000000000000001,0.06453053185193956
13因子-严格完整,2018-11-05,100,0.0003357114376046477,0.26,0.13,0.00039000000000000005,-5.428856239535234e-05
13因子-严格完整,2018-11-12,100,0.029222836702309022,0.14,0.07,0.00021000000000000004,0.029012836702309024
13因子-严格完整,2018-11-19,100,-0.05641987538430215,0.12,0.06,0.00017999999999999998,-0.05659987538430215
13因子-严格完整,2018-11-26,100,0.04071719049443672,0.16,0.08,0.00024,0.040477190494436724
13因子-严格完整,2018-12-03,100,-0.029339855077144584,0.16,0.08,0.00024,-0.029579855077144585
13因子-严格完整,2018-12-10,100,0.0072432777635794065,0.1,0.05,0.00015000000000000001,0.0070932777635794066
13因子-严格完整,2018-12-17,100,-0.022512466518556186,0.18,0.09,0.00027,-0.022782466518556185
13因子-严格完整,2018-12-24,100,-0.027930283309813526,0.18,0.09,0.00027,-0.028200283309813525
13因子-严格完整,2019-01-02,100,0.04040153643155884,0.12,0.06,0.00017999999999999998,0.04022153643155884
13因子-严格完整,2019-01-09,100,0.01672183789806901,0.14,0.07,0.00021000000000000004,0.016511837898069013
13因子-严格完整,2019-01-16,100,0.007332081533833859,0.08,0.04,0.00012,0.007212081533833859
13因子-严格完整,2019-01-23,100,-0.009922526498569227,0.1,0.05,0.00015000000000000001,-0.010072526498569228
13因子-严格完整,2019-01-30,100,0.072420088482551,0.12,0.06,0.00017999999999999998,0.07224008848255101
13因子-严格完整,2019-02-13,100,0.022316708463036204,0.14,0.07,0.00021000000000000004,0.022106708463036206
13因子-严格完整,2019-02-20,100,0.051822813490406267,0.16,0.08,0.00024,0.05158281349040627
13因子-严格完整,2019-02-27,100,0.07049849738399154,0.16,0.08,0.00024,0.07025849738399154
13因子-严格完整,2019-03-06,100,-0.01164399228883131,0.16,0.08,0.00024,-0.01188399228883131
13因子-严格完整,2019-03-13,100,0.03117669611111638,0.14,0.07,0.00021000000000000004,0.030966696111116382
13因子-严格完整,2019-03-20,100,-0.012580336570222188,0.26,0.13,0.00039000000000000005,-0.012970336570222188
13因子-严格完整,2019-03-27,100,0.07591794087017459,0.24,0.12,0.00035999999999999997,0.07555794087017459
13因子-严格完整,2019-04-03,100,-0.013368551300248513,0.24,0.12,0.00035999999999999997,-0.013728551300248512
13因子-严格完整,2019-04-11,100,0.0029502493949497264,0.24,0.12,0.00035999999999999997,0.0025902493949497263
13因子-严格完整,2019-04-18,100,-0.037765276094873394,0.3,0.15,0.00045,-0.03821527609487339
13因子-严格完整,2019-04-25,100,-0.05704243896390551,0.38,0.19,0.00057,-0.05761243896390551
13因子-严格完整,2019-05-07,100,0.00367739956152606,0.84,0.42,0.00126,0.00241739956152606
13因子-严格完整,2019-05-14,100,0.007844252004300094,0.2,0.1,0.00030000000000000003,0.0075442520043000946
13因子-严格完整,2019-05-21,100,-0.0025384526745053093,0.1,0.05,0.00015000000000000001,-0.0026884526745053093
13因子-严格完整,2019-05-28,100,-0.02084510984982927,0.16,0.08,0.00024,-0.02108510984982927
13因子-严格完整,2019-06-04,100,0.02694741203390901,0.14,0.07,0.00021000000000000004,0.026737412033909013
13因子-严格完整,2019-06-12,100,-0.00015962829226950803,0.14,0.07,0.00021000000000000004,-0.00036962829226950807
13因子-严格完整,2019-06-19,100,0.025852300062792075,0.12,0.06,0.00017999999999999998,0.025672300062792076
13因子-严格完整,2019-06-26,100,0.025497321823915894,0.18,0.09,0.00027,0.025227321823915894
13因子-严格完整,2019-07-03,100,-0.03141925133270137,0.18,0.09,0.00027,-0.03168925133270137
13因子-严格完整,2019-07-10,100,0.019165860375683578,0.12,0.06,0.00017999999999999998,0.018985860375683578
13因子-严格完整,2019-07-17,100,0.004165563535759403,0.1,0.05,0.00015000000000000001,0.004015563535759403
13因子-严格完整,2019-07-24,100,0.005494967660138466,0.22,0.11,0.00033,0.005164967660138466
13因子-严格完整,2019-07-31,100,-0.05848386106001418,0.14,0.07,0.00021000000000000004,-0.05869386106001418
13因子-严格完整,2019-08-07,100,0.013716649176912777,0.18,0.09,0.00027,0.013446649176912778
13因子-严格完整,2019-08-14,100,0.03812436661283017,0.22,0.11,0.00033,0.03779436661283017
13因子-严格完整,2019-08-21,100,0.00898378828874057,0.32,0.16,0.00048,0.00850378828874057
13因子-严格完整,2019-08-28,100,0.027969825160839453,0.52,0.26,0.0007800000000000001,0.027189825160839454
13因子-严格完整,2019-09-04,100,0.02030960606852774,0.32,0.16,0.00048,0.01982960606852774
13因子-严格完整,2019-09-11,100,0.002719824529182782,0.14,0.07,0.00021000000000000004,0.0025098245291827817
13因子-严格完整,2019-09-19,100,-0.02934430769044678,0.18,0.09,0.00027,-0.02961430769044678
13因子-严格完整,2019-09-26,100,0.012739613525012761,0.12,0.06,0.00017999999999999998,0.012559613525012761
13因子-严格完整,2019-10-10,100,0.005770929271982107,0.12,0.06,0.00017999999999999998,0.0055909292719821075
13因子-严格完整,2019-10-17,100,-0.013575934199874493,0.16,0.08,0.00024,-0.013815934199874494
13因子-严格完整,2019-10-24,100,0.006858534286691328,0.26,0.13,0.00039000000000000005,0.006468534286691328
13因子-严格完整,2019-10-31,100,0.014173424725174228,0.36,0.18,0.00054,0.013633424725174228
13因子-严格完整,2019-11-07,100,-0.022608684610116427,0.22,0.11,0.00033,-0.022938684610116427
13因子-严格完整,2019-11-14,100,0.0058786662809910606,0.08,0.04,0.00012,0.00575866628099106
13因子-严格完整,2019-11-21,100,-0.011933603403732982,0.16,0.08,0.00024,-0.012173603403732983
13因子-严格完整,2019-11-28,100,0.011303073594870743,0.18,0.09,0.00027,0.011033073594870744
13因子-严格完整,2019-12-05,100,0.0038168491735981803,0.18,0.09,0.00027,0.0035468491735981805
13因子-严格完整,2019-12-12,100,0.0393540949263536,0.14,0.07,0.00021000000000000004,0.039144094926353595
13因子-严格完整,2019-12-19,100,0.0014504433971050635,0.1,0.05,0.00015000000000000001,0.0013004433971050635
13因子-严格完整,2019-12-26,100,0.03761702313460674,0.22,0.11,0.00033,0.037287023134606745
13因子-严格完整,2020-01-03,100,0.009099236461559157,0.22,0.11,0.00033,0.008769236461559157
13因子-严格完整,2020-01-10,100,-0.0021477246571797713,0.1,0.05,0.00015000000000000001,-0.0022977246571797712
13因子-严格完整,2020-01-17,100,-0.1261712868665495,0.12,0.06,0.00017999999999999998,-0.1263512868665495
13因子-严格完整,2020-02-03,100,0.07816994844953862,0.24,0.12,0.00035999999999999997,0.07780994844953862
13因子-严格完整,2020-02-10,100,0.04482128693101548,0.18,0.09,0.00027,0.04455128693101548
13因子-严格完整,2020-02-17,100,0.03627535840239782,0.1,0.05,0.00015000000000000001,0.03612535840239782
13因子-严格完整,2020-02-24,100,-0.015640014600492556,0.12,0.06,0.00017999999999999998,-0.015820014600492555
13因子-严格完整,2020-03-02,100,-0.012796990216470192,0.16,0.08,0.00024,-0.013036990216470193
13因子-严格完整,2020-03-09,100,-0.0582418479791852,0.2,0.1,0.00030000000000000003,-0.0585418479791852
13因子-严格完整,2020-03-16,100,-0.04244328008392394,0.12,0.06,0.00017999999999999998,-0.04262328008392394
13因子-严格完整,2020-03-23,100,0.0272383082005088,0.28,0.14,0.00042000000000000007,0.0268183082005088
13因子-严格完整,2020-03-30,100,0.04182091269533025,0.2,0.1,0.00030000000000000003,0.04152091269533025
13因子-严格完整,2020-04-07,100,0.00817683596112723,0.24,0.12,0.00035999999999999997,0.007816835961127231
13因子-严格完整,2020-04-14,100,-0.00678483468080795,0.2,0.1,0.00030000000000000003,-0.00708483468080795
13因子-严格完整,2020-04-21,100,-0.0002702335169735548,0.26,0.13,0.00039000000000000005,-0.0006602335169735549
13因子-严格完整,2020-04-28,100,0.03465652297510532,0.76,0.38,0.00114,0.033516522975105316
13因子-严格完整,2020-05-08,100,-0.006478812755148543,0.88,0.44,0.00132,-0.007798812755148543
13因子-严格完整,2020-05-15,100,-0.018959370193679423,0.18,0.09,0.00027,-0.019229370193679422
13因子-严格完整,2020-05-22,100,0.019728176634656647,0.24,0.12,0.00035999999999999997,0.019368176634656648
13因子-严格完整,2020-05-29,100,0.030317781270971848,0.12,0.06,0.00017999999999999998,0.030137781270971848
13因子-严格完整,2020-06-05,100,0.006096214077557164,0.14,0.07,0.00021000000000000004,0.005886214077557164
13因子-严格完整,2020-06-12,100,0.027591969335980862,0.12,0.06,0.00017999999999999998,0.027411969335980862
13因子-严格完整,2020-06-19,100,0.013950555849867268,0.2,0.1,0.00030000000000000003,0.013650555849867269
13因子-严格完整,2020-06-30,100,0.10105534602346637,0.16,0.08,0.00024,0.10081534602346637
13因子-严格完整,2020-07-07,100,0.04431667536970679,0.2,0.1,0.00030000000000000003,0.04401667536970679
13因子-严格完整,2020-07-14,100,-0.013883019788320043,0.16,0.08,0.00024,-0.014123019788320043
13因子-严格完整,2020-07-21,100,-0.02239665723354134,0.2,0.1,0.00030000000000000003,-0.02269665723354134
13因子-严格完整,2020-07-28,100,0.03245746723930201,0.14,0.07,0.00021000000000000004,0.03224746723930201
13因子-严格完整,2020-08-04,100,-0.0180061698207127,0.18,0.09,0.00027,-0.0182761698207127
13因子-严格完整,2020-08-11,100,0.029305265296866927,0.18,0.09,0.00027,0.029035265296866928
13因子-严格完整,2020-08-18,100,0.0006494370638189162,0.24,0.12,0.00035999999999999997,0.0002894370638189162
13因子-严格完整,2020-08-25,100,0.008294207697850366,0.38,0.19,0.00057,0.0077242076978503655
13因子-严格完整,2020-09-01,100,-0.02362488902565942,0.52,0.26,0.0007800000000000001,-0.024404889025659418
13因子-严格完整,2020-09-08,100,-0.016366305185319962,0.18,0.09,0.00027,-0.01663630518531996
13因子-严格完整,2020-09-15,100,-0.015246269736517876,0.16,0.08,0.00024,-0.015486269736517877
13因子-严格完整,2020-09-22,100,-0.018870649885084263,0.1,0.05,0.00015000000000000001,-0.019020649885084263
13因子-严格完整,2020-09-29,100,0.043470750003339644,0.08,0.04,0.00012,0.04335075000333964
13因子-严格完整,2020-10-14,100,-0.011058019268340212,0.16,0.08,0.00024,-0.011298019268340212
13因子-严格完整,2020-10-21,100,-0.014978646308266128,0.1,0.05,0.00015000000000000001,-0.015128646308266129
13因子-严格完整,2020-10-28,100,-0.003262645707938243,0.34,0.17,0.00051,-0.003772645707938243
13因子-严格完整,2020-11-04,100,0.024597978457348443,0.38,0.19,0.00057,0.024027978457348442
13因子-严格完整,2020-11-11,100,0.007913199562641401,0.14,0.07,0.00021000000000000004,0.007703199562641401
13因子-严格完整,2020-11-18,100,0.003425954004930616,0.12,0.06,0.00017999999999999998,0.003245954004930616
13因子-严格完整,2020-11-25,100,0.013780859792736515,0.14,0.07,0.00021000000000000004,0.013570859792736515
13因子-严格完整,2020-12-02,100,-0.02339075769155075,0.16,0.08,0.00024,-0.02363075769155075
13因子-严格完整,2020-12-09,100,-0.007176436661271391,0.12,0.06,0.00017999999999999998,-0.007356436661271391
13因子-严格完整,2020-12-16,100,0.0045243550348596055,0.16,0.08,0.00024,0.004284355034859606
13因子-严格完整,2020-12-23,100,0.0033731805433453678,0.24,0.12,0.00035999999999999997,0.0030131805433453677
13因子-严格完整,2020-12-30,100,0.04609577988446542,0.16,0.08,0.00024,0.045855779884465424
13因子-严格完整,2021-01-07,100,-0.018968487062953548,0.22,0.11,0.00033,-0.019298487062953548
13因子-严格完整,2021-01-14,100,0.015221497680440677,0.2,0.1,0.00030000000000000003,0.014921497680440677
13因子-严格完整,2021-01-21,100,-0.026194027199410167,0.12,0.06,0.00017999999999999998,-0.026374027199410167
13因子-严格完整,2021-01-28,100,1.8534012512440024e-05,0.16,0.08,0.00024,-0.00022146598748756
13因子-严格完整,2021-02-04,100,0.06367436881770706,0.14,0.07,0.00021000000000000004,0.06346436881770706
13因子-严格完整,2021-02-18,100,-0.012651111606755949,0.14,0.07,0.00021000000000000004,-0.012861111606755949
13因子-严格完整,2021-02-25,100,-0.021179565332237235,0.14,0.07,0.00021000000000000004,-0.021389565332237234
13因子-严格完整,2021-03-04,100,-0.021916209875658513,0.14,0.07,0.00021000000000000004,-0.022126209875658512
13因子-严格完整,2021-03-11,100,0.01358797017365624,0.18,0.09,0.00027,0.01331797017365624
13因子-严格完整,2021-03-18,100,-0.02507240838513138,0.14,0.07,0.00021000000000000004,-0.025282408385131377
13因子-严格完整,2021-03-25,100,0.020652771408110584,0.2,0.1,0.00030000000000000003,0.020352771408110582
13因子-严格完整,2021-04-01,100,-0.004119740198992332,0.42,0.21,0.00063,-0.004749740198992333
13因子-严格完整,2021-04-09,100,-0.0041537344324505685,0.18,0.09,0.00027,-0.004423734432450569
13因子-严格完整,2021-04-16,100,0.004739545476500307,0.18,0.09,0.00027,0.004469545476500306
13因子-严格完整,2021-04-23,100,-0.009397299749140754,0.38,0.19,0.00057,-0.009967299749140754
13因子-严格完整,2021-04-30,100,0.01134735340724775,1.0,0.5,0.0015,0.00984735340724775
13因子-严格完整,2021-05-12,100,0.005702327346453628,0.14,0.07,0.00021000000000000004,0.005492327346453628
13因子-严格完整,2021-05-19,100,0.014975843422152506,0.16,0.08,0.00024,0.014735843422152506
13因子-严格完整,2021-05-26,100,0.004218247855582653,0.14,0.07,0.00021000000000000004,0.004008247855582653
13因子-严格完整,2021-06-02,100,-0.002974478033263165,0.1,0.05,0.00015000000000000001,-0.0031244780332631648
13因子-严格完整,2021-06-09,100,-0.019425480112311377,0.12,0.06,0.00017999999999999998,-0.019605480112311377
13因子-严格完整,2021-06-17,100,-0.0014405442515165413,0.18,0.09,0.00027,-0.0017105442515165414
13因子-严格完整,2021-06-24,100,-0.0014596073720031376,0.1,0.05,0.00015000000000000001,-0.0016096073720031376
13因子-严格完整,2021-07-01,100,-0.003559189325521289,0.14,0.07,0.00021000000000000004,-0.0037691893255212892
13因子-严格完整,2021-07-08,100,0.02429632549004111,0.12,0.06,0.00017999999999999998,0.02411632549004111
13因子-严格完整,2021-07-15,100,0.0031281981287755558,0.16,0.08,0.00024,0.0028881981287755556
13因子-严格完整,2021-07-22,100,-0.05294189929793868,0.14,0.07,0.00021000000000000004,-0.05315189929793868
13因子-严格完整,2021-07-29,100,0.0185197014468148,0.2,0.1,0.00030000000000000003,0.0182197014468148
13因子-严格完整,2021-08-05,100,0.021134165780782352,0.12,0.06,0.00017999999999999998,0.020954165780782352
13因子-严格完整,2021-08-12,100,-0.01933800627589479,0.28,0.14,0.00042000000000000007,-0.01975800627589479
13因子-严格完整,2021-08-19,100,0.017359855381416725,0.26,0.13,0.00039000000000000005,0.016969855381416724
13因子-严格完整,2021-08-26,100,0.015564354579439577,0.56,0.28,0.0008400000000000001,0.014724354579439576
13因子-严格完整,2021-09-02,100,0.054853583955464406,0.5,0.25,0.00075,0.054103583955464406
13因子-严格完整,2021-09-09,100,-0.01228313693093507,0.26,0.13,0.00039000000000000005,-0.01267313693093507
13因子-严格完整,2021-09-16,100,-0.011743029441260608,0.16,0.08,0.00024,-0.011983029441260609
13因子-严格完整,2021-09-27,100,0.008427780098002413,0.22,0.11,0.00033,0.008097780098002412
13因子-严格完整,2021-10-11,100,-0.011591483012472146,0.16,0.08,0.00024,-0.011831483012472147
13因子-严格完整,2021-10-18,100,-0.00273713975188411,0.16,0.08,0.00024,-0.0029771397518841103
13因子-严格完整,2021-10-25,100,-0.02923977790270528,0.22,0.11,0.00033,-0.02956977790270528
13因子-严格完整,2021-11-01,100,-0.016999544172406785,0.44,0.22,0.00066,-0.017659544172406786
13因子-严格完整,2021-11-08,100,0.007474236091306209,0.16,0.08,0.00024,0.007234236091306209
13因子-严格完整,2021-11-15,100,0.011865166490194583,0.16,0.08,0.00024,0.011625166490194582
13因子-严格完整,2021-11-22,100,-0.016036297999867864,0.1,0.05,0.00015000000000000001,-0.016186297999867864
13因子-严格完整,2021-11-29,100,0.019962347923268554,0.1,0.05,0.00015000000000000001,0.019812347923268553
13因子-严格完整,2021-12-06,100,0.04179536123224823,0.16,0.08,0.00024,0.041555361232248234
13因子-严格完整,2021-12-13,100,-0.02500424327226324,0.22,0.11,0.00033,-0.02533424327226324
13因子-严格完整,2021-12-20,100,0.016928911660841185,0.12,0.06,0.00017999999999999998,0.016748911660841186
13因子-严格完整,2021-12-27,100,0.013558732888170404,0.18,0.09,0.00027,0.013288732888170405
13因子-严格完整,2022-01-04,100,-0.014143474967714375,0.18,0.09,0.00027,-0.014413474967714375
13因子-严格完整,2022-01-11,100,-0.010944706082293946,0.2,0.1,0.00030000000000000003,-0.011244706082293946
13因子-严格完整,2022-01-18,100,-0.04835038244216336,0.18,0.09,0.00027,-0.04862038244216336
13因子-严格完整,2022-01-25,100,0.014141027586728661,0.12,0.06,0.00017999999999999998,0.013961027586728661
13因子-严格完整,2022-02-08,100,0.007636917274481787,0.2,0.1,0.00030000000000000003,0.007336917274481787
13因子-严格完整,2022-02-15,100,0.013656910774231628,0.16,0.08,0.00024,0.013416910774231627
13因子-严格完整,2022-02-22,100,-0.0025710306853866773,0.2,0.1,0.00030000000000000003,-0.002871030685386677
13因子-严格完整,2022-03-01,100,-0.05623274870291639,0.18,0.09,0.00027,-0.05650274870291639
13因子-严格完整,2022-03-08,100,-0.08523812178559187,0.18,0.09,0.00027,-0.08550812178559188
13因子-严格完整,2022-03-15,100,0.07739059941132262,0.16,0.08,0.00024,0.07715059941132262
13因子-严格完整,2022-03-22,100,-0.006644689706898807,0.2,0.1,0.00030000000000000003,-0.006944689706898807
13因子-严格完整,2022-03-29,100,0.021561519742895358,0.32,0.16,0.00048,0.021081519742895356
13因子-严格完整,2022-04-07,100,0.007965470518620009,0.32,0.16,0.00048,0.007485470518620008
13因子-严格完整,2022-04-14,100,-0.05142087412885484,0.32,0.16,0.00048,-0.05190087412885484
13因子-严格完整,2022-04-21,100,-0.04681159033864577,0.38,0.19,0.00057,-0.04738159033864577
13因子-严格完整,2022-04-28,100,0.04472153708771666,0.76,0.38,0.00114,0.04358153708771666
13因子-严格完整,2022-05-10,100,0.013611995393837624,0.9400000000000001,0.47000000000000003,0.00141,0.012201995393837624
13因子-严格完整,2022-05-17,100,-0.012935718264886415,0.14,0.07,0.00021000000000000004,-0.013145718264886416
13因子-严格完整,2022-05-24,100,0.04882002800338696,0.14,0.07,0.00021000000000000004,0.04861002800338696
13因子-严格完整,2022-05-31,100,0.02252823346488112,0.18,0.09,0.00027,0.022258233464881122
13因子-严格完整,2022-06-08,100,0.024240877770931125,0.12,0.06,0.00017999999999999998,0.024060877770931126
13因子-严格完整,2022-06-15,100,-0.01795341207064081,0.2,0.1,0.00030000000000000003,-0.018253412070640813
13因子-严格完整,2022-06-22,100,0.02847796639362089,0.24,0.12,0.00035999999999999997,0.02811796639362089
13因子-严格完整,2022-06-29,100,-0.006489801697679348,0.16,0.08,0.00024,-0.006729801697679348
13因子-严格完整,2022-07-06,100,-0.009769975409909322,0.16,0.08,0.00024,-0.010009975409909323
13因子-严格完整,2022-07-13,100,0.00367344597753132,0.18,0.09,0.00027,0.00340344597753132
13因子-严格完整,2022-07-20,100,-0.015007301449877981,0.16,0.08,0.00024,-0.015247301449877982
13因子-严格完整,2022-07-27,100,-0.04225737680208375,0.16,0.08,0.00024,-0.04249737680208375
13因子-严格完整,2022-08-03,100,0.027863966421939123,0.16,0.08,0.00024,0.027623966421939122
13因子-严格完整,2022-08-10,100,0.02948674307853108,0.14,0.07,0.00021000000000000004,0.029276743078531082
13因子-严格完整,2022-08-17,100,-0.021076613080965388,0.24,0.12,0.00035999999999999997,-0.021436613080965387
13因子-严格完整,2022-08-24,100,-0.006473404517716601,0.42,0.21,0.00063,-0.007103404517716601
13因子-严格完整,2022-08-31,100,0.00498516501407732,0.52,0.26,0.0007800000000000001,0.0042051650140773195
13因子-严格完整,2022-09-07,100,-0.010555919600718394,0.1,0.05,0.00015000000000000001,-0.010705919600718395
13因子-严格完整,2022-09-15,100,-0.035164215445030796,0.08,0.04,0.00012,-0.0352842154450308
13因子-严格完整,2022-09-22,100,-0.029432284386018602,0.14,0.07,0.00021000000000000004,-0.0296422843860186
13因子-严格完整,2022-09-29,100,8.586471532490148e-06,0.12,0.06,0.00017999999999999998,-0.00017141352846750983
13因子-严格完整,2022-10-13,100,0.001914282872259062,0.12,0.06,0.00017999999999999998,0.001734282872259062
13因子-严格完整,2022-10-20,100,-0.012643874912236664,0.14,0.07,0.00021000000000000004,-0.012853874912236664
13因子-严格完整,2022-10-27,100,0.0038894709156574803,0.34,0.17,0.00051,0.0033794709156574803
13因子-严格完整,2022-11-03,100,0.025326830895202174,0.34,0.17,0.00051,0.024816830895202174
13因子-严格完整,2022-11-10,100,0.03476432693305581,0.12,0.06,0.00017999999999999998,0.03458432693305581
13因子-严格完整,2022-11-17,100,-0.014035367823139768,0.16,0.08,0.00024,-0.014275367823139769
13因子-严格完整,2022-11-24,100,0.038004325247229645,0.12,0.06,0.00017999999999999998,0.037824325247229645
13因子-严格完整,2022-12-01,100,0.01450654877996988,0.14,0.07,0.00021000000000000004,0.01429654877996988
13因子-严格完整,2022-12-08,100,-0.009990794955448506,0.24,0.12,0.00035999999999999997,-0.010350794955448505
13因子-严格完整,2022-12-15,100,-0.035099586539615306,0.14,0.07,0.00021000000000000004,-0.03530958653961531
13因子-严格完整,2022-12-22,100,0.006723066195248636,0.1,0.05,0.00015000000000000001,0.006573066195248636
13因子-严格完整,2022-12-29,100,0.02432470128942493,0.14,0.07,0.00021000000000000004,0.02411470128942493
13因子-严格完整,2023-01-06,100,0.022647326552886947,0.12,0.06,0.00017999999999999998,0.022467326552886947
13因子-严格完整,2023-01-13,100,0.030763885464015314,0.14,0.07,0.00021000000000000004,0.030553885464015315
13因子-严格完整,2023-01-20,100,0.004642424784983177,0.08,0.04,0.00012,0.004522424784983176
13因子-严格完整,2023-02-03,100,0.003977265021389066,0.14,0.07,0.00021000000000000004,0.0037672650213890655
13因子-严格完整,2023-02-10,100,-0.007556585590017392,0.14,0.07,0.00021000000000000004,-0.007766585590017392
13因子-严格完整,2023-02-17,100,0.017448932420772077,0.12,0.06,0.00017999999999999998,0.017268932420772078
13因子-严格完整,2023-02-24,100,0.01892182131041207,0.12,0.06,0.00017999999999999998,0.01874182131041207
13因子-严格完整,2023-03-03,100,-0.030442964306580535,0.12,0.06,0.00017999999999999998,-0.030622964306580534
13因子-严格完整,2023-03-10,100,0.006988345155138949,0.14,0.07,0.00021000000000000004,0.006778345155138949
13因子-严格完整,2023-03-17,100,0.01199382846743663,0.14,0.07,0.00021000000000000004,0.01178382846743663
13因子-严格完整,2023-03-24,100,-0.0036681097325157353,0.26,0.13,0.00039000000000000005,-0.004058109732515735
13因子-严格完整,2023-03-31,100,0.008389358955035599,0.42,0.21,0.00063,0.007759358955035598
13因子-严格完整,2023-04-10,100,0.014756971079785708,0.2,0.1,0.00030000000000000003,0.014456971079785708
13因子-严格完整,2023-04-17,100,-0.03652539068445817,0.2,0.1,0.00030000000000000003,-0.03682539068445817
13因子-严格完整,2023-04-24,100,0.019857074166568924,0.32,0.16,0.00048,0.019377074166568923
13因子-严格完整,2023-05-04,100,-0.004400371885644264,0.8,0.4,0.0012000000000000001,-0.005600371885644264
13因子-严格完整,2023-05-11,100,-0.01713813892685314,0.1,0.05,0.00015000000000000001,-0.01728813892685314
13因子-严格完整,2023-05-18,100,-0.02836605045610686,0.16,0.08,0.00024,-0.02860605045610686
13因子-严格完整,2023-05-25,100,0.014976203695594256,0.16,0.08,0.00024,0.014736203695594256
13因子-严格完整,2023-06-01,100,0.0009741230259642752,0.12,0.06,0.00017999999999999998,0.0007941230259642753
13因子-严格完整,2023-06-08,100,0.020247028029080242,0.14,0.07,0.00021000000000000004,0.020037028029080244
13因子-严格完整,2023-06-15,100,-0.03252958681887861,0.1,0.05,0.00015000000000000001,-0.03267958681887861
13因子-严格完整,2023-06-26,100,0.0239112090386302,0.12,0.06,0.00017999999999999998,0.0237312090386302
13因子-严格完整,2023-07-03,100,-0.0057909398467051775,0.16,0.08,0.00024,-0.006030939846705177
13因子-严格完整,2023-07-10,100,0.010970035324343746,0.14,0.07,0.00021000000000000004,0.010760035324343746
13因子-严格完整,2023-07-17,100,-0.009884394560509893,0.14,0.07,0.00021000000000000004,-0.010094394560509893
13因子-严格完整,2023-07-24,100,0.04511223773653786,0.2,0.1,0.00030000000000000003,0.044812237736537856
13因子-严格完整,2023-07-31,100,-0.008038088355526435,0.24,0.12,0.00035999999999999997,-0.008398088355526434
13因子-严格完整,2023-08-07,100,-0.023504049049473338,0.22,0.11,0.00033,-0.023834049049473338
13因子-严格完整,2023-08-14,100,-0.03487130063787666,0.2,0.1,0.00030000000000000003,-0.035171300637876664
13因子-严格完整,2023-08-21,100,-0.001280246620486164,0.24,0.12,0.00035999999999999997,-0.001640246620486164
13因子-严格完整,2023-08-28,100,0.0356524887601434,0.56,0.28,0.0008400000000000001,0.0348124887601434
13因子-严格完整,2023-09-04,100,-0.014858269140372034,0.46,0.23,0.0006900000000000001,-0.015548269140372033
13因子-严格完整,2023-09-11,100,-0.010537265713700974,0.2,0.1,0.00030000000000000003,-0.010837265713700974
13因子-严格完整,2023-09-18,100,-0.008536564776350626,0.12,0.06,0.00017999999999999998,-0.008716564776350626
13因子-严格完整,2023-09-25,100,-0.013195165285723176,0.06,0.03,8.999999999999999e-05,-0.013285165285723176
13因子-严格完整,2023-10-10,100,-0.012933258680220988,0.18,0.09,0.00027,-0.013203258680220988
13因子-严格完整,2023-10-17,100,-0.04493074472446715,0.08,0.04,0.00012,-0.04505074472446715
13因子-严格完整,2023-10-24,100,0.03693967599353397,0.14,0.07,0.00021000000000000004,0.03672967599353397
13因子-严格完整,2023-10-31,100,0.008507294639448392,0.3,0.15,0.00045,0.008057294639448391
13因子-严格完整,2023-11-07,100,0.0009644215280955093,0.06,0.03,8.999999999999999e-05,0.0008744215280955093
13因子-严格完整,2023-11-14,100,0.008900659445216539,0.1,0.05,0.00015000000000000001,0.008750659445216538
13因子-严格完整,2023-11-21,100,-0.0040884676352243784,0.1,0.05,0.00015000000000000001,-0.004238467635224378
13因子-严格完整,2023-11-28,100,-0.022653424227517798,0.14,0.07,0.00021000000000000004,-0.022863424227517797
13因子-严格完整,2023-12-05,100,0.012020390255602037,0.12,0.06,0.00017999999999999998,0.011840390255602037
13因子-严格完整,2023-12-12,100,-0.028247548654106377,0.14,0.07,0.00021000000000000004,-0.028457548654106376
13因子-严格完整,2023-12-19,100,-0.021757485136266914,0.18,0.09,0.00027,-0.022027485136266914
13因子-严格完整,2023-12-26,100,0.031699661134518546,0.18,0.09,0.00027,0.03142966113451855
13因子-严格完整,2024-01-03,100,-0.027295042214572397,0.1,0.05,0.00015000000000000001,-0.027445042214572397
13因子-严格完整,2024-01-10,100,-0.016136264293270128,0.12,0.06,0.00017999999999999998,-0.016316264293270127
13因子-严格完整,2024-01-17,100,-0.011349149380815488,0.08,0.04,0.00012,-0.011469149380815488
13因子-严格完整,2024-01-24,100,-0.023180911203703497,0.08,0.04,0.00012,-0.023300911203703496
13因子-严格完整,2024-01-31,100,0.02522518178221963,0.16,0.08,0.00024,0.024985181782219628
13因子-严格完整,2024-02-07,100,0.06877835213980664,0.26,0.13,0.00039000000000000005,0.06838835213980664
13因子-严格完整,2024-02-22,100,0.022513646031118953,0.18,0.09,0.00027,0.022243646031118953
13因子-严格完整,2024-02-29,100,0.0007651948183780222,0.2,0.1,0.00030000000000000003,0.0004651948183780222
13因子-严格完整,2024-03-07,100,0.015706283121752766,0.18,0.09,0.00027,0.015436283121752766
13因子-严格完整,2024-03-14,100,0.022735171823609367,0.14,0.07,0.00021000000000000004,0.02252517182360937
13因子-严格完整,2024-03-21,100,-0.02079118226148825,0.18,0.09,0.00027,-0.02106118226148825
13因子-严格完整,2024-03-28,100,0.015499367137620824,0.24,0.12,0.00035999999999999997,0.015139367137620825
13因子-严格完整,2024-04-08,100,-0.0009234114229489765,0.4,0.2,0.0006000000000000001,-0.0015234114229489765
13因子-严格完整,2024-04-15,100,-0.007668403034444857,0.14,0.07,0.00021000000000000004,-0.007878403034444858
13因子-严格完整,2024-04-22,100,0.0211257597503791,0.3,0.15,0.00045,0.0206757597503791
13因子-严格完整,2024-04-29,100,0.011789334957912406,0.8200000000000001,0.41000000000000003,0.0012300000000000002,0.010559334957912406
13因子-严格完整,2024-05-09,100,-0.01246093640008077,0.9,0.45,0.00135,-0.01381093640008077
13因子-严格完整,2024-05-16,100,-0.012281178297093782,0.18,0.09,0.00027,-0.012551178297093782
13因子-严格完整,2024-05-23,100,-0.012750307954553777,0.16,0.08,0.00024,-0.012990307954553778
13因子-严格完整,2024-05-30,100,-0.025682728274139997,0.2,0.1,0.00030000000000000003,-0.02598272827414
13因子-严格完整,2024-06-06,100,0.007266739921878941,0.18,0.09,0.00027,0.0069967399218789405
13因子-严格完整,2024-06-14,100,-0.020112790854530507,0.2,0.1,0.00030000000000000003,-0.02041279085453051
13因子-严格完整,2024-06-21,100,-0.019124062343067204,0.2,0.1,0.00030000000000000003,-0.019424062343067205
13因子-严格完整,2024-06-28,100,-0.013422390764356515,0.18,0.09,0.00027,-0.013692390764356514
13因子-严格完整,2024-07-05,100,0.011347809000050517,0.18,0.09,0.00027,0.011077809000050518
13因子-严格完整,2024-07-12,100,0.003182056659731679,0.18,0.09,0.00027,0.002912056659731679
13因子-严格完整,2024-07-19,100,-0.028045981182050383,0.18,0.09,0.00027,-0.028315981182050382
13因子-严格完整,2024-07-26,100,0.010209853037235926,0.16,0.08,0.00024,0.009969853037235925
13因子-严格完整,2024-08-02,100,-0.015273068897377805,0.18,0.09,0.00027,-0.015543068897377804
13因子-严格完整,2024-08-09,100,-0.007316484481301365,0.18,0.09,0.00027,-0.007586484481301365
13因子-严格完整,2024-08-16,100,-0.029509869442756857,0.2,0.1,0.00030000000000000003,-0.029809869442756858
13因子-严格完整,2024-08-23,100,0.021103091296477836,0.32,0.16,0.00048,0.020623091296477835
13因子-严格完整,2024-08-30,100,-0.02819834967161662,0.5,0.25,0.00075,-0.02894834967161662
13因子-严格完整,2024-09-06,100,-0.01234277222298369,0.28,0.14,0.00042000000000000007,-0.012762772222983691
13因子-严格完整,2024-09-13,100,0.06858474495683328,0.1,0.05,0.00015000000000000001,0.06843474495683328
13因子-严格完整,2024-09-24,100,0.29673331355434046,0.1,0.05,0.00015000000000000001,0.2965833135543405
13因子-严格完整,2024-10-08,100,-0.09305178329370119,0.34,0.17,0.00051,-0.09356178329370118
13因子-严格完整,2024-10-15,100,0.028963247799492803,0.3,0.15,0.00045,0.028513247799492804
13因子-严格完整,2024-10-22,100,0.014128629497257999,0.18,0.09,0.00027,0.013858629497258
13因子-严格完整,2024-10-29,100,0.034428111894362276,0.42,0.21,0.00063,0.03379811189436228
13因子-严格完整,2024-11-05,100,0.010960859910712686,0.38,0.19,0.00057,0.010390859910712686
13因子-严格完整,2024-11-12,100,-0.025050262978702484,0.16,0.08,0.00024,-0.025290262978702484
13因子-严格完整,2024-11-19,100,-0.03119607164890648,0.16,0.08,0.00024,-0.03143607164890648
13因子-严格完整,2024-11-26,100,0.03661021683214525,0.22,0.11,0.00033,0.03628021683214525
13因子-严格完整,2024-12-03,100,0.0074968998785723195,0.2,0.1,0.00030000000000000003,0.00719689987857232
13因子-严格完整,2024-12-10,100,-0.00823869967424965,0.16,0.08,0.00024,-0.00847869967424965
13因子-严格完整,2024-12-17,100,0.004802746434469783,0.22,0.11,0.00033,0.004472746434469783
13因子-严格完整,2024-12-24,100,-0.010837973601002932,0.18,0.09,0.00027,-0.011107973601002932
13因子-严格完整,2024-12-31,100,-0.034503986119702096,0.18,0.09,0.00027,-0.034773986119702095
13因子-严格完整,2025-01-08,100,-0.0023655341605788114,0.18,0.09,0.00027,-0.0026355341605788112
13因子-严格完整,2025-01-15,100,0.003385681491958681,0.14,0.07,0.00021000000000000004,0.003175681491958681
13因子-严格完整,2025-01-22,100,0.019708419077004703,0.12,0.06,0.00017999999999999998,0.019528419077004703
13因子-严格完整,2025-02-06,100,0.02210717329905755,0.16,0.08,0.00024,0.02186717329905755
13因子-严格完整,2025-02-13,100,-0.0033601398106726634,0.16,0.08,0.00024,-0.0036001398106726636
13因子-严格完整,2025-02-20,100,0.007668407899264422,0.16,0.08,0.00024,0.007428407899264422
13因子-严格完整,2025-02-27,100,0.008825773906969,0.18,0.09,0.00027,0.008555773906969
13因子-严格完整,2025-03-06,100,0.005196357935846456,0.08,0.04,0.00012,0.005076357935846456
13因子-严格完整,2025-03-13,100,0.012731152903298787,0.2,0.1,0.00030000000000000003,0.012431152903298787
13因子-严格完整,2025-03-20,100,-0.0020220097897881806,0.18,0.09,0.00027,-0.0022920097897881804
13因子-严格完整,2025-03-27,100,-0.011420170175199062,0.22,0.11,0.00033,-0.011750170175199063
13因子-严格完整,2025-04-03,100,-0.027033152114499658,0.32,0.16,0.00048,-0.02751315211449966
13因子-严格完整,2025-04-11,100,0.005446930976222657,0.26,0.13,0.00039000000000000005,0.005056930976222658
13因子-严格完整,2025-04-18,100,0.009933257454869109,0.16,0.08,0.00024,0.009693257454869108
13因子-严格完整,2025-04-25,100,0.0067598113603887745,0.46,0.23,0.0006900000000000001,0.006069811360388774
13因子-严格完整,2025-05-07,100,0.0113981700916494,0.8200000000000001,0.41000000000000003,0.0012300000000000002,0.0101681700916494
13因子-严格完整,2025-05-14,100,-0.002817654752500417,0.22,0.11,0.00033,-0.003147654752500417
13因子-严格完整,2025-05-21,100,-0.01594788896371583,0.18,0.09,0.00027,-0.01621788896371583
13因子-严格完整,2025-05-28,100,0.013737430724408395,0.12,0.06,0.00017999999999999998,0.013557430724408395
13因子-严格完整,2025-06-05,100,0.011221603483622894,0.16,0.08,0.00024,0.010981603483622893
13因子-严格完整,2025-06-12,100,-0.02018550150817267,0.14,0.07,0.00021000000000000004,-0.020395501508172667
13因子-严格完整,2025-06-19,100,0.024306754295419997,0.2,0.1,0.00030000000000000003,0.024006754295419996
13因子-严格完整,2025-06-26,100,0.019919193321155087,0.18,0.09,0.00027,0.019649193321155087
13因子-严格完整,2025-07-03,100,0.014631656244389502,0.18,0.09,0.00027,0.014361656244389502
13因子-严格完整,2025-07-10,100,0.010603497963379685,0.16,0.08,0.00024,0.010363497963379684
13因子-严格完整,2025-07-17,100,0.043270653789785604,0.18,0.09,0.00027,0.043000653789785605
13因子-严格完整,2025-07-24,100,-0.022378147644606276,0.22,0.11,0.00033,-0.022708147644606276
13因子-严格完整,2025-07-31,100,0.019184817357239887,0.2,0.1,0.00030000000000000003,0.018884817357239885
13因子-严格完整,2025-08-07,100,0.006576036576967826,0.18,0.09,0.00027,0.006306036576967826
13因子-严格完整,2025-08-14,100,0.03995133287221017,0.16,0.08,0.00024,0.039711332872210174
13因子-严格完整,2025-08-21,100,0.018203894371877395,0.34,0.17,0.00051,0.017693894371877395
13因子-严格完整,2025-08-28,100,-0.019356313739670155,0.68,0.34,0.00102,-0.020376313739670155
13因子-严格完整,2025-09-04,100,0.039156170478895455,0.4,0.2,0.0006000000000000001,0.03855617047889545
13因子-严格完整,2025-09-11,100,-0.01837446721057981,0.08,0.04,0.00012,-0.018494467210579808
13因子-严格完整,2025-09-18,100,0.009421736615081298,0.18,0.09,0.00027,0.009151736615081299
13因子-严格完整,2025-09-25,100,0.020307426414082404,0.14,0.07,0.00021000000000000004,0.020097426414082405
13因子-严格完整,2025-10-10,100,-0.02624403505581142,0.12,0.06,0.00017999999999999998,-0.02642403505581142
13因子-严格完整,2025-10-17,100,0.019508275455340604,0.18,0.09,0.00027,0.019238275455340605
13因子-严格完整,2025-10-24,100,0.014489789570227445,0.24,0.12,0.00035999999999999997,0.014129789570227445
13因子-严格完整,2025-10-31,100,0.013153309750984403,0.34,0.17,0.00051,0.012643309750984403
13因子-严格完整,2025-11-07,100,0.006696815007036726,0.16,0.08,0.00024,0.0064568150070367265
13因子-严格完整,2025-11-14,100,-0.040482605303558745,0.2,0.1,0.00030000000000000003,-0.04078260530355875
13因子-严格完整,2025-11-21,100,0.018606099327782878,0.16,0.08,0.00024,0.018366099327782878
13因子-严格完整,2025-11-28,100,0.01311142718349036,0.1,0.05,0.00015000000000000001,0.01296142718349036
13因子-严格完整,2025-12-05,100,-0.009133095801607849,0.14,0.07,0.00021000000000000004,-0.009343095801607849
13因子-严格完整,2025-12-12,100,0.009149532541368303,0.18,0.09,0.00027,0.008879532541368303
13因子-严格完整,2025-12-19,100,0.013563811672335557,0.14,0.07,0.00021000000000000004,0.013353811672335557
13因子-严格完整,2025-12-26,100,0.03421262958665958,0.14,0.07,0.00021000000000000004,0.03400262958665958
13因子-严格完整,2026-01-06,100,0.010498418029047933,0.12,0.06,0.00017999999999999998,0.010318418029047934
13因子-严格完整,2026-01-13,100,0.015995037705018516,0.24,0.12,0.00035999999999999997,0.015635037705018517
13因子-严格完整,2026-01-20,100,0.0023257631363415255,0.12,0.06,0.00017999999999999998,0.0021457631363415255
13因子-严格完整,2026-01-27,100,-0.012690278935659955,0.06,0.03,8.999999999999999e-05,-0.012780278935659955
13因子-严格完整,2026-02-03,100,0.01815366795856267,0.08,0.04,0.00012,0.01803366795856267
13因子-严格完整,2026-02-10,100,0.005902480789044199,0.12,0.06,0.00017999999999999998,0.005722480789044199
13因子-严格完整,2026-02-25,100,-0.011615695697034453,0.2,0.1,0.00030000000000000003,-0.011915695697034453
13因子-严格完整,2026-03-04,100,0.024015446899531025,0.18,0.09,0.00027,0.023745446899531026
13因子-严格完整,2026-03-11,100,-0.023697261918853976,0.14,0.07,0.00021000000000000004,-0.023907261918853975
13因子-严格完整,2026-03-18,100,-0.042230489574707125,0.16,0.08,0.00024,-0.04247048957470712
13因子-严格完整,2026-03-25,100,-0.00545756440226114,0.2,0.1,0.00030000000000000003,-0.00575756440226114
13因子-严格完整,2026-04-01,100,-0.0009620979491318038,0.36,0.18,0.00054,-0.001502097949131804
13因子-严格完整,2026-04-09,100,0.015647370130734684,0.2,0.1,0.00030000000000000003,0.015347370130734684
13因子-严格完整,2026-04-16,100,-0.006124159747499865,0.14,0.07,0.00021000000000000004,-0.006334159747499865
13因子-严格完整,2026-04-23,100,0.0016163945817293524,0.34,0.17,0.00051,0.0011063945817293523
13因子-严格完整,2026-04-30,100,0.0030052722687207056,0.54,0.27,0.0008100000000000001,0.0021952722687207057
13因子-严格完整,2026-05-12,100,-0.027530851912186453,0.14,0.07,0.00021000000000000004,-0.027740851912186452
13因子-严格完整,2026-05-19,100,-0.008660338699112403,0.12,0.06,0.00017999999999999998,-0.008840338699112403
13因子-严格完整,2026-05-26,100,-0.013296431031615567,0.18,0.09,0.00027,-0.013566431031615566
13因子-严格完整,2026-06-02,100,-0.051173179655342495,0.14,0.07,0.00021000000000000004,-0.0513831796553425
13因子-严格完整,2026-06-09,100,0.00905681949042516,0.1,0.05,0.00015000000000000001,0.008906819490425159
13因子-严格完整,2026-06-16,100,-0.02168122973910423,0.12,0.06,0.00017999999999999998,-0.02186122973910423
13因子-严格完整,2026-06-24,100,-0.018538531115868517,0.12,0.06,0.00017999999999999998,-0.018718531115868516
13因子-严格完整,2026-07-01,100,-0.005417387373924434,0.14,0.07,0.00021000000000000004,-0.005627387373924434
13因子-严格完整,2026-07-08,100,0.02270232732722997,0.14,0.07,0.00021000000000000004,0.022492327327229972
13因子-严格完整,2026-07-15,100,0.021742079229922738,0.2,0.1,0.00030000000000000003,0.021442079229922736
13因子-严格完整,2026-07-22,100,0.010314351144654994,0.1,0.05,0.00015000000000000001,0.010164351144654993
13因子-中性化,2015-01-05,100,-0.012482019794266365,1.0,1.0,0.0015,-0.013982019794266365
13因子-中性化,2015-01-12,100,-0.025062279902650534,0.22,0.11,0.00033,-0.025392279902650534
13因子-中性化,2015-01-19,100,0.09033380274157081,0.14,0.07,0.00021000000000000004,0.09012380274157081
13因子-中性化,2015-01-26,100,-0.030859359789081418,0.3,0.15,0.00045,-0.03130935978908142
13因子-中性化,2015-02-02,100,-0.008537337430577807,0.26,0.13,0.00039000000000000005,-0.008927337430577807
13因子-中性化,2015-02-09,100,0.07460102888967114,0.24,0.12,0.00035999999999999997,0.07424102888967114
13因子-中性化,2015-02-16,100,0.03332809774291283,0.34,0.17,0.00051,0.03281809774291283
13因子-中性化,2015-03-02,100,0.0012471876721757858,0.14,0.07,0.00021000000000000004,0.0010371876721757857
13因子-中性化,2015-03-09,100,0.053681449958409594,0.22,0.11,0.00033,0.0533514499584096
13因子-中性化,2015-03-16,100,0.06334932505025219,0.24,0.12,0.00035999999999999997,0.06298932505025219
13因子-中性化,2015-03-23,100,0.040682940114612834,0.36,0.18,0.00054,0.040142940114612835
13因子-中性化,2015-03-30,100,0.06979797073189982,0.24,0.12,0.00035999999999999997,0.06943797073189982
13因子-中性化,2015-04-07,100,0.0450155072110985,0.28,0.14,0.00042000000000000007,0.044595507211098506
13因子-中性化,2015-04-14,100,0.015525959328589991,0.28,0.14,0.00042000000000000007,0.01510595932858999
13因子-中性化,2015-04-21,100,0.027471034236576854,0.34,0.17,0.00051,0.026961034236576854
13因子-中性化,2015-04-28,100,-0.03866855354718575,0.7000000000000001,0.35000000000000003,0.0010500000000000002,-0.03971855354718575
13因子-中性化,2015-05-06,100,0.07791442942644287,0.74,0.37,0.00111,0.07680442942644287
13因子-中性化,2015-05-13,100,0.03740943396305992,0.32,0.16,0.00048,0.03692943396305992
13因子-中性化,2015-05-20,100,0.13411138142919202,0.3,0.15,0.00045,0.133661381429192
13因子-中性化,2015-05-27,100,0.029331537096065535,0.22,0.11,0.00033,0.029001537096065535
13因子-中性化,2015-06-03,100,0.026562363950576335,0.28,0.14,0.00042000000000000007,0.026142363950576335
13因子-中性化,2015-06-10,100,-0.024435545612558226,0.24,0.12,0.00035999999999999997,-0.024795545612558225
13因子-中性化,2015-06-17,100,-0.09265830414793438,0.24,0.12,0.00035999999999999997,-0.09301830414793438
13因子-中性化,2015-06-25,100,-0.15881724767900235,0.14,0.07,0.00021000000000000004,-0.15902724767900234
13因子-中性化,2015-07-02,100,-0.07725767328452532,0.16,0.08,0.00024,-0.07749767328452532
13因子-中性化,2015-07-09,100,0.08059233811455346,0.58,0.29,0.00087,0.07972233811455347
13因子-中性化,2015-07-16,100,0.12088627305551579,0.52,0.26,0.0007800000000000001,0.12010627305551579
13因子-中性化,2015-07-23,100,-0.11670985641974939,0.26,0.13,0.00039000000000000005,-0.11709985641974939
13因子-中性化,2015-07-30,100,0.009234172491827737,0.2,0.1,0.00030000000000000003,0.008934172491827737
13因子-中性化,2015-08-06,100,0.09553442662766413,0.26,0.13,0.00039000000000000005,0.09514442662766413
13因子-中性化,2015-08-13,100,-0.05936413622206431,0.28,0.14,0.00042000000000000007,-0.059784136222064306
13因子-中性化,2015-08-20,100,-0.19218265625709235,0.4,0.2,0.0006000000000000001,-0.19278265625709234
13因子-中性化,2015-08-27,100,-0.013365215669488084,0.58,0.29,0.00087,-0.014235215669488084
13因子-中性化,2015-09-07,100,-0.011608604856269678,0.52,0.26,0.0007800000000000001,-0.012388604856269678
13因子-中性化,2015-09-14,100,0.05044864531942958,0.18,0.09,0.00027,0.05017864531942958
13因子-中性化,2015-09-21,100,-0.013676563143310503,0.14,0.07,0.00021000000000000004,-0.013886563143310503
13因子-中性化,2015-09-28,100,0.09639060274769715,0.16,0.08,0.00024,0.09615060274769714
13因子-中性化,2015-10-12,100,0.041531964890972065,0.18,0.09,0.00027,0.041261964890972065
13因子-中性化,2015-10-19,100,0.03126387726619998,0.26,0.13,0.00039000000000000005,0.03087387726619998
13因子-中性化,2015-10-26,100,-0.022339431578963495,0.4,0.2,0.0006000000000000001,-0.022939431578963495
13因子-中性化,2015-11-02,100,0.09439777534362402,0.54,0.27,0.0008100000000000001,0.09358777534362402
13因子-中性化,2015-11-09,100,-0.001969032477605044,0.22,0.11,0.00033,-0.002299032477605044
13因子-中性化,2015-11-16,100,-0.0005636156193889541,0.2,0.1,0.00030000000000000003,-0.0008636156193889542
13因子-中性化,2015-11-23,100,-0.03948700137268005,0.2,0.1,0.00030000000000000003,-0.03978700137268005
13因子-中性化,2015-11-30,100,0.043870561733788324,0.14,0.07,0.00021000000000000004,0.04366056173378832
13因子-中性化,2015-12-07,100,0.001080795628123653,0.18,0.09,0.00027,0.0008107956281236529
13因子-中性化,2015-12-14,100,0.05602020471507507,0.18,0.09,0.00027,0.05575020471507507
13因子-中性化,2015-12-21,100,-0.028821002126179517,0.2,0.1,0.00030000000000000003,-0.029121002126179518
13因子-中性化,2015-12-28,100,-0.08185266025075606,0.2,0.1,0.00030000000000000003,-0.08215266025075606
13因子-中性化,2016-01-05,100,-0.09345802166322535,0.18,0.09,0.00027,-0.09372802166322536
13因子-中性化,2016-01-12,100,0.013088344475549483,0.18,0.09,0.00027,0.012818344475549484
13因子-中性化,2016-01-19,100,-0.09970035331573357,0.16,0.08,0.00024,-0.09994035331573357
13因子-中性化,2016-01-26,100,0.022698095875533415,0.18,0.09,0.00027,0.022428095875533415
13因子-中性化,2016-02-02,100,0.03165198281771298,0.1,0.05,0.00015000000000000001,0.031501982817712985
13因子-中性化,2016-02-16,100,0.03228486489518673,0.12,0.06,0.00017999999999999998,0.03210486489518673
13因子-中性化,2016-02-23,100,-0.06617177512400955,0.1,0.05,0.00015000000000000001,-0.06632177512400955
13因子-中性化,2016-03-01,100,0.06465558357727647,0.24,0.12,0.00035999999999999997,0.06429558357727647
13因子-中性化,2016-03-08,100,-0.009760744760625016,0.22,0.11,0.00033,-0.010090744760625017
13因子-中性化,2016-03-15,100,0.06606854809077065,0.14,0.07,0.00021000000000000004,0.06585854809077064
13因子-中性化,2016-03-22,100,-0.025214034306299093,0.16,0.08,0.00024,-0.025454034306299094
13因子-中性化,2016-03-29,100,0.058664029150945575,0.22,0.11,0.00033,0.05833402915094558
13因子-中性化,2016-04-06,100,-0.00015874125944136618,0.36,0.18,0.00054,-0.0006987412594413662
13因子-中性化,2016-04-13,100,-0.04589396755827505,0.22,0.11,0.00033,-0.04622396755827505
13因子-中性化,2016-04-20,100,0.00023134456284898186,0.3,0.15,0.00045,-0.00021865543715101813
13因子-中性化,2016-04-27,100,0.02963682788785955,0.66,0.33,0.00099,0.02864682788785955
13因子-中性化,2016-05-05,100,-0.05704016970663949,0.96,0.48,0.0014399999999999999,-0.05848016970663949
13因子-中性化,2016-05-12,100,-0.014968018249948055,0.14,0.07,0.00021000000000000004,-0.015178018249948055
13因子-中性化,2016-05-19,100,0.008587650073204365,0.22,0.11,0.00033,0.008257650073204365
13因子-中性化,2016-05-26,100,0.05131402491895563,0.14,0.07,0.00021000000000000004,0.051104024918955625
13因子-中性化,2016-06-02,100,-0.027410023110895118,0.24,0.12,0.00035999999999999997,-0.027770023110895117
13因子-中性化,2016-06-13,100,0.033167400059846565,0.26,0.13,0.00039000000000000005,0.03277740005984656
13因子-中性化,2016-06-20,100,0.012445010963035774,0.18,0.09,0.00027,0.012175010963035774
13因子-中性化,2016-06-27,100,0.037314883830911756,0.14,0.07,0.00021000000000000004,0.037104883830911754
13因子-中性化,2016-07-04,100,0.010573991338188971,0.22,0.11,0.00033,0.01024399133818897
13因子-中性化,2016-07-11,100,0.02268183280905415,0.18,0.09,0.00027,0.02241183280905415
13因子-中性化,2016-07-18,100,-0.005174522084160429,0.16,0.08,0.00024,-0.005414522084160428
13因子-中性化,2016-07-25,100,-0.021381903901164023,0.2,0.1,0.00030000000000000003,-0.021681903901164024
13因子-中性化,2016-08-01,100,0.020721023970870594,0.28,0.14,0.00042000000000000007,0.020301023970870594
13因子-中性化,2016-08-08,100,0.030938065386178177,0.18,0.09,0.00027,0.030668065386178178
13因子-中性化,2016-08-15,100,-0.008690962229818834,0.28,0.14,0.00042000000000000007,-0.009110962229818834
13因子-中性化,2016-08-22,100,-0.005213560292611449,0.32,0.16,0.00048,-0.005693560292611449
13因子-中性化,2016-08-29,100,-0.007184516677688743,0.62,0.31,0.00093,-0.008114516677688742
13因子-中性化,2016-09-05,100,-0.01604013216736661,0.44,0.22,0.00066,-0.01670013216736661
13因子-中性化,2016-09-12,100,0.007329550668355235,0.26,0.13,0.00039000000000000005,0.006939550668355235
13因子-中性化,2016-09-21,100,-0.013043523413781056,0.22,0.11,0.00033,-0.013373523413781056
13因子-中性化,2016-09-28,100,0.034299035101784954,0.12,0.06,0.00017999999999999998,0.034119035101784954
13因子-中性化,2016-10-12,100,0.009194199352086558,0.14,0.07,0.00021000000000000004,0.008984199352086558
13因子-中性化,2016-10-19,100,0.010506412132220436,0.2,0.1,0.00030000000000000003,0.010206412132220436
13因子-中性化,2016-10-26,100,-0.0067943821685164454,0.36,0.18,0.00054,-0.007334382168516445
13因子-中性化,2016-11-02,100,0.0020241830408252504,0.48,0.24,0.0007199999999999999,0.0013041830408252505
13因子-中性化,2016-11-09,100,0.025740531133581265,0.14,0.07,0.00021000000000000004,0.025530531133581266
13因子-中性化,2016-11-16,100,0.0043723522344367,0.18,0.09,0.00027,0.004102352234436699
13因子-中性化,2016-11-23,100,0.01865257821172127,0.24,0.12,0.00035999999999999997,0.01829257821172127
13因子-中性化,2016-11-30,100,-0.010992041794451162,0.3,0.15,0.00045,-0.011442041794451163
13因子-中性化,2016-12-07,100,-0.039115021433167065,0.16,0.08,0.00024,-0.03935502143316706
13因子-中性化,2016-12-14,100,0.007769060031732729,0.16,0.08,0.00024,0.007529060031732729
13因子-中性化,2016-12-21,100,-0.013319016613209542,0.16,0.08,0.00024,-0.013559016613209542
13因子-中性化,2016-12-28,100,0.025941640682698507,0.2,0.1,0.00030000000000000003,0.025641640682698506
13因子-中性化,2017-01-05,100,-0.02041410739531995,0.14,0.07,0.00021000000000000004,-0.02062410739531995
13因子-中性化,2017-01-12,100,-0.012147922944831333,0.08,0.04,0.00012,-0.012267922944831334
13因子-中性化,2017-01-19,100,0.02292552461374229,0.08,0.04,0.00012,0.02280552461374229
13因子-中性化,2017-01-26,100,0.011784567038998089,0.14,0.07,0.00021000000000000004,0.011574567038998089
13因子-中性化,2017-02-09,100,0.006006366990982714,0.18,0.09,0.00027,0.005736366990982714
13因子-中性化,2017-02-16,100,0.017190877200990343,0.12,0.06,0.00017999999999999998,0.017010877200990343
13因子-中性化,2017-02-23,100,-0.005235795054043689,0.16,0.08,0.00024,-0.005475795054043689
13因子-中性化,2017-03-02,100,-0.0013121955749967184,0.22,0.11,0.00033,-0.0016421955749967184
13因子-中性化,2017-03-09,100,0.013466335247299366,0.12,0.06,0.00017999999999999998,0.013286335247299367
13因子-中性化,2017-03-16,100,-0.004155813556019065,0.2,0.1,0.00030000000000000003,-0.004455813556019065
13因子-中性化,2017-03-23,100,-0.013307754357554482,0.24,0.12,0.00035999999999999997,-0.013667754357554482
13因子-中性化,2017-03-30,100,0.026290564448233987,0.36,0.18,0.00054,0.025750564448233988
13因子-中性化,2017-04-10,100,-0.0005713937720072904,0.3,0.15,0.00045,-0.0010213937720072903
13因子-中性化,2017-04-17,100,-0.025021266075119973,0.34,0.17,0.00051,-0.025531266075119973
13因子-中性化,2017-04-24,100,-0.005539477457805261,0.5,0.25,0.00075,-0.006289477457805261
13因子-中性化,2017-05-02,100,-0.02365784810294283,0.9,0.45,0.00135,-0.02500784810294283
13因子-中性化,2017-05-09,100,0.011991561549787226,0.12,0.06,0.00017999999999999998,0.011811561549787226
13因子-中性化,2017-05-16,100,-0.017583790150590802,0.18,0.09,0.00027,-0.0178537901505908
13因子-中性化,2017-05-23,100,0.004959749967354345,0.16,0.08,0.00024,0.004719749967354346
13因子-中性化,2017-06-01,100,0.04076046866092033,0.12,0.06,0.00017999999999999998,0.040580468660920334
13因子-中性化,2017-06-08,100,0.0027750587874429498,0.2,0.1,0.00030000000000000003,0.00247505878744295
13因子-中性化,2017-06-15,100,0.0011086408042133655,0.2,0.1,0.00030000000000000003,0.0008086408042133655
13因子-中性化,2017-06-22,100,0.019292009726794807,0.18,0.09,0.00027,0.019022009726794808
13因子-中性化,2017-06-29,100,0.007374860203989112,0.12,0.06,0.00017999999999999998,0.007194860203989112
13因子-中性化,2017-07-06,100,-0.001708749587091465,0.18,0.09,0.00027,-0.001978749587091465
13因子-中性化,2017-07-13,100,0.005583045809064027,0.2,0.1,0.00030000000000000003,0.005283045809064027
13因子-中性化,2017-07-20,100,0.009510814261056152,0.22,0.11,0.00033,0.009180814261056151
13因子-中性化,2017-07-27,100,0.006026118371052548,0.18,0.09,0.00027,0.005756118371052547
13因子-中性化,2017-08-03,100,0.0062905466707081185,0.2,0.1,0.00030000000000000003,0.005990546670708119
13因子-中性化,2017-08-10,100,0.006982936985139367,0.2,0.1,0.00030000000000000003,0.006682936985139367
13因子-中性化,2017-08-17,100,-0.008852297209289723,0.24,0.12,0.00035999999999999997,-0.009212297209289722
13因子-中性化,2017-08-24,100,0.030848120702801185,0.42,0.21,0.00063,0.030218120702801186
13因子-中性化,2017-08-31,100,0.011554662494121612,0.5,0.25,0.00075,0.010804662494121611
13因子-中性化,2017-09-07,100,0.005496763567997657,0.16,0.08,0.00024,0.005256763567997657
13因子-中性化,2017-09-14,100,0.0027187281577884105,0.14,0.07,0.00021000000000000004,0.0025087281577884104
13因子-中性化,2017-09-21,100,-0.0014338639875140634,0.12,0.06,0.00017999999999999998,-0.0016138639875140635
13因子-中性化,2017-09-28,100,0.02605606163492369,0.14,0.07,0.00021000000000000004,0.02584606163492369
13因子-中性化,2017-10-12,100,-0.01039644676697896,0.2,0.1,0.00030000000000000003,-0.01069644676697896
13因子-中性化,2017-10-19,100,0.02227120123129258,0.24,0.12,0.00035999999999999997,0.02191120123129258
13因子-中性化,2017-10-26,100,-0.016624286396715305,0.26,0.13,0.00039000000000000005,-0.017014286396715306
13因子-中性化,2017-11-02,100,0.022580707530931478,0.32,0.16,0.00048,0.022100707530931477
13因子-中性化,2017-11-09,100,-0.0075473874400390625,0.22,0.11,0.00033,-0.007877387440039062
13因子-中性化,2017-11-16,100,-0.025790178731472723,0.18,0.09,0.00027,-0.026060178731472722
13因子-中性化,2017-11-23,100,-0.009379610457560786,0.1,0.05,0.00015000000000000001,-0.009529610457560787
13因子-中性化,2017-11-30,100,-0.013992486032240839,0.16,0.08,0.00024,-0.01423248603224084
13因子-中性化,2017-12-07,100,0.024322268662900236,0.1,0.05,0.00015000000000000001,0.024172268662900235
13因子-中性化,2017-12-14,100,0.0006661624406586675,0.16,0.08,0.00024,0.00042616244065866754
13因子-中性化,2017-12-21,100,-0.004853740969780529,0.14,0.07,0.00021000000000000004,-0.005063740969780529
13因子-中性化,2017-12-28,100,0.042098955018070254,0.14,0.07,0.00021000000000000004,0.04188895501807025
13因子-中性化,2018-01-05,100,0.01007044713394281,0.16,0.08,0.00024,0.009830447133942809
13因子-中性化,2018-01-12,100,-0.010580662086290736,0.22,0.11,0.00033,-0.010910662086290736
13因子-中性化,2018-01-19,100,0.026961265826277652,0.22,0.11,0.00033,0.02663126582627765
13因子-中性化,2018-01-26,100,-0.046897721237218484,0.12,0.06,0.00017999999999999998,-0.047077721237218484
13因子-中性化,2018-02-02,100,-0.0854739597596528,0.14,0.07,0.00021000000000000004,-0.0856839597596528
13因子-中性化,2018-02-09,100,0.05275720852733026,0.16,0.08,0.00024,0.052517208527330266
13因子-中性化,2018-02-23,100,0.015939765724284495,0.18,0.09,0.00027,0.015669765724284496
13因子-中性化,2018-03-02,100,0.028130117892861427,0.14,0.07,0.00021000000000000004,0.02792011789286143
13因子-中性化,2018-03-09,100,-0.0125876290202301,0.18,0.09,0.00027,-0.0128576290202301
13因子-中性化,2018-03-16,100,-0.03924972254306736,0.18,0.09,0.00027,-0.03951972254306736
13因子-中性化,2018-03-23,100,0.03599977279017645,0.24,0.12,0.00035999999999999997,0.03563977279017645
13因子-中性化,2018-03-30,100,-0.002423259102270414,0.4,0.2,0.0006000000000000001,-0.003023259102270414
13因子-中性化,2018-04-10,100,-0.02112691224750586,0.18,0.09,0.00027,-0.02139691224750586
13因子-中性化,2018-04-17,100,0.017878208720024075,0.22,0.11,0.00033,0.017548208720024074
13因子-中性化,2018-04-24,100,-0.007943221727396093,0.42,0.21,0.00063,-0.008573221727396094
13因子-中性化,2018-05-03,100,0.03127181891804396,0.84,0.42,0.00126,0.03001181891804396
13因子-中性化,2018-05-10,100,-0.004639263605427821,0.22,0.11,0.00033,-0.0049692636054278205
13因子-中性化,2018-05-17,100,0.001701163829289941,0.2,0.1,0.00030000000000000003,0.001401163829289941
13因子-中性化,2018-05-24,100,-0.014014694969440992,0.16,0.08,0.00024,-0.014254694969440993
13因子-中性化,2018-05-31,100,0.008187348678371523,0.24,0.12,0.00035999999999999997,0.007827348678371523
13因子-中性化,2018-06-07,100,-0.016538227078578792,0.16,0.08,0.00024,-0.016778227078578793
13因子-中性化,2018-06-14,100,-0.0670855094906789,0.16,0.08,0.00024,-0.0673255094906789
13因子-中性化,2018-06-22,100,-0.001544564734976358,0.18,0.09,0.00027,-0.001814564734976358
13因子-中性化,2018-06-29,100,-0.03774457447513226,0.2,0.1,0.00030000000000000003,-0.038044574475132265
13因子-中性化,2018-07-06,100,0.05396427709293347,0.18,0.09,0.00027,0.05369427709293347
13因子-中性化,2018-07-13,100,-0.004830248851221486,0.12,0.06,0.00017999999999999998,-0.005010248851221486
13因子-中性化,2018-07-20,100,0.016855623399407545,0.18,0.09,0.00027,0.016585623399407546
13因子-中性化,2018-07-27,100,-0.06464581156347432,0.22,0.11,0.00033,-0.06497581156347432
13因子-中性化,2018-08-03,100,0.027754256553139817,0.24,0.12,0.00035999999999999997,0.027394256553139817
13因子-中性化,2018-08-10,100,-0.05497560559403856,0.2,0.1,0.00030000000000000003,-0.05527560559403856
13因子-中性化,2018-08-17,100,0.01322224289828444,0.18,0.09,0.00027,0.01295224289828444
13因子-中性化,2018-08-24,100,-0.006756269300907432,0.46,0.23,0.0006900000000000001,-0.007446269300907433
13因子-中性化,2018-08-31,100,-0.012066722414309759,0.34,0.17,0.00051,-0.012576722414309759
13因子-中性化,2018-09-07,100,-0.015483620625043404,0.22,0.11,0.00033,-0.015813620625043403
13因子-中性化,2018-09-14,100,0.04273074949908359,0.2,0.1,0.00030000000000000003,0.04243074949908359
13因子-中性化,2018-09-21,100,-0.0277206727634355,0.16,0.08,0.00024,-0.0279606727634355
13因子-中性化,2018-10-08,100,-0.0683628962647036,0.16,0.08,0.00024,-0.0686028962647036
13因子-中性化,2018-10-15,100,0.03531268718437742,0.16,0.08,0.00024,0.03507268718437742
13因子-中性化,2018-10-22,100,-0.049201571858469836,0.24,0.12,0.00035999999999999997,-0.049561571858469836
13因子-中性化,2018-10-29,100,0.07169214439824255,0.48,0.24,0.0007199999999999999,0.07097214439824255
13因子-中性化,2018-11-05,100,0.0011183947483784907,0.28,0.14,0.00042000000000000007,0.0006983947483784907
13因子-中性化,2018-11-12,100,0.0333840809905911,0.1,0.05,0.00015000000000000001,0.0332340809905911
13因子-中性化,2018-11-19,100,-0.06029328425926523,0.14,0.07,0.00021000000000000004,-0.06050328425926523
13因子-中性化,2018-11-26,100,0.041735667010298044,0.18,0.09,0.00027,0.041465667010298045
13因子-中性化,2018-12-03,100,-0.03288039920493523,0.18,0.09,0.00027,-0.03315039920493523
13因子-中性化,2018-12-10,100,0.005870337942462852,0.16,0.08,0.00024,0.005630337942462853
13因子-中性化,2018-12-17,100,-0.015201129925312312,0.14,0.07,0.00021000000000000004,-0.015411129925312312
13因子-中性化,2018-12-24,100,-0.027099115499137228,0.16,0.08,0.00024,-0.02733911549913723
13因子-中性化,2019-01-02,100,0.03527427525617097,0.12,0.06,0.00017999999999999998,0.03509427525617097
13因子-中性化,2019-01-09,100,0.013661651848523087,0.1,0.05,0.00015000000000000001,0.013511651848523086
13因子-中性化,2019-01-16,100,0.003546640890899987,0.14,0.07,0.00021000000000000004,0.0033366408908999867
13因子-中性化,2019-01-23,100,-0.013789243228946375,0.08,0.04,0.00012,-0.013909243228946376
13因子-中性化,2019-01-30,100,0.0762643225405383,0.18,0.09,0.00027,0.0759943225405383
13因子-中性化,2019-02-13,100,0.023034937024955203,0.12,0.06,0.00017999999999999998,0.022854937024955203
13因子-中性化,2019-02-20,100,0.05681662744975986,0.18,0.09,0.00027,0.05654662744975986
13因子-中性化,2019-02-27,100,0.06592305587846084,0.18,0.09,0.00027,0.06565305587846083
13因子-中性化,2019-03-06,100,-0.008353971502270983,0.26,0.13,0.00039000000000000005,-0.008743971502270983
13因子-中性化,2019-03-13,100,0.030881108073967253,0.14,0.07,0.00021000000000000004,0.030671108073967255
13因子-中性化,2019-03-20,100,-0.017672916767333964,0.3,0.15,0.00045,-0.018122916767333963
13因子-中性化,2019-03-27,100,0.07181150700325223,0.24,0.12,0.00035999999999999997,0.07145150700325223
13因子-中性化,2019-04-03,100,-0.013565743925758083,0.36,0.18,0.00054,-0.014105743925758083
13因子-中性化,2019-04-11,100,0.006396146211139023,0.18,0.09,0.00027,0.006126146211139023
13因子-中性化,2019-04-18,100,-0.03554504474325284,0.22,0.11,0.00033,-0.035875044743252836
13因子-中性化,2019-04-25,100,-0.05627563284352938,0.44,0.22,0.00066,-0.05693563284352938
13因子-中性化,2019-05-07,100,-0.0013467308407754475,0.98,0.49,0.00147,-0.0028167308407754475
13因子-中性化,2019-05-14,100,0.005917139958672366,0.16,0.08,0.00024,0.005677139958672367
13因子-中性化,2019-05-21,100,-0.003722485019646964,0.24,0.12,0.00035999999999999997,-0.004082485019646964
13因子-中性化,2019-05-28,100,-0.023835445759838494,0.14,0.07,0.00021000000000000004,-0.024045445759838493
13因子-中性化,2019-06-04,100,0.025875163434475733,0.2,0.1,0.00030000000000000003,0.02557516343447573
13因子-中性化,2019-06-12,100,0.0032548676785154164,0.2,0.1,0.00030000000000000003,0.0029548676785154165
13因子-中性化,2019-06-19,100,0.027677638393262604,0.18,0.09,0.00027,0.027407638393262605
13因子-中性化,2019-06-26,100,0.024339065614437317,0.22,0.11,0.00033,0.024009065614437317
13因子-中性化,2019-07-03,100,-0.033564300632882176,0.18,0.09,0.00027,-0.033834300632882175
13因子-中性化,2019-07-10,100,0.01334291042026045,0.14,0.07,0.00021000000000000004,0.013132910420260449
13因子-中性化,2019-07-17,100,-0.00038700146057264127,0.14,0.07,0.00021000000000000004,-0.0005970014605726413
13因子-中性化,2019-07-24,100,0.007109111711298858,0.18,0.09,0.00027,0.006839111711298858
13因子-中性化,2019-07-31,100,-0.06305263436689855,0.14,0.07,0.00021000000000000004,-0.06326263436689855
13因子-中性化,2019-08-07,100,0.022125323464477466,0.12,0.06,0.00017999999999999998,0.021945323464477466
13因子-中性化,2019-08-14,100,0.04474019364142758,0.3,0.15,0.00045,0.04429019364142758
13因子-中性化,2019-08-21,100,0.013297182811150953,0.34,0.17,0.00051,0.012787182811150953
13因子-中性化,2019-08-28,100,0.02771868553189161,0.46,0.23,0.0006900000000000001,0.02702868553189161
13因子-中性化,2019-09-04,100,0.0187181796354002,0.3,0.15,0.00045,0.0182681796354002
13因子-中性化,2019-09-11,100,0.003237025216665199,0.18,0.09,0.00027,0.002967025216665199
13因子-中性化,2019-09-19,100,-0.024040978209568627,0.16,0.08,0.00024,-0.024280978209568628
13因子-中性化,2019-09-26,100,0.010883391051564823,0.12,0.06,0.00017999999999999998,0.010703391051564823
13因子-中性化,2019-10-10,100,0.011204764202440947,0.06,0.03,8.999999999999999e-05,0.011114764202440947
13因子-中性化,2019-10-17,100,-0.012824553452593715,0.12,0.06,0.00017999999999999998,-0.013004553452593715
13因子-中性化,2019-10-24,100,0.0034630050650474964,0.2,0.1,0.00030000000000000003,0.0031630050650474965
13因子-中性化,2019-10-31,100,0.018835747252783298,0.42,0.21,0.00063,0.0182057472527833
13因子-中性化,2019-11-07,100,-0.01716086124716944,0.12,0.06,0.00017999999999999998,-0.01734086124716944
13因子-中性化,2019-11-14,100,0.007646573048008784,0.16,0.08,0.00024,0.007406573048008784
13因子-中性化,2019-11-21,100,-0.014224325805707809,0.1,0.05,0.00015000000000000001,-0.01437432580570781
13因子-中性化,2019-11-28,100,0.018234241722559674,0.14,0.07,0.00021000000000000004,0.018024241722559675
13因子-中性化,2019-12-05,100,0.008566886730558531,0.1,0.05,0.00015000000000000001,0.00841688673055853
13因子-中性化,2019-12-12,100,0.03537287490821684,0.06,0.03,8.999999999999999e-05,0.03528287490821684
13因子-中性化,2019-12-19,100,0.005635162087844577,0.12,0.06,0.00017999999999999998,0.0054551620878445775
13因子-中性化,2019-12-26,100,0.034407174934426805,0.1,0.05,0.00015000000000000001,0.03425717493442681
13因子-中性化,2020-01-03,100,0.017257087989475176,0.18,0.09,0.00027,0.016987087989475177
13因子-中性化,2020-01-10,100,0.0029600733433534864,0.16,0.08,0.00024,0.002720073343353486
13因子-中性化,2020-01-17,100,-0.10752554001344947,0.16,0.08,0.00024,-0.10776554001344947
13因子-中性化,2020-02-03,100,0.07555146043885332,0.24,0.12,0.00035999999999999997,0.07519146043885332
13因子-中性化,2020-02-10,100,0.04472728424328877,0.22,0.11,0.00033,0.04439728424328877
13因子-中性化,2020-02-17,100,0.03857203545455629,0.16,0.08,0.00024,0.038332035454556296
13因子-中性化,2020-02-24,100,-0.01907999621749855,0.22,0.11,0.00033,-0.01940999621749855
13因子-中性化,2020-03-02,100,-0.009571347070902417,0.26,0.13,0.00039000000000000005,-0.009961347070902416
13因子-中性化,2020-03-09,100,-0.06620093933808432,0.14,0.07,0.00021000000000000004,-0.06641093933808433
13因子-中性化,2020-03-16,100,-0.03849265821586633,0.16,0.08,0.00024,-0.03873265821586633
13因子-中性化,2020-03-23,100,0.02777048362744332,0.22,0.11,0.00033,0.02744048362744332
13因子-中性化,2020-03-30,100,0.04494546043345712,0.26,0.13,0.00039000000000000005,0.044555460433457116
13因子-中性化,2020-04-07,100,0.006616588987145353,0.16,0.08,0.00024,0.006376588987145353
13因子-中性化,2020-04-14,100,-0.004081282866578355,0.16,0.08,0.00024,-0.004321282866578355
13因子-中性化,2020-04-21,100,-0.0035399015301383683,0.18,0.09,0.00027,-0.003809901530138368
13因子-中性化,2020-04-28,100,0.03305921850696916,0.66,0.33,0.00099,0.032069218506969165
13因子-中性化,2020-05-08,100,0.0017170289096608182,0.9400000000000001,0.47000000000000003,0.00141,0.00030702890966081823
13因子-中性化,2020-05-15,100,-0.019410576533234403,0.16,0.08,0.00024,-0.019650576533234404
13因子-中性化,2020-05-22,100,0.026306388315305324,0.12,0.06,0.00017999999999999998,0.026126388315305324
13因子-中性化,2020-05-29,100,0.0259847814028645,0.16,0.08,0.00024,0.0257447814028645
13因子-中性化,2020-06-05,100,0.005665750933014576,0.18,0.09,0.00027,0.005395750933014576
13因子-中性化,2020-06-12,100,0.02440181309024525,0.16,0.08,0.00024,0.02416181309024525
13因子-中性化,2020-06-19,100,0.024626854336895473,0.06,0.03,8.999999999999999e-05,0.024536854336895474
13因子-中性化,2020-06-30,100,0.08779634196463917,0.12,0.06,0.00017999999999999998,0.08761634196463917
13因子-中性化,2020-07-07,100,0.05091009890122686,0.26,0.13,0.00039000000000000005,0.050520098901226856
13因子-中性化,2020-07-14,100,-0.0207963184224755,0.2,0.1,0.00030000000000000003,-0.021096318422475502
13因子-中性化,2020-07-21,100,-0.023697499316692416,0.18,0.09,0.00027,-0.023967499316692415
13因子-中性化,2020-07-28,100,0.03378978415569469,0.18,0.09,0.00027,0.03351978415569469
13因子-中性化,2020-08-04,100,-0.018010870029130172,0.14,0.07,0.00021000000000000004,-0.01822087002913017
13因子-中性化,2020-08-11,100,0.02495346074038983,0.22,0.11,0.00033,0.02462346074038983
13因子-中性化,2020-08-18,100,0.0025159214441032828,0.28,0.14,0.00042000000000000007,0.0020959214441032825
13因子-中性化,2020-08-25,100,0.012771954497643687,0.42,0.21,0.00063,0.012141954497643687
13因子-中性化,2020-09-01,100,-0.023098440815642385,0.62,0.31,0.00093,-0.024028440815642385
13因子-中性化,2020-09-08,100,-0.01835812890505216,0.22,0.11,0.00033,-0.01868812890505216
13因子-中性化,2020-09-15,100,-0.008532604576488067,0.12,0.06,0.00017999999999999998,-0.008712604576488066
13因子-中性化,2020-09-22,100,-0.013153821116747937,0.08,0.04,0.00012,-0.013273821116747938
13因子-中性化,2020-09-29,100,0.04788747736768492,0.04,0.02,6e-05,0.047827477367684924
13因子-中性化,2020-10-14,100,-0.012642670517198888,0.14,0.07,0.00021000000000000004,-0.012852670517198888
13因子-中性化,2020-10-21,100,-0.013705945616159286,0.22,0.11,0.00033,-0.014035945616159286
13因子-中性化,2020-10-28,100,0.00223157903498689,0.3,0.15,0.00045,0.0017815790349868903
13因子-中性化,2020-11-04,100,0.005847345045131696,0.34,0.17,0.00051,0.0053373450451316955
13因子-中性化,2020-11-11,100,0.0013826503753802733,0.08,0.04,0.00012,0.0012626503753802732
13因子-中性化,2020-11-18,100,-0.0005713891803471994,0.16,0.08,0.00024,-0.0008113891803471993
13因子-中性化,2020-11-25,100,0.017759016762572365,0.16,0.08,0.00024,0.017519016762572365
13因子-中性化,2020-12-02,100,-0.01979683168157271,0.24,0.12,0.00035999999999999997,-0.020156831681572708
13因子-中性化,2020-12-09,100,-0.006093145678329437,0.2,0.1,0.00030000000000000003,-0.006393145678329437
13因子-中性化,2020-12-16,100,0.002633602946212621,0.24,0.12,0.00035999999999999997,0.002273602946212621
13因子-中性化,2020-12-23,100,-0.0008696228375978854,0.22,0.11,0.00033,-0.0011996228375978854
13因子-中性化,2020-12-30,100,0.03432854707037945,0.18,0.09,0.00027,0.034058547070379454
13因子-中性化,2021-01-07,100,-0.02180422617264651,0.2,0.1,0.00030000000000000003,-0.022104226172646513
13因子-中性化,2021-01-14,100,0.02328304941699449,0.16,0.08,0.00024,0.02304304941699449
13因子-中性化,2021-01-21,100,-0.023077479954894387,0.18,0.09,0.00027,-0.023347479954894387
13因子-中性化,2021-01-28,100,-0.0066856628683107065,0.16,0.08,0.00024,-0.006925662868310706
13因子-中性化,2021-02-04,100,0.05097068412779167,0.18,0.09,0.00027,0.05070068412779167
13因子-中性化,2021-02-18,100,-0.022909274629880697,0.2,0.1,0.00030000000000000003,-0.023209274629880698
13因子-中性化,2021-02-25,100,-0.013749781904698097,0.12,0.06,0.00017999999999999998,-0.013929781904698096
13因子-中性化,2021-03-04,100,-0.025137442245475233,0.24,0.12,0.00035999999999999997,-0.025497442245475233
13因子-中性化,2021-03-11,100,0.013800090238840854,0.14,0.07,0.00021000000000000004,0.013590090238840854
13因子-中性化,2021-03-18,100,-0.023371436051703238,0.18,0.09,0.00027,-0.023641436051703237
13因子-中性化,2021-03-25,100,0.030185659356954865,0.16,0.08,0.00024,0.029945659356954864
13因子-中性化,2021-04-01,100,-0.005664835395755222,0.42,0.21,0.00063,-0.006294835395755222
13因子-中性化,2021-04-09,100,-0.007752638182371583,0.2,0.1,0.00030000000000000003,-0.008052638182371584
13因子-中性化,2021-04-16,100,0.010574529761200085,0.2,0.1,0.00030000000000000003,0.010274529761200085
13因子-中性化,2021-04-23,100,-0.009613021375478403,0.42,0.21,0.00063,-0.010243021375478403
13因子-中性化,2021-04-30,100,-0.0024828881905398638,1.1,0.55,0.0016500000000000002,-0.004132888190539864
13因子-中性化,2021-05-12,100,0.011979638378085224,0.16,0.08,0.00024,0.011739638378085223
13因子-中性化,2021-05-19,100,0.024830717877793153,0.18,0.09,0.00027,0.024560717877793153
13因子-中性化,2021-05-26,100,0.014047711844015204,0.16,0.08,0.00024,0.013807711844015204
13因子-中性化,2021-06-02,100,-0.00181698971721598,0.12,0.06,0.00017999999999999998,-0.00199698971721598
13因子-中性化,2021-06-09,100,-0.019068344937763413,0.16,0.08,0.00024,-0.019308344937763414
13因子-中性化,2021-06-17,100,0.007998785247620085,0.2,0.1,0.00030000000000000003,0.0076987852476200856
13因子-中性化,2021-06-24,100,0.0012239869243439116,0.12,0.06,0.00017999999999999998,0.0010439869243439115
13因子-中性化,2021-07-01,100,-0.006212727142241816,0.14,0.07,0.00021000000000000004,-0.006422727142241816
13因子-中性化,2021-07-08,100,0.012709822890577982,0.18,0.09,0.00027,0.012439822890577983
13因子-中性化,2021-07-15,100,-0.0049654225651889605,0.2,0.1,0.00030000000000000003,-0.00526542256518896
13因子-中性化,2021-07-22,100,-0.05725725319025615,0.22,0.11,0.00033,-0.05758725319025615
13因子-中性化,2021-07-29,100,0.012115926055630251,0.22,0.11,0.00033,0.01178592605563025
13因子-中性化,2021-08-05,100,0.011178808127522248,0.2,0.1,0.00030000000000000003,0.010878808127522248
13因子-中性化,2021-08-12,100,-0.020416627742889295,0.28,0.14,0.00042000000000000007,-0.020836627742889295
13因子-中性化,2021-08-19,100,0.01104815696018172,0.38,0.19,0.00057,0.010478156960181721
13因子-中性化,2021-08-26,100,0.007616412620234044,0.5,0.25,0.00075,0.006866412620234044
13因子-中性化,2021-09-02,100,0.043201445885541576,0.58,0.29,0.00087,0.04233144588554157
13因子-中性化,2021-09-09,100,-0.010292237753506983,0.14,0.07,0.00021000000000000004,-0.010502237753506984
13因子-中性化,2021-09-16,100,-0.003643518558718809,0.16,0.08,0.00024,-0.0038835185587188094
13因子-中性化,2021-09-27,100,0.007852646886857202,0.14,0.07,0.00021000000000000004,0.007642646886857202
13因子-中性化,2021-10-11,100,-0.008245999150127435,0.1,0.05,0.00015000000000000001,-0.008395999150127436
13因子-中性化,2021-10-18,100,-0.001374542020096653,0.2,0.1,0.00030000000000000003,-0.0016745420200966529
13因子-中性化,2021-10-25,100,-0.01943779330206437,0.22,0.11,0.00033,-0.01976779330206437
13因子-中性化,2021-11-01,100,-0.0030843903556107242,0.42,0.21,0.00063,-0.003714390355610724
13因子-中性化,2021-11-08,100,0.020079378827511717,0.14,0.07,0.00021000000000000004,0.01986937882751172
13因子-中性化,2021-11-15,100,0.005668448295307993,0.12,0.06,0.00017999999999999998,0.005488448295307993
13因子-中性化,2021-11-22,100,-0.0033425088017317805,0.08,0.04,0.00012,-0.0034625088017317803
13因子-中性化,2021-11-29,100,0.005523284769233646,0.16,0.08,0.00024,0.0052832847692336465
13因子-中性化,2021-12-06,100,0.04178324553174794,0.18,0.09,0.00027,0.04151324553174794
13因子-中性化,2021-12-13,100,-0.02050897572455476,0.28,0.14,0.00042000000000000007,-0.02092897572455476
13因子-中性化,2021-12-20,100,0.014744432529958723,0.26,0.13,0.00039000000000000005,0.014354432529958723
13因子-中性化,2021-12-27,100,0.018177133310319046,0.16,0.08,0.00024,0.017937133310319046
13因子-中性化,2022-01-04,100,-0.016934647629423535,0.12,0.06,0.00017999999999999998,-0.017114647629423534
13因子-中性化,2022-01-11,100,-0.007337062064615064,0.12,0.06,0.00017999999999999998,-0.007517062064615064
13因子-中性化,2022-01-18,100,-0.06610409163959417,0.2,0.1,0.00030000000000000003,-0.06640409163959417
13因子-中性化,2022-01-25,100,0.0013675054567944588,0.14,0.07,0.00021000000000000004,0.0011575054567944587
13因子-中性化,2022-02-08,100,-0.00015259112455263791,0.16,0.08,0.00024,-0.0003925911245526379
13因子-中性化,2022-02-15,100,0.004567740166592508,0.12,0.06,0.00017999999999999998,0.004387740166592508
13因子-中性化,2022-02-22,100,0.0018530691432630253,0.16,0.08,0.00024,0.0016130691432630253
13因子-中性化,2022-03-01,100,-0.06703634967482655,0.16,0.08,0.00024,-0.06727634967482655
13因子-中性化,2022-03-08,100,-0.07376967823447073,0.1,0.05,0.00015000000000000001,-0.07391967823447072
13因子-中性化,2022-03-15,100,0.06286102561836594,0.12,0.06,0.00017999999999999998,0.06268102561836594
13因子-中性化,2022-03-22,100,-0.019108627202683498,0.14,0.07,0.00021000000000000004,-0.019318627202683496
13因子-中性化,2022-03-29,100,0.018735834056044377,0.24,0.12,0.00035999999999999997,0.018375834056044378
13因子-中性化,2022-04-07,100,-0.0010174087264010734,0.32,0.16,0.00048,-0.0014974087264010734
13因子-中性化,2022-04-14,100,-0.05355940680946215,0.24,0.12,0.00035999999999999997,-0.053919406809462146
13因子-中性化,2022-04-21,100,-0.05839242406751868,0.28,0.14,0.00042000000000000007,-0.05881242406751868
13因子-中性化,2022-04-28,100,0.04647830091041664,0.86,0.43,0.00129,0.04518830091041664
13因子-中性化,2022-05-10,100,0.014374316601974232,1.02,0.51,0.0015300000000000001,0.012844316601974232
13因子-中性化,2022-05-17,100,-0.006925438234610151,0.18,0.09,0.00027,-0.007195438234610151
13因子-中性化,2022-05-24,100,0.04944054259875359,0.12,0.06,0.00017999999999999998,0.04926054259875359
13因子-中性化,2022-05-31,100,0.02438078817957654,0.14,0.07,0.00021000000000000004,0.024170788179576543
13因子-中性化,2022-06-08,100,0.016283763292489258,0.08,0.04,0.00012,0.01616376329248926
13因子-中性化,2022-06-15,100,-0.009349824382542046,0.2,0.1,0.00030000000000000003,-0.009649824382542046
13因子-中性化,2022-06-22,100,0.04085720582723109,0.18,0.09,0.00027,0.04058720582723109
13因子-中性化,2022-06-29,100,-0.000527417642246667,0.22,0.11,0.00033,-0.000857417642246667
13因子-中性化,2022-07-06,100,-0.022444429733973897,0.16,0.08,0.00024,-0.022684429733973898
13因子-中性化,2022-07-13,100,0.006109630516194441,0.28,0.14,0.00042000000000000007,0.005689630516194441
13因子-中性化,2022-07-20,100,-0.013814124350881642,0.12,0.06,0.00017999999999999998,-0.013994124350881642
13因子-中性化,2022-07-27,100,-0.03803021642446346,0.18,0.09,0.00027,-0.03830021642446346
13因子-中性化,2022-08-03,100,0.02886250784128984,0.24,0.12,0.00035999999999999997,0.02850250784128984
13因子-中性化,2022-08-10,100,0.026783746264726814,0.2,0.1,0.00030000000000000003,0.026483746264726812
13因子-中性化,2022-08-17,100,-0.03411179511471352,0.18,0.09,0.00027,-0.034381795114713516
13因子-中性化,2022-08-24,100,-0.010474940211957464,0.4,0.2,0.0006000000000000001,-0.011074940211957464
13因子-中性化,2022-08-31,100,5.433011890528805e-06,0.56,0.28,0.0008400000000000001,-0.0008345669881094713
13因子-中性化,2022-09-07,100,-0.01144235346267291,0.2,0.1,0.00030000000000000003,-0.01174235346267291
13因子-中性化,2022-09-15,100,-0.033789128377380705,0.3,0.15,0.00045,-0.034239128377380704
13因子-中性化,2022-09-22,100,-0.02155274132558309,0.24,0.12,0.00035999999999999997,-0.021912741325583088
13因子-中性化,2022-09-29,100,-0.0009366039050672559,0.18,0.09,0.00027,-0.0012066039050672558
13因子-中性化,2022-10-13,100,0.010204889037160082,0.16,0.08,0.00024,0.009964889037160082
13因子-中性化,2022-10-20,100,-0.013238909886874692,0.22,0.11,0.00033,-0.013568909886874692
13因子-中性化,2022-10-27,100,0.007803076951665958,0.24,0.12,0.00035999999999999997,0.007443076951665958
13因子-中性化,2022-11-03,100,0.0251288497249823,0.38,0.19,0.00057,0.0245588497249823
13因子-中性化,2022-11-10,100,0.035611320244728885,0.08,0.04,0.00012,0.03549132024472888
13因子-中性化,2022-11-17,100,-0.020198087147964627,0.12,0.06,0.00017999999999999998,-0.020378087147964626
13因子-中性化,2022-11-24,100,0.03491031730232061,0.1,0.05,0.00015000000000000001,0.03476031730232061
13因子-中性化,2022-12-01,100,0.01503338457827982,0.16,0.08,0.00024,0.01479338457827982
13因子-中性化,2022-12-08,100,-0.011391008947791435,0.2,0.1,0.00030000000000000003,-0.011691008947791435
13因子-中性化,2022-12-15,100,-0.035440088166746465,0.18,0.09,0.00027,-0.035710088166746465
13因子-中性化,2022-12-22,100,0.0026384371864011237,0.06,0.03,8.999999999999999e-05,0.002548437186401124
13因子-中性化,2022-12-29,100,0.025272189479851406,0.12,0.06,0.00017999999999999998,0.025092189479851406
13因子-中性化,2023-01-06,100,0.02282073243569238,0.12,0.06,0.00017999999999999998,0.02264073243569238
13因子-中性化,2023-01-13,100,0.028732914526124587,0.1,0.05,0.00015000000000000001,0.028582914526124586
13因子-中性化,2023-01-20,100,0.009251829994185314,0.08,0.04,0.00012,0.009131829994185313
13因子-中性化,2023-02-03,100,0.006594418848465115,0.14,0.07,0.00021000000000000004,0.006384418848465115
13因子-中性化,2023-02-10,100,-0.0073655464996350015,0.18,0.09,0.00027,-0.007635546499635002
13因子-中性化,2023-02-17,100,0.012831281578097138,0.16,0.08,0.00024,0.012591281578097137
13因子-中性化,2023-02-24,100,0.023779831587297132,0.16,0.08,0.00024,0.02353983158729713
13因子-中性化,2023-03-03,100,-0.027137284312254584,0.12,0.06,0.00017999999999999998,-0.027317284312254584
13因子-中性化,2023-03-10,100,0.012177169912640569,0.18,0.09,0.00027,0.01190716991264057
13因子-中性化,2023-03-17,100,0.018835203238783342,0.14,0.07,0.00021000000000000004,0.018625203238783344
13因子-中性化,2023-03-24,100,0.0016085131334491942,0.2,0.1,0.00030000000000000003,0.0013085131334491943
13因子-中性化,2023-03-31,100,0.006030532656849486,0.4,0.2,0.0006000000000000001,0.005430532656849486
13因子-中性化,2023-04-10,100,0.010954129520335558,0.18,0.09,0.00027,0.010684129520335558
13因子-中性化,2023-04-17,100,-0.04334451390037257,0.14,0.07,0.00021000000000000004,-0.04355451390037257
13因子-中性化,2023-04-24,100,0.01023326885116823,0.34,0.17,0.00051,0.00972326885116823
13因子-中性化,2023-05-04,100,-0.012120192261417266,0.92,0.46,0.0013800000000000002,-0.013500192261417267
13因子-中性化,2023-05-11,100,-0.015397987872147216,0.1,0.05,0.00015000000000000001,-0.015547987872147217
13因子-中性化,2023-05-18,100,-0.01872337520215398,0.18,0.09,0.00027,-0.01899337520215398
13因子-中性化,2023-05-25,100,0.011026758496274458,0.04,0.02,6e-05,0.010966758496274459
13因子-中性化,2023-06-01,100,-0.007634261807827829,0.18,0.09,0.00027,-0.007904261807827828
13因子-中性化,2023-06-08,100,0.03606112893472653,0.18,0.09,0.00027,0.03579112893472653
13因子-中性化,2023-06-15,100,-0.03126629627191007,0.12,0.06,0.00017999999999999998,-0.03144629627191007
13因子-中性化,2023-06-26,100,0.019218796123869314,0.14,0.07,0.00021000000000000004,0.019008796123869316
13因子-中性化,2023-07-03,100,-0.0029944235506479556,0.1,0.05,0.00015000000000000001,-0.0031444235506479555
13因子-中性化,2023-07-10,100,0.012205362583967387,0.2,0.1,0.00030000000000000003,0.011905362583967388
13因子-中性化,2023-07-17,100,-0.010298836776492657,0.18,0.09,0.00027,-0.010568836776492656
13因子-中性化,2023-07-24,100,0.04011825514152927,0.26,0.13,0.00039000000000000005,0.03972825514152927
13因子-中性化,2023-07-31,100,-0.011029376266408406,0.24,0.12,0.00035999999999999997,-0.011389376266408405
13因子-中性化,2023-08-07,100,-0.02276574365366107,0.24,0.12,0.00035999999999999997,-0.02312574365366107
13因子-中性化,2023-08-14,100,-0.035928919285337105,0.2,0.1,0.00030000000000000003,-0.036228919285337106
13因子-中性化,2023-08-21,100,-0.008783710533532673,0.26,0.13,0.00039000000000000005,-0.009173710533532673
13因子-中性化,2023-08-28,100,0.03544411601409438,0.42,0.21,0.00063,0.034814116014094384
13因子-中性化,2023-09-04,100,-0.011534020388100093,0.5,0.25,0.00075,-0.012284020388100093
13因子-中性化,2023-09-11,100,-0.010017102787348083,0.12,0.06,0.00017999999999999998,-0.010197102787348082
13因子-中性化,2023-09-18,100,-0.007613183902286924,0.2,0.1,0.00030000000000000003,-0.007913183902286925
13因子-中性化,2023-09-25,100,-0.014627819826775421,0.1,0.05,0.00015000000000000001,-0.014777819826775422
13因子-中性化,2023-10-10,100,-0.009497720794334077,0.2,0.1,0.00030000000000000003,-0.009797720794334077
13因子-中性化,2023-10-17,100,-0.04583775201574112,0.18,0.09,0.00027,-0.04610775201574112
13因子-中性化,2023-10-24,100,0.0324927645142681,0.22,0.11,0.00033,0.032162764514268104
13因子-中性化,2023-10-31,100,0.01579907038813773,0.4,0.2,0.0006000000000000001,0.015199070388137729
13因子-中性化,2023-11-07,100,-0.001736046853507357,0.12,0.06,0.00017999999999999998,-0.001916046853507357
13因子-中性化,2023-11-14,100,0.0002746878469576974,0.1,0.05,0.00015000000000000001,0.0001246878469576974
13因子-中性化,2023-11-21,100,-0.013189046429254803,0.14,0.07,0.00021000000000000004,-0.013399046429254803
13因子-中性化,2023-11-28,100,-0.020264020236151117,0.16,0.08,0.00024,-0.020504020236151117
13因子-中性化,2023-12-05,100,0.017050808176716226,0.16,0.08,0.00024,0.016810808176716225
13因子-中性化,2023-12-12,100,-0.02362101286710593,0.2,0.1,0.00030000000000000003,-0.02392101286710593
13因子-中性化,2023-12-19,100,-0.029335055226831185,0.18,0.09,0.00027,-0.029605055226831184
13因子-中性化,2023-12-26,100,0.0290617321473462,0.18,0.09,0.00027,0.0287917321473462
13因子-中性化,2024-01-03,100,-0.028210910880688896,0.1,0.05,0.00015000000000000001,-0.028360910880688896
13因子-中性化,2024-01-10,100,-0.010660152430771879,0.14,0.07,0.00021000000000000004,-0.01087015243077188
13因子-中性化,2024-01-17,100,-0.010744095949442471,0.12,0.06,0.00017999999999999998,-0.01092409594944247
13因子-中性化,2024-01-24,100,-0.032798419669477046,0.14,0.07,0.00021000000000000004,-0.03300841966947705
13因子-中性化,2024-01-31,100,0.009952432693123618,0.22,0.11,0.00033,0.009622432693123618
13因子-中性化,2024-02-07,100,0.07899294781159184,0.26,0.13,0.00039000000000000005,0.07860294781159184
13因子-中性化,2024-02-22,100,0.0167399529704338,0.16,0.08,0.00024,0.0164999529704338
13因子-中性化,2024-02-29,100,-0.002623731449955464,0.18,0.09,0.00027,-0.002893731449955464
13因子-中性化,2024-03-07,100,0.020692252683980953,0.16,0.08,0.00024,0.020452252683980952
13因子-中性化,2024-03-14,100,0.027313227900420154,0.14,0.07,0.00021000000000000004,0.027103227900420156
13因子-中性化,2024-03-21,100,-0.03494565276828732,0.18,0.09,0.00027,-0.03521565276828732
13因子-中性化,2024-03-28,100,0.006439783890447672,0.3,0.15,0.00045,0.0059897838904476725
13因子-中性化,2024-04-08,100,0.001771784224453028,0.24,0.12,0.00035999999999999997,0.001411784224453028
13因子-中性化,2024-04-15,100,-0.011331412086643552,0.2,0.1,0.00030000000000000003,-0.011631412086643552
13因子-中性化,2024-04-22,100,0.02983604453418975,0.3,0.15,0.00045,0.02938604453418975
13因子-中性化,2024-04-29,100,0.02172135494730693,0.88,0.44,0.00132,0.02040135494730693
13因子-中性化,2024-05-09,100,-0.009589745192877953,0.9400000000000001,0.47000000000000003,0.00141,-0.010999745192877953
13因子-中性化,2024-05-16,100,-0.015967010862494354,0.2,0.1,0.00030000000000000003,-0.016267010862494356
13因子-中性化,2024-05-23,100,-0.010509028751631164,0.14,0.07,0.00021000000000000004,-0.010719028751631164
13因子-中性化,2024-05-30,100,-0.02182485287430283,0.16,0.08,0.00024,-0.02206485287430283
13因子-中性化,2024-06-06,100,0.012235363934269121,0.2,0.1,0.00030000000000000003,0.011935363934269121
13因子-中性化,2024-06-14,100,-0.022582259696317344,0.2,0.1,0.00030000000000000003,-0.022882259696317346
13因子-中性化,2024-06-21,100,-0.021748086443463096,0.22,0.11,0.00033,-0.022078086443463096
13因子-中性化,2024-06-28,100,-0.019114612620359964,0.14,0.07,0.00021000000000000004,-0.019324612620359963
13因子-中性化,2024-07-05,100,0.009439107348137589,0.14,0.07,0.00021000000000000004,0.009229107348137588
13因子-中性化,2024-07-12,100,0.003868654876040355,0.14,0.07,0.00021000000000000004,0.0036586548760403547
13因子-中性化,2024-07-19,100,-0.025874498586967283,0.1,0.05,0.00015000000000000001,-0.026024498586967284
13因子-中性化,2024-07-26,100,0.01355711238893716,0.12,0.06,0.00017999999999999998,0.01337711238893716
13因子-中性化,2024-08-02,100,-0.014171377954092693,0.14,0.07,0.00021000000000000004,-0.014381377954092693
13因子-中性化,2024-08-09,100,-0.006649688426449509,0.16,0.08,0.00024,-0.006889688426449509
13因子-中性化,2024-08-16,100,-0.030640591940373055,0.28,0.14,0.00042000000000000007,-0.031060591940373056
13因子-中性化,2024-08-23,100,0.028475543952480763,0.32,0.16,0.00048,0.027995543952480762
13因子-中性化,2024-08-30,100,-0.030283460673649967,0.54,0.27,0.0008100000000000001,-0.03109346067364997
13因子-中性化,2024-09-06,100,-0.014501572380823034,0.3,0.15,0.00045,-0.014951572380823034
13因子-中性化,2024-09-13,100,0.06100142570506404,0.14,0.07,0.00021000000000000004,0.06079142570506404
13因子-中性化,2024-09-24,100,0.30136194074722455,0.18,0.09,0.00027,0.30109194074722456
13因子-中性化,2024-10-08,100,-0.10928318091134219,0.26,0.13,0.00039000000000000005,-0.10967318091134219
13因子-中性化,2024-10-15,100,0.034531524234558984,0.24,0.12,0.00035999999999999997,0.034171524234558985
13因子-中性化,2024-10-22,100,0.008136373553667139,0.24,0.12,0.00035999999999999997,0.007776373553667139
13因子-中性化,2024-10-29,100,0.021172488518567026,0.42,0.21,0.00063,0.020542488518567027
13因子-中性化,2024-11-05,100,0.023197600017528727,0.38,0.19,0.00057,0.022627600017528726
13因子-中性化,2024-11-12,100,-0.026123613953397292,0.16,0.08,0.00024,-0.026363613953397293
13因子-中性化,2024-11-19,100,-0.03275890738793866,0.14,0.07,0.00021000000000000004,-0.03296890738793866
13因子-中性化,2024-11-26,100,0.038328034258350824,0.22,0.11,0.00033,0.03799803425835083
13因子-中性化,2024-12-03,100,0.01645139443767426,0.18,0.09,0.00027,0.01618139443767426
13因子-中性化,2024-12-10,100,-0.0064815987922403695,0.14,0.07,0.00021000000000000004,-0.00669159879224037
13因子-中性化,2024-12-17,100,0.007461471868600744,0.22,0.11,0.00033,0.007131471868600744
13因子-中性化,2024-12-24,100,-0.01436824782134965,0.18,0.09,0.00027,-0.01463824782134965
13因子-中性化,2024-12-31,100,-0.03901338525112238,0.16,0.08,0.00024,-0.039253385251122375
13因子-中性化,2025-01-08,100,0.0024140181967706787,0.14,0.07,0.00021000000000000004,0.0022040181967706786
13因子-中性化,2025-01-15,100,0.00803015850248593,0.12,0.06,0.00017999999999999998,0.00785015850248593
13因子-中性化,2025-01-22,100,0.017928596849126593,0.12,0.06,0.00017999999999999998,0.017748596849126594
13因子-中性化,2025-02-06,100,0.022992336634154908,0.18,0.09,0.00027,0.02272233663415491
13因子-中性化,2025-02-13,100,0.00376152329337221,0.22,0.11,0.00033,0.00343152329337221
13因子-中性化,2025-02-20,100,0.006865545382660907,0.14,0.07,0.00021000000000000004,0.006655545382660907
13因子-中性化,2025-02-27,100,0.005883493450785194,0.16,0.08,0.00024,0.005643493450785194
13因子-中性化,2025-03-06,100,-0.0046932083982149705,0.16,0.08,0.00024,-0.00493320839821497
13因子-中性化,2025-03-13,100,0.012526941192587912,0.1,0.05,0.00015000000000000001,0.012376941192587912
13因子-中性化,2025-03-20,100,-0.005898459750968101,0.28,0.14,0.00042000000000000007,-0.006318459750968101
13因子-中性化,2025-03-27,100,-0.017491647180867688,0.26,0.13,0.00039000000000000005,-0.01788164718086769
13因子-中性化,2025-04-03,100,-0.03837989333719516,0.3,0.15,0.00045,-0.03882989333719516
13因子-中性化,2025-04-11,100,0.0020160380065985107,0.32,0.16,0.00048,0.0015360380065985108
13因子-中性化,2025-04-18,100,0.01503578339047889,0.28,0.14,0.00042000000000000007,0.014615783390478889
13因子-中性化,2025-04-25,100,0.009965938900814942,0.64,0.32,0.00096,0.009005938900814942
13因子-中性化,2025-05-07,100,0.017538366314463417,0.96,0.48,0.0014399999999999999,0.016098366314463416
13因子-中性化,2025-05-14,100,-0.0018304643102286988,0.12,0.06,0.00017999999999999998,-0.0020104643102286986
13因子-中性化,2025-05-21,100,-0.015034789605331627,0.14,0.07,0.00021000000000000004,-0.015244789605331627
13因子-中性化,2025-05-28,100,0.01652059046052169,0.12,0.06,0.00017999999999999998,0.01634059046052169
13因子-中性化,2025-06-05,100,0.014319947538432812,0.12,0.06,0.00017999999999999998,0.014139947538432812
13因子-中性化,2025-06-12,100,-0.028780513492610613,0.12,0.06,0.00017999999999999998,-0.028960513492610612
13因子-中性化,2025-06-19,100,0.02429282996233596,0.2,0.1,0.00030000000000000003,0.023992829962335958
13因子-中性化,2025-06-26,100,0.020297162902602396,0.22,0.11,0.00033,0.019967162902602396
13因子-中性化,2025-07-03,100,0.01631271698504334,0.18,0.09,0.00027,0.01604271698504334
13因子-中性化,2025-07-10,100,0.006845719628529956,0.16,0.08,0.00024,0.006605719628529956
13因子-中性化,2025-07-17,100,0.0336497627138602,0.16,0.08,0.00024,0.0334097627138602
13因子-中性化,2025-07-24,100,-0.01424796266005104,0.2,0.1,0.00030000000000000003,-0.01454796266005104
13因子-中性化,2025-07-31,100,0.01887816130000324,0.22,0.11,0.00033,0.018548161300003238
13因子-中性化,2025-08-07,100,0.019328249765466494,0.2,0.1,0.00030000000000000003,0.019028249765466493
13因子-中性化,2025-08-14,100,0.03946637060723091,0.18,0.09,0.00027,0.03919637060723091
13因子-中性化,2025-08-21,100,0.026402430815353872,0.28,0.14,0.00042000000000000007,0.025982430815353872
13因子-中性化,2025-08-28,100,-0.018219582027660487,0.5,0.25,0.00075,-0.018969582027660487
13因子-中性化,2025-09-04,100,0.042478486422784324,0.44,0.22,0.00066,0.04181848642278432
13因子-中性化,2025-09-11,100,-0.013488476105181415,0.06,0.03,8.999999999999999e-05,-0.013578476105181415
13因子-中性化,2025-09-18,100,0.018161807244530412,0.12,0.06,0.00017999999999999998,0.017981807244530412
13因子-中性化,2025-09-25,100,0.004085583231350084,0.2,0.1,0.00030000000000000003,0.0037855832313500844
13因子-中性化,2025-10-10,100,-0.036660020525508756,0.12,0.06,0.00017999999999999998,-0.036840020525508756
13因子-中性化,2025-10-17,100,0.026983107998412595,0.24,0.12,0.00035999999999999997,0.026623107998412596
13因子-中性化,2025-10-24,100,0.002331272368578046,0.2,0.1,0.00030000000000000003,0.002031272368578046
13因子-中性化,2025-10-31,100,0.010785470151297319,0.38,0.19,0.00057,0.01021547015129732
13因子-中性化,2025-11-07,100,0.0010337913040280834,0.18,0.09,0.00027,0.0007637913040280833
13因子-中性化,2025-11-14,100,-0.04253113200474859,0.16,0.08,0.00024,-0.04277113200474859
13因子-中性化,2025-11-21,100,0.019258153666120752,0.14,0.07,0.00021000000000000004,0.019048153666120754
13因子-中性化,2025-11-28,100,0.011337686916971628,0.12,0.06,0.00017999999999999998,0.011157686916971629
13因子-中性化,2025-12-05,100,0.003523100329722204,0.14,0.07,0.00021000000000000004,0.0033131003297222038
13因子-中性化,2025-12-12,100,0.005662763675257927,0.16,0.08,0.00024,0.005422763675257927
13因子-中性化,2025-12-19,100,0.009868423880999589,0.14,0.07,0.00021000000000000004,0.009658423880999589
13因子-中性化,2025-12-26,100,0.028034430188785483,0.16,0.08,0.00024,0.027794430188785482
13因子-中性化,2026-01-06,100,0.019272943512051322,0.2,0.1,0.00030000000000000003,0.01897294351205132
13因子-中性化,2026-01-13,100,0.009785205178194959,0.26,0.13,0.00039000000000000005,0.009395205178194959
13因子-中性化,2026-01-20,100,0.006221537584263224,0.18,0.09,0.00027,0.0059515375842632235
13因子-中性化,2026-01-27,100,-0.006106856209770675,0.14,0.07,0.00021000000000000004,-0.006316856209770675
13因子-中性化,2026-02-03,100,0.012640686676996162,0.16,0.08,0.00024,0.012400686676996162
13因子-中性化,2026-02-10,100,0.005466792050849984,0.12,0.06,0.00017999999999999998,0.005286792050849984
13因子-中性化,2026-02-25,100,-0.01933270379020833,0.14,0.07,0.00021000000000000004,-0.019542703790208327
13因子-中性化,2026-03-04,100,0.02401522355454983,0.16,0.08,0.00024,0.023775223554549828
13因子-中性化,2026-03-11,100,-0.023024730243321002,0.22,0.11,0.00033,-0.023354730243321003
13因子-中性化,2026-03-18,100,-0.036499745288608755,0.12,0.06,0.00017999999999999998,-0.036679745288608755
13因子-中性化,2026-03-25,100,-0.0010510357275651271,0.18,0.09,0.00027,-0.0013210357275651272
13因子-中性化,2026-04-01,100,0.0009720460278954857,0.3,0.15,0.00045,0.0005220460278954857
13因子-中性化,2026-04-09,100,0.023889761771356884,0.14,0.07,0.00021000000000000004,0.023679761771356885
13因子-中性化,2026-04-16,100,-0.002772237546177848,0.18,0.09,0.00027,-0.003042237546177848
13因子-中性化,2026-04-23,100,9.503692819030186e-05,0.3,0.15,0.00045,-0.00035496307180969813
13因子-中性化,2026-04-30,100,0.021486264782202197,0.74,0.37,0.00111,0.020376264782202197
13因子-中性化,2026-05-12,100,-0.02156573940917198,0.12,0.06,0.00017999999999999998,-0.02174573940917198
13因子-中性化,2026-05-19,100,-0.004024773152294838,0.12,0.06,0.00017999999999999998,-0.0042047731522948375
13因子-中性化,2026-05-26,100,-0.011498320363284248,0.12,0.06,0.00017999999999999998,-0.011678320363284247
13因子-中性化,2026-06-02,100,-0.047388095162083255,0.12,0.06,0.00017999999999999998,-0.047568095162083254
13因子-中性化,2026-06-09,100,0.0020957767373602763,0.08,0.04,0.00012,0.0019757767373602764
13因子-中性化,2026-06-16,100,-0.014554123836030799,0.12,0.06,0.00017999999999999998,-0.014734123836030798
13因子-中性化,2026-06-24,100,-0.0074296936137342885,0.1,0.05,0.00015000000000000001,-0.007579693613734288
13因子-中性化,2026-07-01,100,-0.019558024169919596,0.12,0.06,0.00017999999999999998,-0.019738024169919596
13因子-中性化,2026-07-08,100,0.021035345746706704,0.18,0.09,0.00027,0.020765345746706704
13因子-中性化,2026-07-15,100,0.0038479723117819855,0.14,0.07,0.00021000000000000004,0.0036379723117819854
13因子-中性化,2026-07-22,100,0.004722082840380012,0.12,0.06,0.00017999999999999998,0.004542082840380012
13因子-反向Bottom100,2015-01-05,100,-0.02374704283239966,1.0,1.0,0.0015,-0.02524704283239966
13因子-反向Bottom100,2015-01-12,100,-0.010666777715680111,0.6,0.3,0.0009,-0.011566777715680111
13因子-反向Bottom100,2015-01-19,100,0.09049198506194094,0.42,0.21,0.00063,0.08986198506194093
13因子-反向Bottom100,2015-01-26,100,-0.03209197965548978,0.64,0.32,0.00096,-0.03305197965548978
13因子-反向Bottom100,2015-02-02,100,-0.026857438555132437,0.68,0.34,0.00102,-0.027877438555132437
13因子-反向Bottom100,2015-02-09,100,0.0788975494830633,0.54,0.27,0.0008100000000000001,0.07808754948306329
13因子-反向Bottom100,2015-02-16,100,0.05164002092942847,0.4,0.2,0.0006000000000000001,0.05104002092942847
13因子-反向Bottom100,2015-03-02,100,0.015358729034791675,0.48,0.24,0.0007199999999999999,0.014638729034791674
13因子-反向Bottom100,2015-03-09,100,0.05344106143290004,0.66,0.33,0.00099,0.05245106143290004
13因子-反向Bottom100,2015-03-16,100,0.09081310111695043,0.48,0.24,0.0007199999999999999,0.09009310111695043
13因子-反向Bottom100,2015-03-23,100,0.01202741559942361,0.58,0.29,0.00087,0.01115741559942361
13因子-反向Bottom100,2015-03-30,100,0.090537244523551,0.58,0.29,0.00087,0.089667244523551
13因子-反向Bottom100,2015-04-07,100,0.01983719154297773,0.4,0.2,0.0006000000000000001,0.01923719154297773
13因子-反向Bottom100,2015-04-14,100,-0.01867835356698741,0.42,0.21,0.00063,-0.01930835356698741
13因子-反向Bottom100,2015-04-21,100,0.01714320632378127,0.62,0.31,0.00093,0.01621320632378127
13因子-反向Bottom100,2015-04-28,100,-0.023242877862764865,0.76,0.38,0.00114,-0.024382877862764864
13因子-反向Bottom100,2015-05-06,100,0.09749282645243447,0.86,0.43,0.00129,0.09620282645243447
13因子-反向Bottom100,2015-05-13,100,0.07111841942522167,0.52,0.26,0.0007800000000000001,0.07033841942522166
13因子-反向Bottom100,2015-05-20,100,0.17203645527956238,0.52,0.26,0.0007800000000000001,0.17125645527956238
13因子-反向Bottom100,2015-05-27,100,0.05532169664911111,0.5,0.25,0.00075,0.05457169664911111
13因子-反向Bottom100,2015-06-03,100,0.02338513169536835,0.44,0.22,0.00066,0.02272513169536835
13因子-反向Bottom100,2015-06-10,100,0.00490694291373499,0.5,0.25,0.00075,0.00415694291373499
13因子-反向Bottom100,2015-06-17,100,-0.12622547953777402,0.56,0.28,0.0008400000000000001,-0.12706547953777403
13因子-反向Bottom100,2015-06-25,100,-0.2650268428445635,0.42,0.21,0.00063,-0.26565684284456353
13因子-反向Bottom100,2015-07-02,100,-0.22544224618741013,0.46,0.23,0.0006900000000000001,-0.22613224618741012
13因子-反向Bottom100,2015-07-09,100,0.08552587322599368,0.84,0.42,0.00126,0.08426587322599369
13因子-反向Bottom100,2015-07-16,100,0.21689831333582657,0.76,0.38,0.00114,0.21575831333582657
13因子-反向Bottom100,2015-07-23,100,-0.11186423122508402,0.56,0.28,0.0008400000000000001,-0.11270423122508401
13因子-反向Bottom100,2015-07-30,100,-0.032936558966768954,0.44,0.22,0.00066,-0.033596558966768955
13因子-反向Bottom100,2015-08-06,100,0.15267490354057006,0.48,0.24,0.0007199999999999999,0.15195490354057006
13因子-反向Bottom100,2015-08-13,100,-0.0661357577758343,0.58,0.29,0.00087,-0.0670057577758343
13因子-反向Bottom100,2015-08-20,100,-0.2648934229893392,0.6,0.3,0.0009,-0.2657934229893392
13因子-反向Bottom100,2015-08-27,100,-0.10159483717543807,0.42,0.21,0.00063,-0.10222483717543808
13因子-反向Bottom100,2015-09-07,100,0.0327824076318962,0.46,0.23,0.0006900000000000001,0.0320924076318962
13因子-反向Bottom100,2015-09-14,100,0.05526685317956151,0.48,0.24,0.0007199999999999999,0.05454685317956151
13因子-反向Bottom100,2015-09-21,100,0.0012619365291842177,0.5,0.25,0.00075,0.0005119365291842177
13因子-反向Bottom100,2015-09-28,100,0.07642768251960158,0.56,0.28,0.0008400000000000001,0.07558768251960159
13因子-反向Bottom100,2015-10-12,100,0.09959484996014062,0.56,0.28,0.0008400000000000001,0.09875484996014063
13因子-反向Bottom100,2015-10-19,100,0.027821568691153778,0.44,0.22,0.00066,0.027161568691153777
13因子-反向Bottom100,2015-10-26,100,-0.05752213517908537,0.52,0.26,0.0007800000000000001,-0.05830213517908537
13因子-反向Bottom100,2015-11-02,100,0.10274438478534517,0.64,0.32,0.00096,0.10178438478534517
13因子-反向Bottom100,2015-11-09,100,0.03512881400001391,0.5,0.25,0.00075,0.034378814000013906
13因子-反向Bottom100,2015-11-16,100,0.0017835552444700963,0.46,0.23,0.0006900000000000001,0.0010935552444700963
13因子-反向Bottom100,2015-11-23,100,-0.0292241489581918,0.62,0.31,0.00093,-0.0301541489581918
13因子-反向Bottom100,2015-11-30,100,0.028197490920580295,0.46,0.23,0.0006900000000000001,0.027507490920580295
13因子-反向Bottom100,2015-12-07,100,-0.035552242314348365,0.4,0.2,0.0006000000000000001,-0.03615224231434837
13因子-反向Bottom100,2015-12-14,100,0.06900549786671883,0.46,0.23,0.0006900000000000001,0.06831549786671884
13因子-反向Bottom100,2015-12-21,100,-0.04309941410499718,0.54,0.27,0.0008100000000000001,-0.04390941410499718
13因子-反向Bottom100,2015-12-28,100,-0.11788220958781924,0.52,0.26,0.0007800000000000001,-0.11866220958781924
13因子-反向Bottom100,2016-01-05,100,-0.12822276333572213,0.5,0.25,0.00075,-0.12897276333572213
13因子-反向Bottom100,2016-01-12,100,0.02272824219446524,0.4,0.2,0.0006000000000000001,0.022128242194465242
13因子-反向Bottom100,2016-01-19,100,-0.09725033423258854,0.5,0.25,0.00075,-0.09800033423258854
13因子-反向Bottom100,2016-01-26,100,-0.025614946425610696,0.5,0.25,0.00075,-0.026364946425610696
13因子-反向Bottom100,2016-02-02,100,0.08008175777263431,0.52,0.26,0.0007800000000000001,0.0793017577726343
13因子-反向Bottom100,2016-02-16,100,0.04444801200580439,0.44,0.22,0.00066,0.043788012005804386
13因子-反向Bottom100,2016-02-23,100,-0.14080775376876797,0.46,0.23,0.0006900000000000001,-0.14149775376876797
13因子-反向Bottom100,2016-03-01,100,0.03530834941888414,0.64,0.32,0.00096,0.034348349418884136
13因子-反向Bottom100,2016-03-08,100,-0.021777722492930533,0.4,0.2,0.0006000000000000001,-0.022377722492930532
13因子-反向Bottom100,2016-03-15,100,0.11594279688578307,0.34,0.17,0.00051,0.11543279688578308
13因子-反向Bottom100,2016-03-22,100,-0.0359951263869819,0.42,0.21,0.00063,-0.0366251263869819
13因子-反向Bottom100,2016-03-29,100,0.07955461608013152,0.54,0.27,0.0008100000000000001,0.07874461608013152
13因子-反向Bottom100,2016-04-06,100,-0.02045911838980543,0.56,0.28,0.0008400000000000001,-0.02129911838980543
13因子-反向Bottom100,2016-04-13,100,-0.04468538677140755,0.38,0.19,0.00057,-0.04525538677140755
13因子-反向Bottom100,2016-04-20,100,-0.011592920097289662,0.48,0.24,0.0007199999999999999,-0.012312920097289662
13因子-反向Bottom100,2016-04-27,100,0.039123038839354744,0.8200000000000001,0.41000000000000003,0.0012300000000000002,0.03789303883935474
13因子-反向Bottom100,2016-05-05,100,-0.13138117691682094,0.74,0.37,0.00111,-0.13249117691682094
13因子-反向Bottom100,2016-05-12,100,0.005837617548434124,0.42,0.21,0.00063,0.005207617548434124
13因子-反向Bottom100,2016-05-19,100,0.02154914977709407,0.44,0.22,0.00066,0.02088914977709407
13因子-反向Bottom100,2016-05-26,100,0.06069702361842838,0.52,0.26,0.0007800000000000001,0.05991702361842838
13因子-反向Bottom100,2016-06-02,100,-0.05959578702398405,0.54,0.27,0.0008100000000000001,-0.060405787023984046
13因子-反向Bottom100,2016-06-13,100,0.07229195779473425,0.58,0.29,0.00087,0.07142195779473426
13因子-反向Bottom100,2016-06-20,100,0.0050030277030645165,0.44,0.22,0.00066,0.0043430277030645165
13因子-反向Bottom100,2016-06-27,100,0.016712726385748087,0.52,0.26,0.0007800000000000001,0.015932726385748087
13因子-反向Bottom100,2016-07-04,100,0.0007802215609083119,0.46,0.23,0.0006900000000000001,9.02215609083118e-05
13因子-反向Bottom100,2016-07-11,100,-0.004617052878547615,0.54,0.27,0.0008100000000000001,-0.005427052878547615
13因子-反向Bottom100,2016-07-18,100,-0.01332701724420095,0.44,0.22,0.00066,-0.013987017244200949
13因子-反向Bottom100,2016-07-25,100,-0.07384925165030441,0.48,0.24,0.0007199999999999999,-0.07456925165030441
13因子-反向Bottom100,2016-08-01,100,0.022810538425530918,0.44,0.22,0.00066,0.022150538425530917
13因子-反向Bottom100,2016-08-08,100,0.04233951782886491,0.6,0.3,0.0009,0.04143951782886491
13因子-反向Bottom100,2016-08-15,100,-0.0009689666516184203,0.6,0.3,0.0009,-0.0018689666516184204
13因子-反向Bottom100,2016-08-22,100,-0.003411039754810371,0.58,0.29,0.00087,-0.004281039754810371
13因子-反向Bottom100,2016-08-29,100,-0.005469400410113923,0.58,0.29,0.00087,-0.006339400410113923
13因子-反向Bottom100,2016-09-05,100,-0.030099420080397617,0.54,0.27,0.0008100000000000001,-0.03090942008039762
13因子-反向Bottom100,2016-09-12,100,0.02381726235257303,0.34,0.17,0.00051,0.02330726235257303
13因子-反向Bottom100,2016-09-21,100,-0.02359393767232884,0.48,0.24,0.0007199999999999999,-0.02431393767232884
13因子-反向Bottom100,2016-09-28,100,0.05578838380230894,0.44,0.22,0.00066,0.05512838380230894
13因子-反向Bottom100,2016-10-12,100,0.01850760285595725,0.4,0.2,0.0006000000000000001,0.01790760285595725
13因子-反向Bottom100,2016-10-19,100,-0.0072074634034858046,0.5,0.25,0.00075,-0.007957463403485805
13因子-反向Bottom100,2016-10-26,100,0.0004044848882224927,0.58,0.29,0.00087,-0.0004655151117775073
13因子-反向Bottom100,2016-11-02,100,0.015753625416476336,0.52,0.26,0.0007800000000000001,0.014973625416476337
13因子-反向Bottom100,2016-11-09,100,0.010858967406043083,0.38,0.19,0.00057,0.010288967406043084
13因子-反向Bottom100,2016-11-16,100,-0.01187306343724409,0.5,0.25,0.00075,-0.01262306343724409
13因子-反向Bottom100,2016-11-23,100,-0.05265496199464863,0.42,0.21,0.00063,-0.053284961994648626
13因子-反向Bottom100,2016-11-30,100,-0.008277721173713058,0.4,0.2,0.0006000000000000001,-0.008877721173713058
13因子-反向Bottom100,2016-12-07,100,-0.07073619848147833,0.42,0.21,0.00063,-0.07136619848147834
13因子-反向Bottom100,2016-12-14,100,0.02759287495137422,0.52,0.26,0.0007800000000000001,0.02681287495137422
13因子-反向Bottom100,2016-12-21,100,-0.007717041127963744,0.58,0.29,0.00087,-0.008587041127963744
13因子-反向Bottom100,2016-12-28,100,0.020615659789016538,0.5,0.25,0.00075,0.019865659789016537
13因子-反向Bottom100,2017-01-05,100,-0.03855065455151311,0.36,0.18,0.00054,-0.03909065455151311
13因子-反向Bottom100,2017-01-12,100,-0.08025403030467743,0.42,0.21,0.00063,-0.08088403030467743
13因子-反向Bottom100,2017-01-19,100,0.017213953104077296,0.36,0.18,0.00054,0.016673953104077297
13因子-反向Bottom100,2017-01-26,100,0.04993802814143978,0.42,0.21,0.00063,0.04930802814143978
13因子-反向Bottom100,2017-02-09,100,-0.018012022843999064,0.42,0.21,0.00063,-0.018642022843999063
13因子-反向Bottom100,2017-02-16,100,-0.018526443451898852,0.52,0.26,0.0007800000000000001,-0.01930644345189885
13因子-反向Bottom100,2017-02-23,100,-0.013490738769615707,0.42,0.21,0.00063,-0.014120738769615707
13因子-反向Bottom100,2017-03-02,100,-0.0045396985247996855,0.36,0.18,0.00054,-0.005079698524799685
13因子-反向Bottom100,2017-03-09,100,0.016777632522913134,0.5,0.25,0.00075,0.016027632522913133
13因子-反向Bottom100,2017-03-16,100,-0.02143771336636136,0.48,0.24,0.0007199999999999999,-0.022157713366361357
13因子-反向Bottom100,2017-03-23,100,-0.04986769117052783,0.52,0.26,0.0007800000000000001,-0.05064769117052783
13因子-反向Bottom100,2017-03-30,100,-0.033738788189082644,0.56,0.28,0.0008400000000000001,-0.034578788189082645
13因子-反向Bottom100,2017-04-10,100,-0.06480558975642195,0.62,0.31,0.00093,-0.06573558975642195
13因子-反向Bottom100,2017-04-17,100,-0.09738242067345397,0.5,0.25,0.00075,-0.09813242067345397
13因子-反向Bottom100,2017-04-24,100,0.08408212551404773,0.52,0.26,0.0007800000000000001,0.08330212551404773
13因子-反向Bottom100,2017-05-02,100,-0.06306488766402428,0.8200000000000001,0.41000000000000003,0.0012300000000000002,-0.06429488766402428
13因子-反向Bottom100,2017-05-09,100,0.02957153224889606,0.38,0.19,0.00057,0.02900153224889606
13因子-反向Bottom100,2017-05-16,100,-0.09140506479889837,0.3,0.15,0.00045,-0.09185506479889838
13因子-反向Bottom100,2017-05-23,100,-0.03719266145488104,0.36,0.18,0.00054,-0.037732661454881036
13因子-反向Bottom100,2017-06-01,100,0.08201258333544029,0.3,0.15,0.00045,0.08156258333544028
13因子-反向Bottom100,2017-06-08,100,-0.0053086930104385595,0.4,0.2,0.0006000000000000001,-0.005908693010438559
13因子-反向Bottom100,2017-06-15,100,-0.028611690311216867,0.42,0.21,0.00063,-0.029241690311216866
13因子-反向Bottom100,2017-06-22,100,-0.008433066435481019,0.32,0.16,0.00048,-0.008913066435481018
13因子-反向Bottom100,2017-06-29,100,0.012996960435358642,0.36,0.18,0.00054,0.012456960435358641
13因子-反向Bottom100,2017-07-06,100,-0.036991678209005674,0.36,0.18,0.00054,-0.03753167820900567
13因子-反向Bottom100,2017-07-13,100,-0.051129330276322785,0.5,0.25,0.00075,-0.051879330276322785
13因子-反向Bottom100,2017-07-20,100,0.011261637387622416,0.46,0.23,0.0006900000000000001,0.010571637387622417
13因子-反向Bottom100,2017-07-27,100,0.00183241908474445,0.46,0.23,0.0006900000000000001,0.00114241908474445
13因子-反向Bottom100,2017-08-03,100,-0.013272834957634143,0.46,0.23,0.0006900000000000001,-0.013962834957634142
13因子-反向Bottom100,2017-08-10,100,0.01297259674957059,0.5,0.25,0.00075,0.01222259674957059
13因子-反向Bottom100,2017-08-17,100,-0.0318237301949512,0.46,0.23,0.0006900000000000001,-0.032513730194951206
13因子-反向Bottom100,2017-08-24,100,0.027702070983423782,0.46,0.23,0.0006900000000000001,0.027012070983423783
13因子-反向Bottom100,2017-08-31,100,0.011127035269371519,0.58,0.29,0.00087,0.01025703526937152
13因子-反向Bottom100,2017-09-07,100,0.012981067929264145,0.56,0.28,0.0008400000000000001,0.012141067929264145
13因子-反向Bottom100,2017-09-14,100,-0.025528127941627062,0.7000000000000001,0.35000000000000003,0.0010500000000000002,-0.02657812794162706
13因子-反向Bottom100,2017-09-21,100,-0.026637229664894943,0.56,0.28,0.0008400000000000001,-0.027477229664894944
13因子-反向Bottom100,2017-09-28,100,0.01052328978391226,0.46,0.23,0.0006900000000000001,0.00983328978391226
13因子-反向Bottom100,2017-10-12,100,-0.08098241796156408,0.5,0.25,0.00075,-0.08173241796156408
13因子-反向Bottom100,2017-10-19,100,0.015228554443508341,0.58,0.29,0.00087,0.014358554443508342
13因子-反向Bottom100,2017-10-26,100,-0.06013446372672827,0.5,0.25,0.00075,-0.06088446372672827
13因子-反向Bottom100,2017-11-02,100,0.016531856367715026,0.44,0.22,0.00066,0.015871856367715025
13因子-反向Bottom100,2017-11-09,100,-0.04033723418184446,0.48,0.24,0.0007199999999999999,-0.04105723418184446
13因子-反向Bottom100,2017-11-16,100,-0.08495419737818527,0.5,0.25,0.00075,-0.08570419737818527
13因子-反向Bottom100,2017-11-23,100,-0.018882571217896327,0.48,0.24,0.0007199999999999999,-0.019602571217896325
13因子-反向Bottom100,2017-11-30,100,-0.02813956454554345,0.42,0.21,0.00063,-0.028769564545543448
13因子-反向Bottom100,2017-12-07,100,0.018138368761565504,0.38,0.19,0.00057,0.017568368761565503
13因子-反向Bottom100,2017-12-14,100,-0.00953643388110102,0.54,0.27,0.0008100000000000001,-0.01034643388110102
13因子-反向Bottom100,2017-12-21,100,-0.0314492554747285,0.48,0.24,0.0007199999999999999,-0.0321692554747285
13因子-反向Bottom100,2017-12-28,100,0.02923146925612298,0.44,0.22,0.00066,0.02857146925612298
13因子-反向Bottom100,2018-01-05,100,-0.01919462886441457,0.44,0.22,0.00066,-0.01985462886441457
13因子-反向Bottom100,2018-01-12,100,-0.04606490697024264,0.58,0.29,0.00087,-0.04693490697024264
13因子-反向Bottom100,2018-01-19,100,-0.0018857155604160526,0.5,0.25,0.00075,-0.0026357155604160524
13因子-反向Bottom100,2018-01-26,100,-0.13807425818276925,0.46,0.23,0.0006900000000000001,-0.13876425818276925
13因子-反向Bottom100,2018-02-02,100,-0.07980221812382009,0.58,0.29,0.00087,-0.08067221812382008
13因子-反向Bottom100,2018-02-09,100,0.0634590754901219,0.66,0.33,0.00099,0.06246907549012191
13因子-反向Bottom100,2018-02-23,100,0.05359764900758677,0.5,0.25,0.00075,0.05284764900758677
13因子-反向Bottom100,2018-03-02,100,0.04258551575956734,0.6,0.3,0.0009,0.04168551575956734
13因子-反向Bottom100,2018-03-09,100,-0.002683724405942355,0.54,0.27,0.0008100000000000001,-0.003493724405942355
13因子-反向Bottom100,2018-03-16,100,-0.080220874239148,0.52,0.26,0.0007800000000000001,-0.08100087423914801
13因子-反向Bottom100,2018-03-23,100,0.051524471903177674,0.58,0.29,0.00087,0.05065447190317767
13因子-反向Bottom100,2018-03-30,100,-0.008710022013016605,0.54,0.27,0.0008100000000000001,-0.009520022013016605
13因子-反向Bottom100,2018-04-10,100,-0.05900591258998312,0.62,0.31,0.00093,-0.05993591258998312
13因子-反向Bottom100,2018-04-17,100,-0.021912630213802783,0.64,0.32,0.00096,-0.022872630213802782
13因子-反向Bottom100,2018-04-24,100,-0.024133796617634425,0.66,0.33,0.00099,-0.025123796617634427
13因子-反向Bottom100,2018-05-03,100,0.05135867931073914,0.72,0.36,0.00108,0.05027867931073914
13因子-反向Bottom100,2018-05-10,100,-0.03483288702072444,0.56,0.28,0.0008400000000000001,-0.03567288702072444
13因子-反向Bottom100,2018-05-17,100,0.03689043828188951,0.54,0.27,0.0008100000000000001,0.03608043828188951
13因子-反向Bottom100,2018-05-24,100,-0.0786660955146065,0.34,0.17,0.00051,-0.0791760955146065
13因子-反向Bottom100,2018-05-31,100,-0.013145832040451761,0.56,0.28,0.0008400000000000001,-0.013985832040451762
13因子-反向Bottom100,2018-06-07,100,-0.017106888550026372,0.44,0.22,0.00066,-0.017766888550026373
13因子-反向Bottom100,2018-06-14,100,-0.12604709213154386,0.36,0.18,0.00054,-0.12658709213154387
13因子-反向Bottom100,2018-06-22,100,0.042770763277083255,0.36,0.18,0.00054,0.04223076327708326
13因子-反向Bottom100,2018-06-29,100,-0.05501899270324505,0.38,0.19,0.00057,-0.05558899270324505
13因子-反向Bottom100,2018-07-06,100,0.030722846373982232,0.42,0.21,0.00063,0.030092846373982234
13因子-反向Bottom100,2018-07-13,100,-0.024852525456811866,0.46,0.23,0.0006900000000000001,-0.025542525456811866
13因子-反向Bottom100,2018-07-20,100,-0.037505566630714166,0.44,0.22,0.00066,-0.038165566630714166
13因子-反向Bottom100,2018-07-27,100,-0.11067878802797061,0.42,0.21,0.00063,-0.11130878802797062
13因子-反向Bottom100,2018-08-03,100,0.009176122720021128,0.4,0.2,0.0006000000000000001,0.008576122720021128
13因子-反向Bottom100,2018-08-10,100,-0.06095770936092586,0.32,0.16,0.00048,-0.06143770936092586
13因子-反向Bottom100,2018-08-17,100,0.004182794548707557,0.42,0.21,0.00063,0.003552794548707557
13因子-反向Bottom100,2018-08-24,100,-0.02037491518691671,0.56,0.28,0.0008400000000000001,-0.021214915186916712
13因子-反向Bottom100,2018-08-31,100,0.01535224402751336,0.62,0.31,0.00093,0.01442224402751336
13因子-反向Bottom100,2018-09-07,100,-0.037949250245024005,0.42,0.21,0.00063,-0.038579250245024004
13因子-反向Bottom100,2018-09-14,100,0.011200023625262196,0.5,0.25,0.00075,0.010450023625262195
13因子-反向Bottom100,2018-09-21,100,-0.07214213556822716,0.58,0.29,0.00087,-0.07301213556822715
13因子-反向Bottom100,2018-10-08,100,-0.07509266269424775,0.38,0.19,0.00057,-0.07566266269424775
13因子-反向Bottom100,2018-10-15,100,-0.006963946134852235,0.66,0.33,0.00099,-0.007953946134852235
13因子-反向Bottom100,2018-10-22,100,-0.023014902029222472,0.44,0.22,0.00066,-0.023674902029222473
13因子-反向Bottom100,2018-10-29,100,0.09058860993720072,0.6,0.3,0.0009,0.08968860993720072
13因子-反向Bottom100,2018-11-05,100,0.0036309768624128557,0.52,0.26,0.0007800000000000001,0.0028509768624128554
13因子-反向Bottom100,2018-11-12,100,0.051219227324647745,0.56,0.28,0.0008400000000000001,0.050379227324647745
13因子-反向Bottom100,2018-11-19,100,-0.09385046013218121,0.5,0.25,0.00075,-0.09460046013218121
13因子-反向Bottom100,2018-11-26,100,-0.008394070631207258,0.64,0.32,0.00096,-0.009354070631207259
13因子-反向Bottom100,2018-12-03,100,-0.05142033609189458,0.4,0.2,0.0006000000000000001,-0.05202033609189458
13因子-反向Bottom100,2018-12-10,100,-0.010462784599657125,0.52,0.26,0.0007800000000000001,-0.011242784599657125
13因子-反向Bottom100,2018-12-17,100,-0.009340483298888574,0.56,0.28,0.0008400000000000001,-0.010180483298888574
13因子-反向Bottom100,2018-12-24,100,-0.026980553441517036,0.54,0.27,0.0008100000000000001,-0.027790553441517037
13因子-反向Bottom100,2019-01-02,100,0.015634442955275954,0.5,0.25,0.00075,0.014884442955275953
13因子-反向Bottom100,2019-01-09,100,-0.0015725604191623,0.44,0.22,0.00066,-0.0022325604191623
13因子-反向Bottom100,2019-01-16,100,-0.018347504770788583,0.48,0.24,0.0007199999999999999,-0.01906750477078858
13因子-反向Bottom100,2019-01-23,100,-0.10396973468028013,0.4,0.2,0.0006000000000000001,-0.10456973468028014
13因子-反向Bottom100,2019-01-30,100,0.07145636326858575,0.44,0.22,0.00066,0.07079636326858575
13因子-反向Bottom100,2019-02-13,100,0.0673980591905553,0.42,0.21,0.00063,0.0667680591905553
13因子-反向Bottom100,2019-02-20,100,0.06078926418166928,0.58,0.29,0.00087,0.05991926418166928
13因子-反向Bottom100,2019-02-27,100,0.10815689999049523,0.78,0.39,0.00117,0.10698689999049522
13因子-反向Bottom100,2019-03-06,100,0.0018620042790725988,0.42,0.21,0.00063,0.0012320042790725989
13因子-反向Bottom100,2019-03-13,100,-0.010080885216662503,0.5,0.25,0.00075,-0.010830885216662504
13因子-反向Bottom100,2019-03-20,100,-0.02908917051487138,0.56,0.28,0.0008400000000000001,-0.02992917051487138
13因子-反向Bottom100,2019-03-27,100,0.04643525897493991,0.62,0.31,0.00093,0.045505258974939906
13因子-反向Bottom100,2019-04-03,100,-0.013359255991646179,0.54,0.27,0.0008100000000000001,-0.014169255991646179
13因子-反向Bottom100,2019-04-11,100,0.009121034826528316,0.6,0.3,0.0009,0.008221034826528317
13因子-反向Bottom100,2019-04-18,100,-0.09311814669125035,0.42,0.21,0.00063,-0.09374814669125035
13因子-反向Bottom100,2019-04-25,100,-0.12040450094387274,0.7000000000000001,0.35000000000000003,0.0010500000000000002,-0.12145450094387274
13因子-反向Bottom100,2019-05-07,100,0.020574829888075987,0.76,0.38,0.00114,0.01943482988807599
13因子-反向Bottom100,2019-05-14,100,-0.01751465424791057,0.58,0.29,0.00087,-0.01838465424791057
13因子-反向Bottom100,2019-05-21,100,-0.022400312675732944,0.48,0.24,0.0007199999999999999,-0.023120312675732942
13因子-反向Bottom100,2019-05-28,100,-0.05474096625318298,0.42,0.21,0.00063,-0.055370966253182975
13因子-反向Bottom100,2019-06-04,100,0.04654723535655892,0.54,0.27,0.0008100000000000001,0.04573723535655892
13因子-反向Bottom100,2019-06-12,100,-0.02939801337750631,0.46,0.23,0.0006900000000000001,-0.03008801337750631
13因子-反向Bottom100,2019-06-19,100,0.007405266449230646,0.44,0.22,0.00066,0.006745266449230646
13因子-反向Bottom100,2019-06-26,100,-0.008162698645458093,0.44,0.22,0.00066,-0.008822698645458094
13因子-反向Bottom100,2019-07-03,100,-0.06179625739672631,0.48,0.24,0.0007199999999999999,-0.06251625739672631
13因子-反向Bottom100,2019-07-10,100,0.001623016115387268,0.46,0.23,0.0006900000000000001,0.0009330161153872679
13因子-反向Bottom100,2019-07-17,100,-0.023035142832910357,0.38,0.19,0.00057,-0.023605142832910358
13因子-反向Bottom100,2019-07-24,100,-0.00604531673550256,0.46,0.23,0.0006900000000000001,-0.00673531673550256
13因子-反向Bottom100,2019-07-31,100,-0.0517826045269129,0.38,0.19,0.00057,-0.0523526045269129
13因子-反向Bottom100,2019-08-07,100,0.011899390808865776,0.38,0.19,0.00057,0.011329390808865776
13因子-反向Bottom100,2019-08-14,100,0.05761303559688156,0.44,0.22,0.00066,0.05695303559688156
13因子-反向Bottom100,2019-08-21,100,-0.01208407854988883,0.46,0.23,0.0006900000000000001,-0.01277407854988883
13因子-反向Bottom100,2019-08-28,100,0.010861298500006122,0.52,0.26,0.0007800000000000001,0.010081298500006122
13因子-反向Bottom100,2019-09-04,100,0.030825393694658244,0.6,0.3,0.0009,0.029925393694658242
13因子-反向Bottom100,2019-09-11,100,-0.0016668623970589058,0.38,0.19,0.00057,-0.0022368623970589058
13因子-反向Bottom100,2019-09-19,100,-0.09903808792534192,0.48,0.24,0.0007199999999999999,-0.09975808792534192
13因子-反向Bottom100,2019-09-26,100,0.016693702840788846,0.54,0.27,0.0008100000000000001,0.015883702840788844
13因子-反向Bottom100,2019-10-10,100,-0.03113342114742247,0.44,0.22,0.00066,-0.03179342114742247
13因子-反向Bottom100,2019-10-17,100,-0.02358173399241192,0.5,0.25,0.00075,-0.02433173399241192
13因子-反向Bottom100,2019-10-24,100,-0.03817576166534119,0.54,0.27,0.0008100000000000001,-0.038985761665341186
13因子-反向Bottom100,2019-10-31,100,0.01562661727183308,0.6,0.3,0.0009,0.01472661727183308
13因子-反向Bottom100,2019-11-07,100,-0.011847553566811619,0.42,0.21,0.00063,-0.012477553566811619
13因子-反向Bottom100,2019-11-14,100,-0.007431248241318995,0.5,0.25,0.00075,-0.008181248241318995
13因子-反向Bottom100,2019-11-21,100,-0.05191949325241205,0.48,0.24,0.0007199999999999999,-0.052639493252412045
13因子-反向Bottom100,2019-11-28,100,0.02529062158872364,0.4,0.2,0.0006000000000000001,0.02469062158872364
13因子-反向Bottom100,2019-12-05,100,0.030631077901929774,0.38,0.19,0.00057,0.030061077901929772
13因子-反向Bottom100,2019-12-12,100,0.04959907622022017,0.44,0.22,0.00066,0.048939076220220167
13因子-反向Bottom100,2019-12-19,100,-0.02745077758471381,0.54,0.27,0.0008100000000000001,-0.028260777584713813
13因子-反向Bottom100,2019-12-26,100,0.007778491994561443,0.46,0.23,0.0006900000000000001,0.0070884919945614425
13因子-反向Bottom100,2020-01-03,100,0.006042921578219879,0.58,0.29,0.00087,0.005172921578219879
13因子-反向Bottom100,2020-01-10,100,0.0032325300626036635,0.62,0.31,0.00093,0.0023025300626036633
13因子-反向Bottom100,2020-01-17,100,-0.11823425049262552,0.54,0.27,0.0008100000000000001,-0.11904425049262553
13因子-反向Bottom100,2020-02-03,100,0.11767588968392573,0.8,0.4,0.0012000000000000001,0.11647588968392572
13因子-反向Bottom100,2020-02-10,100,-0.0074989593857335765,0.54,0.27,0.0008100000000000001,-0.008308959385733576
13因子-反向Bottom100,2020-02-17,100,0.061431049288035736,0.52,0.26,0.0007800000000000001,0.06065104928803573
13因子-反向Bottom100,2020-02-24,100,-0.04496702579587627,0.62,0.31,0.00093,-0.04589702579587627
13因子-反向Bottom100,2020-03-02,100,0.01575520932550607,0.58,0.29,0.00087,0.01488520932550607
13因子-反向Bottom100,2020-03-09,100,-0.08629075521143538,0.54,0.27,0.0008100000000000001,-0.08710075521143539
13因子-反向Bottom100,2020-03-16,100,-0.06979159548748383,0.54,0.27,0.0008100000000000001,-0.07060159548748383
13因子-反向Bottom100,2020-03-23,100,-0.02802910605310984,0.52,0.26,0.0007800000000000001,-0.02880910605310984
13因子-反向Bottom100,2020-03-30,100,0.05926313081378077,0.44,0.22,0.00066,0.05860313081378077
13因子-反向Bottom100,2020-04-07,100,-0.027904654879374154,0.42,0.21,0.00063,-0.028534654879374153
13因子-反向Bottom100,2020-04-14,100,-0.004185205296664714,0.6,0.3,0.0009,-0.005085205296664713
13因子-反向Bottom100,2020-04-21,100,-0.08931103245833695,0.48,0.24,0.0007199999999999999,-0.09003103245833695
13因子-反向Bottom100,2020-04-28,100,0.022227811288740993,0.8200000000000001,0.41000000000000003,0.0012300000000000002,0.020997811288740995
13因子-反向Bottom100,2020-05-08,100,0.014974002419790095,0.6,0.3,0.0009,0.014074002419790095
13因子-反向Bottom100,2020-05-15,100,-0.05255311280576486,0.42,0.21,0.00063,-0.053183112805764855
13因子-反向Bottom100,2020-05-22,100,-0.016501730308786832,0.48,0.24,0.0007199999999999999,-0.01722173030878683
13因子-反向Bottom100,2020-05-29,100,0.037112630634347284,0.66,0.33,0.00099,0.036122630634347286
13因子-反向Bottom100,2020-06-05,100,-0.018935562368644118,0.52,0.26,0.0007800000000000001,-0.019715562368644118
13因子-反向Bottom100,2020-06-12,100,0.009530328178835791,0.4,0.2,0.0006000000000000001,0.008930328178835791
13因子-反向Bottom100,2020-06-19,100,0.01611216334840453,0.56,0.28,0.0008400000000000001,0.01527216334840453
13因子-反向Bottom100,2020-06-30,100,0.08424602141829109,0.38,0.19,0.00057,0.08367602141829109
13因子-反向Bottom100,2020-07-07,100,0.08735559397509368,0.52,0.26,0.0007800000000000001,0.08657559397509368
13因子-反向Bottom100,2020-07-14,100,-0.06910909499499711,0.46,0.23,0.0006900000000000001,-0.0697990949949971
13因子-反向Bottom100,2020-07-21,100,-0.023826494605199824,0.64,0.32,0.00096,-0.024786494605199823
13因子-反向Bottom100,2020-07-28,100,0.08573041108938914,0.44,0.22,0.00066,0.08507041108938915
13因子-反向Bottom100,2020-08-04,100,-0.04816528907594861,0.48,0.24,0.0007199999999999999,-0.04888528907594861
13因子-反向Bottom100,2020-08-11,100,0.036554239949197743,0.5,0.25,0.00075,0.03580423994919774
13因子-反向Bottom100,2020-08-18,100,-0.032883402839619304,0.46,0.23,0.0006900000000000001,-0.03357340283961931
13因子-反向Bottom100,2020-08-25,100,0.0010549043118764923,0.62,0.31,0.00093,0.0001249043118764922
13因子-反向Bottom100,2020-09-01,100,0.05619568045546986,0.72,0.36,0.00108,0.05511568045546986
13因子-反向Bottom100,2020-09-08,100,-0.08705938810240342,0.66,0.33,0.00099,-0.08804938810240343
13因子-反向Bottom100,2020-09-15,100,-0.01852416036565522,0.46,0.23,0.0006900000000000001,-0.01921416036565522
13因子-反向Bottom100,2020-09-22,100,-0.06369417318711967,0.42,0.21,0.00063,-0.06432417318711968
13因子-反向Bottom100,2020-09-29,100,0.14618597709016512,0.32,0.16,0.00048,0.1457059770901651
13因子-反向Bottom100,2020-10-14,100,-0.03580142763079675,0.36,0.18,0.00054,-0.03634142763079675
13因子-反向Bottom100,2020-10-21,100,-0.003266007943770016,0.56,0.28,0.0008400000000000001,-0.004106007943770016
13因子-反向Bottom100,2020-10-28,100,-0.02818360886254233,0.48,0.24,0.0007199999999999999,-0.02890360886254233
13因子-反向Bottom100,2020-11-04,100,-0.06335915452878926,0.46,0.23,0.0006900000000000001,-0.06404915452878926
13因子-反向Bottom100,2020-11-11,100,-0.00028196610312445914,0.46,0.23,0.0006900000000000001,-0.0009719661031244592
13因子-反向Bottom100,2020-11-18,100,-0.020088018485657867,0.4,0.2,0.0006000000000000001,-0.020688018485657867
13因子-反向Bottom100,2020-11-25,100,-0.010744758300529322,0.36,0.18,0.00054,-0.011284758300529323
13因子-反向Bottom100,2020-12-02,100,-0.03564583577292804,0.48,0.24,0.0007199999999999999,-0.03636583577292804
13因子-反向Bottom100,2020-12-09,100,-0.03575265816121182,0.5,0.25,0.00075,-0.03650265816121182
13因子-反向Bottom100,2020-12-16,100,0.02061811102016068,0.56,0.28,0.0008400000000000001,0.01977811102016068
13因子-反向Bottom100,2020-12-23,100,-0.018971658194903554,0.32,0.16,0.00048,-0.019451658194903555
13因子-反向Bottom100,2020-12-30,100,-0.03943076042091738,0.4,0.2,0.0006000000000000001,-0.04003076042091738
13因子-反向Bottom100,2021-01-07,100,-0.0990095674808534,0.34,0.17,0.00051,-0.0995195674808534
13因子-反向Bottom100,2021-01-14,100,0.06281415623132963,0.3,0.15,0.00045,0.06236415623132963
13因子-反向Bottom100,2021-01-21,100,-0.08400907465530484,0.42,0.21,0.00063,-0.08463907465530485
13因子-反向Bottom100,2021-01-28,100,-0.06857521278513282,0.48,0.24,0.0007199999999999999,-0.06929521278513281
13因子-反向Bottom100,2021-02-04,100,0.0041234629627510885,0.4,0.2,0.0006000000000000001,0.0035234629627510887
13因子-反向Bottom100,2021-02-18,100,0.04416140205038884,0.42,0.21,0.00063,0.04353140205038884
13因子-反向Bottom100,2021-02-25,100,0.038323162286250496,0.64,0.32,0.00096,0.037363162286250494
13因子-反向Bottom100,2021-03-04,100,-0.030882763969461748,0.5,0.25,0.00075,-0.03163276396946175
13因子-反向Bottom100,2021-03-11,100,0.00975008830605851,0.64,0.32,0.00096,0.00879008830605851
13因子-反向Bottom100,2021-03-18,100,-0.03407274177327894,0.58,0.29,0.00087,-0.03494274177327894
13因子-反向Bottom100,2021-03-25,100,-0.002981774229632609,0.52,0.26,0.0007800000000000001,-0.0037617742296326088
13因子-反向Bottom100,2021-04-01,100,-0.003155799886066388,0.48,0.24,0.0007199999999999999,-0.003875799886066388
13因子-反向Bottom100,2021-04-09,100,-0.010677105348221099,0.52,0.26,0.0007800000000000001,-0.011457105348221098
13因子-反向Bottom100,2021-04-16,100,-0.03954107794432148,0.56,0.28,0.0008400000000000001,-0.04038107794432148
13因子-反向Bottom100,2021-04-23,100,-0.04729318308409361,0.54,0.27,0.0008100000000000001,-0.04810318308409361
13因子-反向Bottom100,2021-04-30,100,0.0787843394365816,0.8,0.4,0.0012000000000000001,0.07758433943658159
13因子-反向Bottom100,2021-05-12,100,-0.009835752150665103,0.44,0.22,0.00066,-0.010495752150665102
13因子-反向Bottom100,2021-05-19,100,0.023090414183074125,0.42,0.21,0.00063,0.022460414183074127
13因子-反向Bottom100,2021-05-26,100,0.032733675660164045,0.56,0.28,0.0008400000000000001,0.031893675660164045
13因子-反向Bottom100,2021-06-02,100,-0.01208523678216726,0.42,0.21,0.00063,-0.012715236782167261
13因子-反向Bottom100,2021-06-09,100,-0.003586551191145626,0.42,0.21,0.00063,-0.004216551191145626
13因子-反向Bottom100,2021-06-17,100,0.0038218899051949127,0.48,0.24,0.0007199999999999999,0.003101889905194913
13因子-反向Bottom100,2021-06-24,100,-0.029560797481427387,0.4,0.2,0.0006000000000000001,-0.030160797481427387
13因子-反向Bottom100,2021-07-01,100,0.04791494115105847,0.42,0.21,0.00063,0.04728494115105847
13因子-反向Bottom100,2021-07-08,100,0.004765212660405139,0.46,0.23,0.0006900000000000001,0.0040752126604051385
13因子-反向Bottom100,2021-07-15,100,0.048195954065116134,0.36,0.18,0.00054,0.047655954065116135
13因子-反向Bottom100,2021-07-22,100,-0.05479624591158565,0.46,0.23,0.0006900000000000001,-0.05548624591158565
13因子-反向Bottom100,2021-07-29,100,0.017258531030726543,0.52,0.26,0.0007800000000000001,0.016478531030726544
13因子-反向Bottom100,2021-08-05,100,0.05668447234394716,0.5,0.25,0.00075,0.05593447234394716
13因子-反向Bottom100,2021-08-12,100,-0.03894791947843008,0.54,0.27,0.0008100000000000001,-0.039757919478430076
13因子-反向Bottom100,2021-08-19,100,0.018426755496523582,0.58,0.29,0.00087,0.017556755496523583
13因子-反向Bottom100,2021-08-26,100,-0.005521485692869698,0.56,0.28,0.0008400000000000001,-0.006361485692869698
13因子-反向Bottom100,2021-09-02,100,0.014141042631390639,0.52,0.26,0.0007800000000000001,0.01336104263139064
13因子-反向Bottom100,2021-09-09,100,-0.003962611457416979,0.5,0.25,0.00075,-0.004712611457416979
13因子-反向Bottom100,2021-09-16,100,-0.06033320177019818,0.52,0.26,0.0007800000000000001,-0.06111320177019818
13因子-反向Bottom100,2021-09-27,100,-0.015391954341276706,0.6,0.3,0.0009,-0.016291954341276706
13因子-反向Bottom100,2021-10-11,100,-0.022650292860785234,0.46,0.23,0.0006900000000000001,-0.023340292860785233
13因子-反向Bottom100,2021-10-18,100,0.04277672100596347,0.52,0.26,0.0007800000000000001,0.04199672100596347
13因子-反向Bottom100,2021-10-25,100,-0.009588417598268468,0.52,0.26,0.0007800000000000001,-0.010368417598268467
13因子-反向Bottom100,2021-11-01,100,0.021254201197996477,0.46,0.23,0.0006900000000000001,0.020564201197996478
13因子-反向Bottom100,2021-11-08,100,0.029330343755709407,0.46,0.23,0.0006900000000000001,0.028640343755709407
13因子-反向Bottom100,2021-11-15,100,0.02586949223753286,0.38,0.19,0.00057,0.025299492237532858
13因子-反向Bottom100,2021-11-22,100,0.013189484296677075,0.46,0.23,0.0006900000000000001,0.012499484296677075
13因子-反向Bottom100,2021-11-29,100,-0.03636047536705707,0.52,0.26,0.0007800000000000001,-0.03714047536705707
13因子-反向Bottom100,2021-12-06,100,0.023043835720039048,0.42,0.21,0.00063,0.02241383572003905
13因子-反向Bottom100,2021-12-13,100,0.010973868285116182,0.6,0.3,0.0009,0.010073868285116182
13因子-反向Bottom100,2021-12-20,100,-0.04653028748142393,0.76,0.38,0.00114,-0.047670287481423934
13因子-反向Bottom100,2021-12-27,100,0.01325251684311131,0.62,0.31,0.00093,0.01232251684311131
13因子-反向Bottom100,2022-01-04,100,-0.03917509339168053,0.52,0.26,0.0007800000000000001,-0.03995509339168053
13因子-反向Bottom100,2022-01-11,100,0.026622362446304847,0.54,0.27,0.0008100000000000001,0.025812362446304846
13因子-反向Bottom100,2022-01-18,100,-0.11128314883954862,0.44,0.22,0.00066,-0.11194314883954862
13因子-反向Bottom100,2022-01-25,100,-0.02386756834992381,0.44,0.22,0.00066,-0.024527568349923812
13因子-反向Bottom100,2022-02-08,100,0.022214832778882653,0.46,0.23,0.0006900000000000001,0.021524832778882654
13因子-反向Bottom100,2022-02-15,100,0.04062586619534237,0.5,0.25,0.00075,0.03987586619534237
13因子-反向Bottom100,2022-02-22,100,-0.022036277682162805,0.54,0.27,0.0008100000000000001,-0.022846277682162807
13因子-反向Bottom100,2022-03-01,100,-0.049770200965774905,0.6,0.3,0.0009,-0.0506702009657749
13因子-反向Bottom100,2022-03-08,100,-0.037809348218439086,0.48,0.24,0.0007199999999999999,-0.038529348218439084
13因子-反向Bottom100,2022-03-15,100,0.0575419554544847,0.42,0.21,0.00063,0.0569119554544847
13因子-反向Bottom100,2022-03-22,100,-0.058694827259277875,0.54,0.27,0.0008100000000000001,-0.05950482725927787
13因子-反向Bottom100,2022-03-29,100,-0.02911907563913168,0.42,0.21,0.00063,-0.029749075639131678
13因子-反向Bottom100,2022-04-07,100,-0.05600187598310769,0.56,0.28,0.0008400000000000001,-0.05684187598310769
13因子-反向Bottom100,2022-04-14,100,-0.09707707548489271,0.62,0.31,0.00093,-0.09800707548489271
13因子-反向Bottom100,2022-04-21,100,-0.13714579741115018,0.5,0.25,0.00075,-0.13789579741115018
13因子-反向Bottom100,2022-04-28,100,0.1317096632239708,0.72,0.36,0.00108,0.1306296632239708
13因子-反向Bottom100,2022-05-10,100,-0.021387419650752314,0.62,0.31,0.00093,-0.022317419650752315
13因子-反向Bottom100,2022-05-17,100,-0.029682419428031466,0.52,0.26,0.0007800000000000001,-0.030462419428031465
13因子-反向Bottom100,2022-05-24,100,0.01313617544711208,0.5,0.25,0.00075,0.01238617544711208
13因子-反向Bottom100,2022-05-31,100,-0.005949171039581959,0.52,0.26,0.0007800000000000001,-0.006729171039581959
13因子-反向Bottom100,2022-06-08,100,-0.02664398745013509,0.6,0.3,0.0009,-0.02754398745013509
13因子-反向Bottom100,2022-06-15,100,0.008368983761927143,0.66,0.33,0.00099,0.007378983761927143
13因子-反向Bottom100,2022-06-22,100,-0.004104301596495335,0.56,0.28,0.0008400000000000001,-0.004944301596495336
13因子-反向Bottom100,2022-06-29,100,-0.03333529133859934,0.64,0.32,0.00096,-0.03429529133859934
13因子-反向Bottom100,2022-07-06,100,-0.007074857493290532,0.54,0.27,0.0008100000000000001,-0.007884857493290532
13因子-反向Bottom100,2022-07-13,100,0.022740890498366476,0.56,0.28,0.0008400000000000001,0.021900890498366476
13因子-反向Bottom100,2022-07-20,100,-0.006933466703302843,0.56,0.28,0.0008400000000000001,-0.007773466703302844
13因子-反向Bottom100,2022-07-27,100,-0.05217203631053301,0.76,0.38,0.00114,-0.05331203631053301
13因子-反向Bottom100,2022-08-03,100,0.026795414126612734,0.68,0.34,0.00102,0.025775414126612734
13因子-反向Bottom100,2022-08-10,100,0.03841077598977233,0.6,0.3,0.0009,0.03751077598977233
13因子-反向Bottom100,2022-08-17,100,-0.05626143032244844,0.52,0.26,0.0007800000000000001,-0.05704143032244844
13因子-反向Bottom100,2022-08-24,100,-0.09198708714218844,0.66,0.33,0.00099,-0.09297708714218844
13因子-反向Bottom100,2022-08-31,100,0.04363657455601401,0.76,0.38,0.00114,0.04249657455601401
13因子-反向Bottom100,2022-09-07,100,-0.0897657365552637,0.52,0.26,0.0007800000000000001,-0.0905457365552637
13因子-反向Bottom100,2022-09-15,100,-0.019834719290010648,0.56,0.28,0.0008400000000000001,-0.02067471929001065
13因子-反向Bottom100,2022-09-22,100,-0.08454335937217185,0.42,0.21,0.00063,-0.08517335937217185
13因子-反向Bottom100,2022-09-29,100,0.001344323510623391,0.44,0.22,0.00066,0.0006843235106233909
13因子-反向Bottom100,2022-10-13,100,0.025436030051314375,0.48,0.24,0.0007199999999999999,0.024716030051314376
13因子-反向Bottom100,2022-10-20,100,-0.011987803690843566,0.58,0.29,0.00087,-0.012857803690843566
13因子-反向Bottom100,2022-10-27,100,0.022436701702472313,0.5,0.25,0.00075,0.021686701702472312
13因子-反向Bottom100,2022-11-03,100,0.04735062752075659,0.48,0.24,0.0007199999999999999,0.04663062752075659
13因子-反向Bottom100,2022-11-10,100,0.00735560312236502,0.52,0.26,0.0007800000000000001,0.006575603122365019
13因子-反向Bottom100,2022-11-17,100,-0.04347900438054799,0.6,0.3,0.0009,-0.04437900438054799
13因子-反向Bottom100,2022-11-24,100,0.01454949299150813,0.42,0.21,0.00063,0.01391949299150813
13因子-反向Bottom100,2022-12-01,100,-0.005651279664304585,0.38,0.19,0.00057,-0.006221279664304585
13因子-反向Bottom100,2022-12-08,100,0.008020437246144126,0.46,0.23,0.0006900000000000001,0.007330437246144126
13因子-反向Bottom100,2022-12-15,100,-0.027403766364477535,0.56,0.28,0.0008400000000000001,-0.028243766364477535
13因子-反向Bottom100,2022-12-22,100,-0.030517389617718917,0.4,0.2,0.0006000000000000001,-0.031117389617718916
13因子-反向Bottom100,2022-12-29,100,0.020058384481684968,0.42,0.21,0.00063,0.01942838448168497
13因子-反向Bottom100,2023-01-06,100,-0.02004629292785832,0.44,0.22,0.00066,-0.020706292927858323
13因子-反向Bottom100,2023-01-13,100,-0.018505333294607,0.48,0.24,0.0007199999999999999,-0.019225333294607
13因子-反向Bottom100,2023-01-20,100,0.051076305569997586,0.38,0.19,0.00057,0.050506305569997585
13因子-反向Bottom100,2023-02-03,100,-0.01404105854619422,0.56,0.28,0.0008400000000000001,-0.014881058546194221
13因子-反向Bottom100,2023-02-10,100,-0.03610112999985163,0.72,0.36,0.00108,-0.037181129999851625
13因子-反向Bottom100,2023-02-17,100,-0.006718363004206047,0.56,0.28,0.0008400000000000001,-0.007558363004206047
13因子-反向Bottom100,2023-02-24,100,0.010856652128488395,0.5,0.25,0.00075,0.010106652128488394
13因子-反向Bottom100,2023-03-03,100,-0.01755501254839007,0.56,0.28,0.0008400000000000001,-0.01839501254839007
13因子-反向Bottom100,2023-03-10,100,-0.005379651084595693,0.52,0.26,0.0007800000000000001,-0.006159651084595694
13因子-反向Bottom100,2023-03-17,100,0.008528844342578864,0.5,0.25,0.00075,0.007778844342578864
13因子-反向Bottom100,2023-03-24,100,-0.01864368228030535,0.42,0.21,0.00063,-0.01927368228030535
13因子-反向Bottom100,2023-03-31,100,-0.016073413670873383,0.42,0.21,0.00063,-0.01670341367087338
13因子-反向Bottom100,2023-04-10,100,0.0047831615899729665,0.42,0.21,0.00063,0.004153161589972966
13因子-反向Bottom100,2023-04-17,100,-0.009068622486928645,0.6,0.3,0.0009,-0.009968622486928645
13因子-反向Bottom100,2023-04-24,100,0.013053973043048695,0.56,0.28,0.0008400000000000001,0.012213973043048694
13因子-反向Bottom100,2023-05-04,100,-0.02592384055862706,0.78,0.39,0.00117,-0.027093840558627062
13因子-反向Bottom100,2023-05-11,100,0.005844823006007813,0.54,0.27,0.0008100000000000001,0.005034823006007813
13因子-反向Bottom100,2023-05-18,100,-0.00595981030448394,0.56,0.28,0.0008400000000000001,-0.0067998103044839405
13因子-反向Bottom100,2023-05-25,100,0.019242116782847783,0.6,0.3,0.0009,0.01834211678284778
13因子-反向Bottom100,2023-06-01,100,0.0043683609553603515,0.56,0.28,0.0008400000000000001,0.0035283609553603515
13因子-反向Bottom100,2023-06-08,100,0.006105884653365919,0.52,0.26,0.0007800000000000001,0.005325884653365919
13因子-反向Bottom100,2023-06-15,100,-0.048457077469663955,0.54,0.27,0.0008100000000000001,-0.04926707746966395
13因子-反向Bottom100,2023-06-26,100,0.02677837439107581,0.46,0.23,0.0006900000000000001,0.02608837439107581
13因子-反向Bottom100,2023-07-03,100,-0.01369503883263233,0.44,0.22,0.00066,-0.014355038832632332
13因子-反向Bottom100,2023-07-10,100,-0.027174284008973502,0.54,0.27,0.0008100000000000001,-0.027984284008973504
13因子-反向Bottom100,2023-07-17,100,-0.060639740948755856,0.62,0.31,0.00093,-0.061569740948755856
13因子-反向Bottom100,2023-07-24,100,-0.015132954781456513,0.62,0.31,0.00093,-0.01606295478145651
13因子-反向Bottom100,2023-07-31,100,-0.009496709765899397,0.56,0.28,0.0008400000000000001,-0.010336709765899397
13因子-反向Bottom100,2023-08-07,100,-0.028214289857907006,0.52,0.26,0.0007800000000000001,-0.028994289857907005
13因子-反向Bottom100,2023-08-14,100,-0.0005897861703768148,0.6,0.3,0.0009,-0.0014897861703768148
13因子-反向Bottom100,2023-08-21,100,-0.04503497277313386,0.56,0.28,0.0008400000000000001,-0.04587497277313386
13因子-反向Bottom100,2023-08-28,100,0.035373381527920474,0.44,0.22,0.00066,0.03471338152792047
13因子-反向Bottom100,2023-09-04,100,-0.029568762928760314,0.48,0.24,0.0007199999999999999,-0.030288762928760312
13因子-反向Bottom100,2023-09-11,100,-0.03227744134939052,0.48,0.24,0.0007199999999999999,-0.03299744134939052
13因子-反向Bottom100,2023-09-18,100,-0.0008009003133755344,0.46,0.23,0.0006900000000000001,-0.0014909003133755346
13因子-反向Bottom100,2023-09-25,100,0.012346541727539994,0.48,0.24,0.0007199999999999999,0.011626541727539994
13因子-反向Bottom100,2023-10-10,100,-0.02083979155482382,0.58,0.29,0.00087,-0.021709791554823818
13因子-反向Bottom100,2023-10-17,100,-0.04628778242128048,0.52,0.26,0.0007800000000000001,-0.047067782421280485
13因子-反向Bottom100,2023-10-24,100,0.006322559105119831,0.42,0.21,0.00063,0.005692559105119831
13因子-反向Bottom100,2023-10-31,100,0.04295458728151193,0.48,0.24,0.0007199999999999999,0.04223458728151193
13因子-反向Bottom100,2023-11-07,100,-0.002038568503697604,0.46,0.23,0.0006900000000000001,-0.0027285685036976043
13因子-反向Bottom100,2023-11-14,100,0.02304221561892323,0.5,0.25,0.00075,0.02229221561892323
13因子-反向Bottom100,2023-11-21,100,-0.05104256886322476,0.48,0.24,0.0007199999999999999,-0.05176256886322476
13因子-反向Bottom100,2023-11-28,100,-0.015959092647823338,0.76,0.38,0.00114,-0.017099092647823336
13因子-反向Bottom100,2023-12-05,100,-0.007976139961531578,0.54,0.27,0.0008100000000000001,-0.008786139961531578
13因子-反向Bottom100,2023-12-12,100,-0.031525860242415715,0.5,0.25,0.00075,-0.032275860242415716
13因子-反向Bottom100,2023-12-19,100,-0.033027492385678356,0.62,0.31,0.00093,-0.033957492385678356
13因子-反向Bottom100,2023-12-26,100,0.003147668722152941,0.42,0.21,0.00063,0.002517668722152941
13因子-反向Bottom100,2024-01-03,100,-0.07395115710411726,0.6,0.3,0.0009,-0.07485115710411726
13因子-反向Bottom100,2024-01-10,100,-0.030418744353976207,0.48,0.24,0.0007199999999999999,-0.031138744353976205
13因子-反向Bottom100,2024-01-17,100,-0.08031314369809177,0.46,0.23,0.0006900000000000001,-0.08100314369809176
13因子-反向Bottom100,2024-01-24,100,-0.16239169523842584,0.54,0.27,0.0008100000000000001,-0.16320169523842584
13因子-反向Bottom100,2024-01-31,100,-0.23609477805194107,0.44,0.22,0.00066,-0.23675477805194106
13因子-反向Bottom100,2024-02-07,100,0.2657330259029022,0.58,0.29,0.00087,0.2648630259029022
13因子-反向Bottom100,2024-02-22,100,0.062019647056260396,0.54,0.27,0.0008100000000000001,0.0612096470562604
13因子-反向Bottom100,2024-02-29,100,0.012979144737172153,0.5,0.25,0.00075,0.012229144737172152
13因子-反向Bottom100,2024-03-07,100,0.03573669036997416,0.56,0.28,0.0008400000000000001,0.034896690369974157
13因子-反向Bottom100,2024-03-14,100,0.06883202839179474,0.54,0.27,0.0008100000000000001,0.06802202839179473
13因子-反向Bottom100,2024-03-21,100,-0.06331905357630364,0.48,0.24,0.0007199999999999999,-0.06403905357630364
13因子-反向Bottom100,2024-03-28,100,-0.04328297682540895,0.46,0.23,0.0006900000000000001,-0.04397297682540895
13因子-反向Bottom100,2024-04-08,100,-0.10655911027172077,0.6,0.3,0.0009,-0.10745911027172077
13因子-反向Bottom100,2024-04-15,100,-0.05246681190104356,0.44,0.22,0.00066,-0.05312681190104356
13因子-反向Bottom100,2024-04-22,100,0.0992738057282639,0.62,0.31,0.00093,0.0983438057282639
13因子-反向Bottom100,2024-04-29,100,0.029980717139555066,0.68,0.34,0.00102,0.028960717139555066
13因子-反向Bottom100,2024-05-09,100,-0.03826621237085999,0.8,0.4,0.0012000000000000001,-0.03946621237085999
13因子-反向Bottom100,2024-05-16,100,-0.01187544430377934,0.52,0.26,0.0007800000000000001,-0.01265544430377934
13因子-反向Bottom100,2024-05-23,100,-0.06121895381886108,0.56,0.28,0.0008400000000000001,-0.06205895381886108
13因子-反向Bottom100,2024-05-30,100,-0.10594129292229237,0.58,0.29,0.00087,-0.10681129292229237
13因子-反向Bottom100,2024-06-06,100,0.05655012527371927,0.58,0.29,0.00087,0.055680125273719266
13因子-反向Bottom100,2024-06-14,100,-0.02473224100435145,0.56,0.28,0.0008400000000000001,-0.02557224100435145
13因子-反向Bottom100,2024-06-21,100,-0.02368343150704868,0.62,0.31,0.00093,-0.02461343150704868
13因子-反向Bottom100,2024-06-28,100,-0.06832963047420772,0.58,0.29,0.00087,-0.06919963047420771
13因子-反向Bottom100,2024-07-05,100,0.022951563553988624,0.5,0.25,0.00075,0.022201563553988623
13因子-反向Bottom100,2024-07-12,100,-0.03814033907463279,0.42,0.21,0.00063,-0.03877033907463279
13因子-反向Bottom100,2024-07-19,100,-0.01289027608816232,0.52,0.26,0.0007800000000000001,-0.01367027608816232
13因子-反向Bottom100,2024-07-26,100,0.022832083181298087,0.52,0.26,0.0007800000000000001,0.022052083181298088
13因子-反向Bottom100,2024-08-02,100,-0.06272298686816397,0.54,0.27,0.0008100000000000001,-0.06353298686816397
13因子-反向Bottom100,2024-08-09,100,-0.0026989541722158205,0.66,0.33,0.00099,-0.0036889541722158205
13因子-反向Bottom100,2024-08-16,100,-0.07784249152695791,0.62,0.31,0.00093,-0.07877249152695791
13因子-反向Bottom100,2024-08-23,100,0.02792536331579969,0.48,0.24,0.0007199999999999999,0.02720536331579969
13因子-反向Bottom100,2024-08-30,100,-0.043994493331238324,0.46,0.23,0.0006900000000000001,-0.04468449333123833
13因子-反向Bottom100,2024-09-06,100,-0.040347186154861915,0.46,0.23,0.0006900000000000001,-0.04103718615486192
13因子-反向Bottom100,2024-09-13,100,0.03946475397772333,0.48,0.24,0.0007199999999999999,0.03874475397772333
13因子-反向Bottom100,2024-09-24,100,0.3799913686063781,0.48,0.24,0.0007199999999999999,0.3792713686063781
13因子-反向Bottom100,2024-10-08,100,-0.09579795732077305,0.54,0.27,0.0008100000000000001,-0.09660795732077306
13因子-反向Bottom100,2024-10-15,100,0.10242364376877068,0.72,0.36,0.00108,0.10134364376877068
13因子-反向Bottom100,2024-10-22,100,0.04553287261359741,0.54,0.27,0.0008100000000000001,0.04472287261359741
13因子-反向Bottom100,2024-10-29,100,-0.012922414145071011,0.68,0.34,0.00102,-0.013942414145071011
13因子-反向Bottom100,2024-11-05,100,0.017397069296999263,0.74,0.37,0.00111,0.016287069296999263
13因子-反向Bottom100,2024-11-12,100,-0.0894468381094326,0.66,0.33,0.00099,-0.09043683810943261
13因子-反向Bottom100,2024-11-19,100,-0.01309379450950581,0.54,0.27,0.0008100000000000001,-0.01390379450950581
13因子-反向Bottom100,2024-11-26,100,0.061441288165628834,0.62,0.31,0.00093,0.06051128816562883
13因子-反向Bottom100,2024-12-03,100,0.01873332362570898,0.54,0.27,0.0008100000000000001,0.01792332362570898
13因子-反向Bottom100,2024-12-10,100,-0.0730684161178023,0.74,0.37,0.00111,-0.0741784161178023
13因子-反向Bottom100,2024-12-17,100,-0.07256884550230615,0.76,0.38,0.00114,-0.07370884550230615
13因子-反向Bottom100,2024-12-24,100,-0.03816733218388093,0.52,0.26,0.0007800000000000001,-0.03894733218388093
13因子-反向Bottom100,2024-12-31,100,-0.029705776416688413,0.56,0.28,0.0008400000000000001,-0.030545776416688413
13因子-反向Bottom100,2025-01-08,100,-0.008912401014637398,0.56,0.28,0.0008400000000000001,-0.009752401014637398
13因子-反向Bottom100,2025-01-15,100,-0.01220556964108361,0.44,0.22,0.00066,-0.01286556964108361
13因子-反向Bottom100,2025-01-22,100,-0.02206865893940948,0.5,0.25,0.00075,-0.02281865893940948
13因子-反向Bottom100,2025-02-06,100,0.04728218133287029,0.66,0.33,0.00099,0.046292181332870296
13因子-反向Bottom100,2025-02-13,100,0.03481735597513476,0.48,0.24,0.0007199999999999999,0.03409735597513476
13因子-反向Bottom100,2025-02-20,100,0.007796926279402225,0.6,0.3,0.0009,0.006896926279402226
13因子-反向Bottom100,2025-02-27,100,-0.00575909207099525,0.6,0.3,0.0009,-0.00665909207099525
13因子-反向Bottom100,2025-03-06,100,-0.012617152708574284,0.44,0.22,0.00066,-0.013277152708574283
13因子-反向Bottom100,2025-03-13,100,0.008129957496169397,0.6,0.3,0.0009,0.007229957496169398
13因子-反向Bottom100,2025-03-20,100,-0.08820577664202366,0.54,0.27,0.0008100000000000001,-0.08901577664202366
13因子-反向Bottom100,2025-03-27,100,-0.04118885971123459,0.7000000000000001,0.35000000000000003,0.0010500000000000002,-0.042238859711234596
13因子-反向Bottom100,2025-04-03,100,-0.05629319871684564,0.48,0.24,0.0007199999999999999,-0.05701319871684564
13因子-反向Bottom100,2025-04-11,100,-0.005271308312217957,0.52,0.26,0.0007800000000000001,-0.006051308312217957
13因子-反向Bottom100,2025-04-18,100,0.0054981889532850345,0.6,0.3,0.0009,0.004598188953285035
13因子-反向Bottom100,2025-04-25,100,0.0445748561807163,0.9400000000000001,0.47000000000000003,0.00141,0.0431648561807163
13因子-反向Bottom100,2025-05-07,100,0.027178623081621958,0.78,0.39,0.00117,0.026008623081621957
13因子-反向Bottom100,2025-05-14,100,0.003890548272290214,0.5,0.25,0.00075,0.0031405482722902138
13因子-反向Bottom100,2025-05-21,100,0.00021713377121595822,0.7000000000000001,0.35000000000000003,0.0010500000000000002,-0.0008328662287840419
13因子-反向Bottom100,2025-05-28,100,-0.014465182007955546,0.56,0.28,0.0008400000000000001,-0.015305182007955546
13因子-反向Bottom100,2025-06-05,100,0.03317766345780104,0.54,0.27,0.0008100000000000001,0.032367663457801045
13因子-反向Bottom100,2025-06-12,100,-0.05805830104405233,0.64,0.32,0.00096,-0.05901830104405233
13因子-反向Bottom100,2025-06-19,100,0.023951468238896177,0.68,0.34,0.00102,0.022931468238896177
13因子-反向Bottom100,2025-06-26,100,0.02321186056570926,0.5,0.25,0.00075,0.02246186056570926
13因子-反向Bottom100,2025-07-03,100,-0.011278154306671239,0.6,0.3,0.0009,-0.012178154306671239
13因子-反向Bottom100,2025-07-10,100,-0.009744249753028532,0.74,0.37,0.00111,-0.010854249753028532
13因子-反向Bottom100,2025-07-17,100,-0.009205340809543171,0.48,0.24,0.0007199999999999999,-0.009925340809543172
13因子-反向Bottom100,2025-07-24,100,0.0020318286476028713,0.66,0.33,0.00099,0.0010418286476028714
13因子-反向Bottom100,2025-07-31,100,0.026612777031544108,0.68,0.34,0.00102,0.025592777031544108
13因子-反向Bottom100,2025-08-07,100,-0.015654905218703274,0.54,0.27,0.0008100000000000001,-0.016464905218703276
13因子-反向Bottom100,2025-08-14,100,0.034792136984729403,0.54,0.27,0.0008100000000000001,0.033982136984729405
13因子-反向Bottom100,2025-08-21,100,-0.01802573659464334,0.58,0.29,0.00087,-0.018895736594643338
13因子-反向Bottom100,2025-08-28,100,-0.06013284162904484,0.74,0.37,0.00111,-0.06124284162904484
13因子-反向Bottom100,2025-09-04,100,0.03348395780357245,0.68,0.34,0.00102,0.03246395780357245
13因子-反向Bottom100,2025-09-11,100,0.00861802111965008,0.46,0.23,0.0006900000000000001,0.00792802111965008
13因子-反向Bottom100,2025-09-18,100,-0.03891273066152368,0.66,0.33,0.00099,-0.03990273066152368
13因子-反向Bottom100,2025-09-25,100,0.010423794323397835,0.72,0.36,0.00108,0.009343794323397835
13因子-反向Bottom100,2025-10-10,100,-0.03528559205760218,0.48,0.24,0.0007199999999999999,-0.036005592057602176
13因子-反向Bottom100,2025-10-17,100,0.014256284860118242,0.72,0.36,0.00108,0.013176284860118242
13因子-反向Bottom100,2025-10-24,100,0.0144198064060456,0.66,0.33,0.00099,0.0134298064060456
13因子-反向Bottom100,2025-10-31,100,0.026008087831335406,0.74,0.37,0.00111,0.024898087831335406
13因子-反向Bottom100,2025-11-07,100,0.055685086651799054,0.62,0.31,0.00093,0.054755086651799054
13因子-反向Bottom100,2025-11-14,100,-0.09009782552613965,0.52,0.26,0.0007800000000000001,-0.09087782552613966
13因子-反向Bottom100,2025-11-21,100,0.03536266120815206,0.58,0.29,0.00087,0.03449266120815206
13因子-反向Bottom100,2025-11-28,100,0.006218773428320597,0.42,0.21,0.00063,0.005588773428320597
13因子-反向Bottom100,2025-12-05,100,-0.013231822102531977,0.42,0.21,0.00063,-0.013861822102531977
13因子-反向Bottom100,2025-12-12,100,-0.013359382118509493,0.56,0.28,0.0008400000000000001,-0.014199382118509494
13因子-反向Bottom100,2025-12-19,100,0.04036316731943032,0.5,0.25,0.00075,0.03961316731943032
13因子-反向Bottom100,2025-12-26,100,0.005595908762337958,0.5,0.25,0.00075,0.004845908762337958
13因子-反向Bottom100,2026-01-06,100,0.0415818084097193,0.32,0.16,0.00048,0.0411018084097193
13因子-反向Bottom100,2026-01-13,100,-0.06048953885280778,0.48,0.24,0.0007199999999999999,-0.06120953885280778
13因子-反向Bottom100,2026-01-20,100,0.0233899445759055,0.5,0.25,0.00075,0.0226399445759055
13因子-反向Bottom100,2026-01-27,100,0.022286125048686687,0.5,0.25,0.00075,0.021536125048686686
13因子-反向Bottom100,2026-02-03,100,0.005212330044012344,0.42,0.21,0.00063,0.004582330044012344
13因子-反向Bottom100,2026-02-10,100,-0.00899366553408048,0.58,0.29,0.00087,-0.009863665534080478
13因子-反向Bottom100,2026-02-25,100,-0.015196229518031385,0.6,0.3,0.0009,-0.016096229518031385
13因子-反向Bottom100,2026-03-04,100,0.014275215441106666,0.64,0.32,0.00096,0.013315215441106665
13因子-反向Bottom100,2026-03-11,100,-0.019456672286492494,0.6,0.3,0.0009,-0.020356672286492496
13因子-反向Bottom100,2026-03-18,100,-0.04685102459184959,0.44,0.22,0.00066,-0.04751102459184959
13因子-反向Bottom100,2026-03-25,100,-0.028564698818723377,0.52,0.26,0.0007800000000000001,-0.029344698818723376
13因子-反向Bottom100,2026-04-01,100,-0.019673190370720742,0.6,0.3,0.0009,-0.020573190370720744
13因子-反向Bottom100,2026-04-09,100,0.02986575120817438,0.46,0.23,0.0006900000000000001,0.02917575120817438
13因子-反向Bottom100,2026-04-16,100,4.6469224024907605e-05,0.7000000000000001,0.35000000000000003,0.0010500000000000002,-0.0010035307759750926
13因子-反向Bottom100,2026-04-23,100,-0.0016231392428121827,0.66,0.33,0.00099,-0.0026131392428121827
13因子-反向Bottom100,2026-04-30,100,0.06538808445427634,1.0,0.5,0.0015,0.06388808445427634
13因子-反向Bottom100,2026-05-12,100,-0.013246144338598127,0.54,0.27,0.0008100000000000001,-0.014056144338598127
13因子-反向Bottom100,2026-05-19,100,-0.08334063252712662,0.54,0.27,0.0008100000000000001,-0.08415063252712662
13因子-反向Bottom100,2026-05-26,100,-0.05196467429675561,0.54,0.27,0.0008100000000000001,-0.05277467429675561
13因子-反向Bottom100,2026-06-02,100,-0.022748620663964013,0.52,0.26,0.0007800000000000001,-0.023528620663964012
13因子-反向Bottom100,2026-06-09,100,-0.004509961576591853,0.44,0.22,0.00066,-0.005169961576591853
13因子-反向Bottom100,2026-06-16,100,0.004916511634418065,0.48,0.24,0.0007199999999999999,0.004196511634418065
13因子-反向Bottom100,2026-06-24,100,-0.03046305024292316,0.46,0.23,0.0006900000000000001,-0.03115305024292316
13因子-反向Bottom100,2026-07-01,100,-0.08793132828282618,0.42,0.21,0.00063,-0.08856132828282619
13因子-反向Bottom100,2026-07-08,100,-0.046421488398690265,0.5,0.25,0.00075,-0.047171488398690266
13因子-反向Bottom100,2026-07-15,100,-0.11078497870770235,0.56,0.28,0.0008400000000000001,-0.11162497870770234
13因子-反向Bottom100,2026-07-22,100,0.0036730597655610787,0.48,0.24,0.0007199999999999999,0.002953059765561079
13因子-未中性化,2015-01-05,100,-0.03105739254510853,1.0,1.0,0.0015,-0.03255739254510853
13因子-未中性化,2015-01-12,100,-0.038853446125546184,0.12,0.06,0.00017999999999999998,-0.039033446125546184
13因子-未中性化,2015-01-19,100,0.07931637099045043,0.14,0.07,0.00021000000000000004,0.07910637099045043
13因子-未中性化,2015-01-26,100,-0.04769660158414444,0.1,0.05,0.00015000000000000001,-0.04784660158414444
13因子-未中性化,2015-02-02,100,-0.00872162061480352,0.08,0.04,0.00012,-0.00884162061480352
13因子-未中性化,2015-02-09,100,0.053704872234962314,0.04,0.02,6e-05,0.05364487223496232
13因子-未中性化,2015-02-16,100,0.02675774625960316,0.08,0.04,0.00012,0.026637746259603162
13因子-未中性化,2015-03-02,100,-0.006725417431660699,0.12,0.06,0.00017999999999999998,-0.006905417431660699
13因子-未中性化,2015-03-09,100,0.057088924647029825,0.12,0.06,0.00017999999999999998,0.056908924647029825
13因子-未中性化,2015-03-16,100,0.05742898768950613,0.12,0.06,0.00017999999999999998,0.05724898768950613
13因子-未中性化,2015-03-23,100,0.035634704093212545,0.26,0.13,0.00039000000000000005,0.035244704093212544
13因子-未中性化,2015-03-30,100,0.05062709445009927,0.18,0.09,0.00027,0.05035709445009927
13因子-未中性化,2015-04-07,100,0.05260444059978008,0.22,0.11,0.00033,0.052274440599780085
13因子-未中性化,2015-04-14,100,0.03237602283182521,0.18,0.09,0.00027,0.03210602283182521
13因子-未中性化,2015-04-21,100,0.016762436245599116,0.14,0.07,0.00021000000000000004,0.016552436245599118
13因子-未中性化,2015-04-28,100,-0.04365144017724795,0.54,0.27,0.0008100000000000001,-0.04446144017724795
13因子-未中性化,2015-05-06,100,0.05142150790507805,0.54,0.27,0.0008100000000000001,0.050611507905078054
13因子-未中性化,2015-05-13,100,0.01131867090393459,0.08,0.04,0.00012,0.01119867090393459
13因子-未中性化,2015-05-20,100,0.10722533351460356,0.08,0.04,0.00012,0.10710533351460357
13因子-未中性化,2015-05-27,100,-8.107976591699706e-05,0.08,0.04,0.00012,-0.00020107976591699707
13因子-未中性化,2015-06-03,100,0.04529012710273292,0.1,0.05,0.00015000000000000001,0.04514012710273292
13因子-未中性化,2015-06-10,100,-0.0268981151995596,0.18,0.09,0.00027,-0.0271681151995596
13因子-未中性化,2015-06-17,100,-0.07095924562199839,0.12,0.06,0.00017999999999999998,-0.07113924562199839
13因子-未中性化,2015-06-25,100,-0.11978036476356266,0.1,0.05,0.00015000000000000001,-0.11993036476356266
13因子-未中性化,2015-07-02,100,-0.0459526903064698,0.14,0.07,0.00021000000000000004,-0.0461626903064698
13因子-未中性化,2015-07-09,100,0.03914983140716572,0.28,0.14,0.00042000000000000007,0.038729831407165724
13因子-未中性化,2015-07-16,100,0.0681256813756185,0.18,0.09,0.00027,0.0678556813756185
13因子-未中性化,2015-07-23,100,-0.11062541368727169,0.12,0.06,0.00017999999999999998,-0.11080541368727169
13因子-未中性化,2015-07-30,100,0.009940074754679298,0.12,0.06,0.00017999999999999998,0.009760074754679299
13因子-未中性化,2015-08-06,100,0.06686929066306035,0.16,0.08,0.00024,0.06662929066306035
13因子-未中性化,2015-08-13,100,-0.06800154827492326,0.14,0.07,0.00021000000000000004,-0.06821154827492326
13因子-未中性化,2015-08-20,100,-0.15243409588356094,0.18,0.09,0.00027,-0.15270409588356093
13因子-未中性化,2015-08-27,100,0.0074396917316852315,0.28,0.14,0.00042000000000000007,0.007019691731685231
13因子-未中性化,2015-09-07,100,0.00012098338016047205,0.2,0.1,0.00030000000000000003,-0.00017901661983952798
13因子-未中性化,2015-09-14,100,0.021379050192387162,0.06,0.03,8.999999999999999e-05,0.021289050192387162
13因子-未中性化,2015-09-21,100,-0.01130269650566923,0.04,0.02,6e-05,-0.011362696505669229
13因子-未中性化,2015-09-28,100,0.07586150889381084,0.06,0.03,8.999999999999999e-05,0.07577150889381083
13因子-未中性化,2015-10-12,100,0.029653228380141908,0.06,0.03,8.999999999999999e-05,0.029563228380141908
13因子-未中性化,2015-10-19,100,0.014137783690819472,0.1,0.05,0.00015000000000000001,0.013987783690819471
13因子-未中性化,2015-10-26,100,-0.027140503812847844,0.16,0.08,0.00024,-0.027380503812847845
13因子-未中性化,2015-11-02,100,0.11956834433272871,0.26,0.13,0.00039000000000000005,0.11917834433272871
13因子-未中性化,2015-11-09,100,-0.012196495207416115,0.08,0.04,0.00012,-0.012316495207416116
13因子-未中性化,2015-11-16,100,-0.006163541388439252,0.1,0.05,0.00015000000000000001,-0.006313541388439252
13因子-未中性化,2015-11-23,100,-0.050652761836842426,0.06,0.03,8.999999999999999e-05,-0.050742761836842426
13因子-未中性化,2015-11-30,100,0.03734690903031141,0.06,0.03,8.999999999999999e-05,0.03725690903031141
13因子-未中性化,2015-12-07,100,0.009062608801792991,0.12,0.06,0.00017999999999999998,0.008882608801792992
13因子-未中性化,2015-12-14,100,0.0446922779685415,0.08,0.04,0.00012,0.0445722779685415
13因子-未中性化,2015-12-21,100,-0.034766650210429906,0.12,0.06,0.00017999999999999998,-0.034946650210429905
13因子-未中性化,2015-12-28,100,-0.06772517144885735,0.06,0.03,8.999999999999999e-05,-0.06781517144885736
13因子-未中性化,2016-01-05,100,-0.07279906813660948,0.06,0.03,8.999999999999999e-05,-0.07288906813660949
13因子-未中性化,2016-01-12,100,0.004756539078857148,0.04,0.02,6e-05,0.004696539078857148
13因子-未中性化,2016-01-19,100,-0.08983544703544022,0.04,0.02,6e-05,-0.08989544703544022
13因子-未中性化,2016-01-26,100,0.012732020874569625,0.1,0.05,0.00015000000000000001,0.012582020874569624
13因子-未中性化,2016-02-02,100,0.018548106143143662,0.04,0.02,6e-05,0.01848810614314366
13因子-未中性化,2016-02-16,100,0.019549423732352328,0.06,0.03,8.999999999999999e-05,0.019459423732352328
13因子-未中性化,2016-02-23,100,-0.057754688138069096,0.04,0.02,6e-05,-0.057814688138069094
13因子-未中性化,2016-03-01,100,0.06393738905046939,0.04,0.02,6e-05,0.06387738905046939
13因子-未中性化,2016-03-08,100,-0.001997773169225335,0.08,0.04,0.00012,-0.002117773169225335
13因子-未中性化,2016-03-15,100,0.05306338171454298,0.1,0.05,0.00015000000000000001,0.05291338171454298
13因子-未中性化,2016-03-22,100,-0.021704941186270584,0.1,0.05,0.00015000000000000001,-0.021854941186270585
13因子-未中性化,2016-03-29,100,0.04395433090751185,0.08,0.04,0.00012,0.04383433090751185
13因子-未中性化,2016-04-06,100,0.001296326715878664,0.22,0.11,0.00033,0.0009663267158786641
13因子-未中性化,2016-04-13,100,-0.029143246280604333,0.14,0.07,0.00021000000000000004,-0.02935324628060433
13因子-未中性化,2016-04-20,100,-0.004129672882019755,0.16,0.08,0.00024,-0.004369672882019755
13因子-未中性化,2016-04-27,100,0.02353288232562929,0.42,0.21,0.00063,0.02290288232562929
13因子-未中性化,2016-05-05,100,-0.03378965393437295,0.6,0.3,0.0009,-0.03468965393437295
13因子-未中性化,2016-05-12,100,-0.016034839204493515,0.06,0.03,8.999999999999999e-05,-0.016124839204493514
13因子-未中性化,2016-05-19,100,-0.00017224951261665344,0.1,0.05,0.00015000000000000001,-0.0003222495126166535
13因子-未中性化,2016-05-26,100,0.03946269693118071,0.04,0.02,6e-05,0.03940269693118071
13因子-未中性化,2016-06-02,100,-0.020965345381896337,0.1,0.05,0.00015000000000000001,-0.021115345381896338
13因子-未中性化,2016-06-13,100,0.02431398010079524,0.1,0.05,0.00015000000000000001,0.02416398010079524
13因子-未中性化,2016-06-20,100,0.006370502622339249,0.08,0.04,0.00012,0.0062505026223392485
13因子-未中性化,2016-06-27,100,0.03360432259240689,0.1,0.05,0.00015000000000000001,0.033454322592406896
13因子-未中性化,2016-07-04,100,0.009404008402360055,0.08,0.04,0.00012,0.009284008402360055
13因子-未中性化,2016-07-11,100,0.02805588599414386,0.04,0.02,6e-05,0.02799588599414386
13因子-未中性化,2016-07-18,100,-0.011566678912645784,0.06,0.03,8.999999999999999e-05,-0.011656678912645784
13因子-未中性化,2016-07-25,100,-0.004434276769620762,0.08,0.04,0.00012,-0.004554276769620762
13因子-未中性化,2016-08-01,100,0.010945557124842891,0.12,0.06,0.00017999999999999998,0.010765557124842891
13因子-未中性化,2016-08-08,100,0.048352919287215655,0.1,0.05,0.00015000000000000001,0.04820291928721566
13因子-未中性化,2016-08-15,100,-0.017119216391226686,0.18,0.09,0.00027,-0.017389216391226685
13因子-未中性化,2016-08-22,100,-0.009823989144168512,0.18,0.09,0.00027,-0.010093989144168512
13因子-未中性化,2016-08-29,100,-0.0009387638440396262,0.32,0.16,0.00048,-0.0014187638440396261
13因子-未中性化,2016-09-05,100,-0.024102278890184046,0.24,0.12,0.00035999999999999997,-0.024462278890184045
13因子-未中性化,2016-09-12,100,0.0013921786125963898,0.04,0.02,6e-05,0.00133217861259639
13因子-未中性化,2016-09-21,100,-0.010935759691259029,0.08,0.04,0.00012,-0.01105575969125903
13因子-未中性化,2016-09-28,100,0.021775397034786405,0.02,0.01,3e-05,0.021745397034786406
13因子-未中性化,2016-10-12,100,0.0034966113144354006,0.02,0.01,3e-05,0.0034666113144354005
13因子-未中性化,2016-10-19,100,0.011608633633189131,0.04,0.02,6e-05,0.011548633633189132
13因子-未中性化,2016-10-26,100,-0.002213785248236525,0.18,0.09,0.00027,-0.0024837852482365247
13因子-未中性化,2016-11-02,100,0.0032333123495796603,0.24,0.12,0.00035999999999999997,0.00287331234957966
13因子-未中性化,2016-11-09,100,0.023294843316765616,0.04,0.02,6e-05,0.023234843316765615
13因子-未中性化,2016-11-16,100,0.005688026919615471,0.04,0.02,6e-05,0.005628026919615471
13因子-未中性化,2016-11-23,100,0.013814270208449546,0.02,0.01,3e-05,0.013784270208449545
13因子-未中性化,2016-11-30,100,-0.015802285490294582,0.08,0.04,0.00012,-0.01592228549029458
13因子-未中性化,2016-12-07,100,-0.027203980409508645,0.06,0.03,8.999999999999999e-05,-0.027293980409508645
13因子-未中性化,2016-12-14,100,-0.007651082351651643,0.04,0.02,6e-05,-0.007711082351651643
13因子-未中性化,2016-12-21,100,-0.011396489984115972,0.02,0.01,3e-05,-0.011426489984115972
13因子-未中性化,2016-12-28,100,0.023771868145184484,0.04,0.02,6e-05,0.023711868145184483
13因子-未中性化,2017-01-05,100,-0.019090576692758553,0.04,0.02,6e-05,-0.019150576692758554
13因子-未中性化,2017-01-12,100,0.00402143607106307,0.04,0.02,6e-05,0.00396143607106307
13因子-未中性化,2017-01-19,100,0.01628064336888499,0.06,0.03,8.999999999999999e-05,0.01619064336888499
13因子-未中性化,2017-01-26,100,0.004649561556288416,0.08,0.04,0.00012,0.004529561556288416
13因子-未中性化,2017-02-09,100,0.016338916749495593,0.04,0.02,6e-05,0.01627891674949559
13因子-未中性化,2017-02-16,100,0.00969180929735124,0.04,0.02,6e-05,0.00963180929735124
13因子-未中性化,2017-02-23,100,-0.009421018914396862,0.06,0.03,8.999999999999999e-05,-0.009511018914396862
13因子-未中性化,2017-03-02,100,-0.003416541075253101,0.02,0.01,3e-05,-0.003446541075253101
13因子-未中性化,2017-03-09,100,0.013468367433254858,0.02,0.01,3e-05,0.013438367433254857
13因子-未中性化,2017-03-16,100,-0.007160858263249907,0.1,0.05,0.00015000000000000001,-0.007310858263249907
13因子-未中性化,2017-03-23,100,-0.0017250549242284851,0.06,0.03,8.999999999999999e-05,-0.0018150549242284852
13因子-未中性化,2017-03-30,100,0.01392950087479189,0.16,0.08,0.00024,0.013689500874791889
13因子-未中性化,2017-04-10,100,-0.0051403840737768184,0.2,0.1,0.00030000000000000003,-0.005440384073776818
13因子-未中性化,2017-04-17,100,-0.012302150326283328,0.16,0.08,0.00024,-0.012542150326283329
13因子-未中性化,2017-04-24,100,-0.010505507437413153,0.26,0.13,0.00039000000000000005,-0.010895507437413153
13因子-未中性化,2017-05-02,100,-0.01848145268898432,0.72,0.36,0.00108,-0.01956145268898432
13因子-未中性化,2017-05-09,100,0.02264029052710161,0.08,0.04,0.00012,0.02252029052710161
13因子-未中性化,2017-05-16,100,-0.003872552110394277,0.14,0.07,0.00021000000000000004,-0.004082552110394277
13因子-未中性化,2017-05-23,100,0.01958689819605468,0.08,0.04,0.00012,0.019466898196054683
13因子-未中性化,2017-06-01,100,0.02705309757540576,0.12,0.06,0.00017999999999999998,0.02687309757540576
13因子-未中性化,2017-06-08,100,-0.005282650345048767,0.16,0.08,0.00024,-0.005522650345048767
13因子-未中性化,2017-06-15,100,0.007699627634183843,0.16,0.08,0.00024,0.007459627634183843
13因子-未中性化,2017-06-22,100,0.019289700761093657,0.1,0.05,0.00015000000000000001,0.019139700761093656
13因子-未中性化,2017-06-29,100,0.001618076630592865,0.08,0.04,0.00012,0.001498076630592865
13因子-未中性化,2017-07-06,100,0.006518646229433656,0.06,0.03,8.999999999999999e-05,0.006428646229433656
13因子-未中性化,2017-07-13,100,0.011032434932038622,0.12,0.06,0.00017999999999999998,0.010852434932038623
13因子-未中性化,2017-07-20,100,0.006389373309123529,0.14,0.07,0.00021000000000000004,0.006179373309123529
13因子-未中性化,2017-07-27,100,0.0019869653941019592,0.16,0.08,0.00024,0.0017469653941019592
13因子-未中性化,2017-08-03,100,0.0072609586893371625,0.14,0.07,0.00021000000000000004,0.007050958689337162
13因子-未中性化,2017-08-10,100,0.003632556836913803,0.18,0.09,0.00027,0.003362556836913803
13因子-未中性化,2017-08-17,100,-0.0031837877999411047,0.18,0.09,0.00027,-0.0034537877999411045
13因子-未中性化,2017-08-24,100,0.024164700652225025,0.34,0.17,0.00051,0.023654700652225025
13因子-未中性化,2017-08-31,100,0.003406816004507847,0.44,0.22,0.00066,0.002746816004507847
13因子-未中性化,2017-09-07,100,0.0011559516101489608,0.04,0.02,6e-05,0.0010959516101489608
13因子-未中性化,2017-09-14,100,0.004617198657787612,0.06,0.03,8.999999999999999e-05,0.004527198657787612
13因子-未中性化,2017-09-21,100,-0.0009584332207376655,0.06,0.03,8.999999999999999e-05,-0.0010484332207376654
13因子-未中性化,2017-09-28,100,0.027019060233779015,0.04,0.02,6e-05,0.026959060233779013
13因子-未中性化,2017-10-12,100,0.002597204304847326,0.12,0.06,0.00017999999999999998,0.002417204304847326
13因子-未中性化,2017-10-19,100,0.010872432784687129,0.1,0.05,0.00015000000000000001,0.010722432784687128
13因子-未中性化,2017-10-26,100,-0.008362428149510827,0.22,0.11,0.00033,-0.008692428149510828
13因子-未中性化,2017-11-02,100,0.01158023324811328,0.32,0.16,0.00048,0.011100233248113281
13因子-未中性化,2017-11-09,100,0.007628673953442795,0.06,0.03,8.999999999999999e-05,0.007538673953442795
13因子-未中性化,2017-11-16,100,-0.013295927035256807,0.04,0.02,6e-05,-0.013355927035256806
13因子-未中性化,2017-11-23,100,-0.009197695219674683,0.04,0.02,6e-05,-0.009257695219674683
13因子-未中性化,2017-11-30,100,-0.008818333904338702,0.1,0.05,0.00015000000000000001,-0.008968333904338703
13因子-未中性化,2017-12-07,100,0.020209593789970278,0.08,0.04,0.00012,0.02008959378997028
13因子-未中性化,2017-12-14,100,0.005722523572355947,0.08,0.04,0.00012,0.005602523572355946
13因子-未中性化,2017-12-21,100,5.483568812235662e-05,0.08,0.04,0.00012,-6.516431187764338e-05
13因子-未中性化,2017-12-28,100,0.03869264442956682,0.1,0.05,0.00015000000000000001,0.03854264442956682
13因子-未中性化,2018-01-05,100,0.016925279824588146,0.2,0.1,0.00030000000000000003,0.016625279824588144
13因子-未中性化,2018-01-12,100,0.005350127579571404,0.16,0.08,0.00024,0.005110127579571405
13因子-未中性化,2018-01-19,100,0.0296151684924652,0.16,0.08,0.00024,0.0293751684924652
13因子-未中性化,2018-01-26,100,-0.028226320164473937,0.1,0.05,0.00015000000000000001,-0.028376320164473938
13因子-未中性化,2018-02-02,100,-0.0829387744229604,0.06,0.03,8.999999999999999e-05,-0.0830287744229604
13因子-未中性化,2018-02-09,100,0.0518842595120085,0.02,0.01,3e-05,0.0518542595120085
13因子-未中性化,2018-02-23,100,-0.0013256910290142731,0.1,0.05,0.00015000000000000001,-0.001475691029014273
13因子-未中性化,2018-03-02,100,0.024806751114302972,0.06,0.03,8.999999999999999e-05,0.024716751114302972
13因子-未中性化,2018-03-09,100,-0.011855507234524141,0.14,0.07,0.00021000000000000004,-0.012065507234524141
13因子-未中性化,2018-03-16,100,-0.04303320244418254,0.18,0.09,0.00027,-0.04330320244418254
13因子-未中性化,2018-03-23,100,0.008391422392884491,0.1,0.05,0.00015000000000000001,0.00824142239288449
13因子-未中性化,2018-03-30,100,0.0024319170499006513,0.26,0.13,0.00039000000000000005,0.002041917049900651
13因子-未中性化,2018-04-10,100,-0.036430409496417605,0.12,0.06,0.00017999999999999998,-0.036610409496417605
13因子-未中性化,2018-04-17,100,0.02190554159274684,0.1,0.05,0.00015000000000000001,0.021755541592746837
13因子-未中性化,2018-04-24,100,0.0017679992561207925,0.2,0.1,0.00030000000000000003,0.0014679992561207923
13因子-未中性化,2018-05-03,100,0.038123583581302335,0.68,0.34,0.00102,0.037103583581302335
13因子-未中性化,2018-05-10,100,-0.003627164813755389,0.12,0.06,0.00017999999999999998,-0.003807164813755389
13因子-未中性化,2018-05-17,100,-0.003452549852485175,0.06,0.03,8.999999999999999e-05,-0.0035425498524851748
13因子-未中性化,2018-05-24,100,0.0081855108239373,0.08,0.04,0.00012,0.0080655108239373
13因子-未中性化,2018-05-31,100,0.015913968880638337,0.12,0.06,0.00017999999999999998,0.015733968880638338
13因子-未中性化,2018-06-07,100,-0.012329988746300926,0.12,0.06,0.00017999999999999998,-0.012509988746300925
13因子-未中性化,2018-06-14,100,-0.048615474023175335,0.16,0.08,0.00024,-0.04885547402317533
13因子-未中性化,2018-06-22,100,-0.016674016693103606,0.2,0.1,0.00030000000000000003,-0.016974016693103607
13因子-未中性化,2018-06-29,100,-0.04192998397601582,0.08,0.04,0.00012,-0.04204998397601582
13因子-未中性化,2018-07-06,100,0.059077433830180846,0.04,0.02,6e-05,0.05901743383018085
13因子-未中性化,2018-07-13,100,-0.006059329755154818,0.04,0.02,6e-05,-0.006119329755154818
13因子-未中性化,2018-07-20,100,0.008521153872886785,0.16,0.08,0.00024,0.008281153872886785
13因子-未中性化,2018-07-27,100,-0.06471650786721989,0.14,0.07,0.00021000000000000004,-0.06492650786721989
13因子-未中性化,2018-08-03,100,0.022928365650914752,0.2,0.1,0.00030000000000000003,0.02262836565091475
13因子-未中性化,2018-08-10,100,-0.05244188543248916,0.14,0.07,0.00021000000000000004,-0.052651885432489165
13因子-未中性化,2018-08-17,100,0.017652355746057575,0.14,0.07,0.00021000000000000004,0.017442355746057576
13因子-未中性化,2018-08-24,100,-0.005449924481038419,0.32,0.16,0.00048,-0.00592992448103842
13因子-未中性化,2018-08-31,100,-0.017507671224459086,0.36,0.18,0.00054,-0.018047671224459085
13因子-未中性化,2018-09-07,100,-0.018184477446794002,0.06,0.03,8.999999999999999e-05,-0.018274477446794002
13因子-未中性化,2018-09-14,100,0.05360046319880926,0.02,0.01,3e-05,0.05357046319880926
13因子-未中性化,2018-09-21,100,-0.03420141361417459,0.06,0.03,8.999999999999999e-05,-0.03429141361417459
13因子-未中性化,2018-10-08,100,-0.06241783164332392,0.04,0.02,6e-05,-0.06247783164332392
13因子-未中性化,2018-10-15,100,0.03822139165485592,0.1,0.05,0.00015000000000000001,0.03807139165485592
13因子-未中性化,2018-10-22,100,-0.06842146840236386,0.08,0.04,0.00012,-0.06854146840236386
13因子-未中性化,2018-10-29,100,0.05805095676063793,0.38,0.19,0.00057,0.05748095676063793
13因子-未中性化,2018-11-05,100,-0.007855661026198633,0.3,0.15,0.00045,-0.008305661026198634
13因子-未中性化,2018-11-12,100,0.020897453025515045,0.08,0.04,0.00012,0.020777453025515046
13因子-未中性化,2018-11-19,100,-0.0558841194986899,0.12,0.06,0.00017999999999999998,-0.0560641194986899
13因子-未中性化,2018-11-26,100,0.03810027369605611,0.08,0.04,0.00012,0.03798027369605611
13因子-未中性化,2018-12-03,100,-0.030490296662307452,0.08,0.04,0.00012,-0.03061029666230745
13因子-未中性化,2018-12-10,100,0.01085782912249887,0.1,0.05,0.00015000000000000001,0.010707829122498869
13因子-未中性化,2018-12-17,100,-0.01910658503131545,0.04,0.02,6e-05,-0.01916658503131545
13因子-未中性化,2018-12-24,100,-0.030155748476950156,0.06,0.03,8.999999999999999e-05,-0.030245748476950156
13因子-未中性化,2019-01-02,100,0.030434737303115432,0.08,0.04,0.00012,0.030314737303115433
13因子-未中性化,2019-01-09,100,0.018095083944361653,0.08,0.04,0.00012,0.017975083944361654
13因子-未中性化,2019-01-16,100,0.011147895494032879,0.1,0.05,0.00015000000000000001,0.010997895494032878
13因子-未中性化,2019-01-23,100,0.0030995171029746613,0.1,0.05,0.00015000000000000001,0.0029495171029746614
13因子-未中性化,2019-01-30,100,0.06523237579803778,0.12,0.06,0.00017999999999999998,0.06505237579803778
13因子-未中性化,2019-02-13,100,0.019051704388518782,0.1,0.05,0.00015000000000000001,0.01890170438851878
13因子-未中性化,2019-02-20,100,0.05584302987451121,0.12,0.06,0.00017999999999999998,0.05566302987451121
13因子-未中性化,2019-02-27,100,0.05108124856275165,0.12,0.06,0.00017999999999999998,0.05090124856275165
13因子-未中性化,2019-03-06,100,-0.02051252478284327,0.1,0.05,0.00015000000000000001,-0.02066252478284327
13因子-未中性化,2019-03-13,100,0.04083751026136264,0.06,0.03,8.999999999999999e-05,0.04074751026136264
13因子-未中性化,2019-03-20,100,-0.014455546743449463,0.16,0.08,0.00024,-0.014695546743449464
13因子-未中性化,2019-03-27,100,0.060353580336092776,0.2,0.1,0.00030000000000000003,0.060053580336092774
13因子-未中性化,2019-04-03,100,-0.005263204206396124,0.3,0.15,0.00045,-0.005713204206396124
13因子-未中性化,2019-04-11,100,0.011849851729460794,0.08,0.04,0.00012,0.011729851729460793
13因子-未中性化,2019-04-18,100,-0.033493318069897346,0.14,0.07,0.00021000000000000004,-0.03370331806989735
13因子-未中性化,2019-04-25,100,-0.04539831983925916,0.32,0.16,0.00048,-0.04587831983925916
13因子-未中性化,2019-05-07,100,-0.014951043404573774,0.84,0.42,0.00126,-0.016211043404573775
13因子-未中性化,2019-05-14,100,0.008569556361742057,0.12,0.06,0.00017999999999999998,0.008389556361742058
13因子-未中性化,2019-05-21,100,8.675271559686948e-05,0.06,0.03,8.999999999999999e-05,-3.247284403130513e-06
13因子-未中性化,2019-05-28,100,-0.022568711013768904,0.04,0.02,6e-05,-0.022628711013768905
13因子-未中性化,2019-06-04,100,0.02154150283676209,0.08,0.04,0.00012,0.021421502836762092
13因子-未中性化,2019-06-12,100,0.009434143923193531,0.06,0.03,8.999999999999999e-05,0.009344143923193531
13因子-未中性化,2019-06-19,100,0.028090494796010876,0.06,0.03,8.999999999999999e-05,0.028000494796010876
13因子-未中性化,2019-06-26,100,0.02929465640548001,0.08,0.04,0.00012,0.02917465640548001
13因子-未中性化,2019-07-03,100,-0.02836937151012452,0.04,0.02,6e-05,-0.02842937151012452
13因子-未中性化,2019-07-10,100,0.009878544884333866,0.06,0.03,8.999999999999999e-05,0.009788544884333866
13因子-未中性化,2019-07-17,100,0.0042218961506820755,0.02,0.01,3e-05,0.004191896150682076
13因子-未中性化,2019-07-24,100,0.0019603793124056256,0.06,0.03,8.999999999999999e-05,0.0018703793124056256
13因子-未中性化,2019-07-31,100,-0.05802925244319946,0.08,0.04,0.00012,-0.05814925244319946
13因子-未中性化,2019-08-07,100,0.020042236034818653,0.08,0.04,0.00012,0.019922236034818654
13因子-未中性化,2019-08-14,100,0.0377589126617499,0.22,0.11,0.00033,0.0374289126617499
13因子-未中性化,2019-08-21,100,0.009483086340344737,0.28,0.14,0.00042000000000000007,0.009063086340344736
13因子-未中性化,2019-08-28,100,0.017515870641874272,0.44,0.22,0.00066,0.01685587064187427
13因子-未中性化,2019-09-04,100,0.007165817008799233,0.22,0.11,0.00033,0.006835817008799233
13因子-未中性化,2019-09-11,100,-0.0006800648287132638,0.06,0.03,8.999999999999999e-05,-0.0007700648287132638
13因子-未中性化,2019-09-19,100,-0.017806772547541438,0.04,0.02,6e-05,-0.01786677254754144
13因子-未中性化,2019-09-26,100,0.007334908343616949,0.04,0.02,6e-05,0.007274908343616949
13因子-未中性化,2019-10-10,100,0.017495600148670597,0.06,0.03,8.999999999999999e-05,0.017405600148670597
13因子-未中性化,2019-10-17,100,-0.017427622661422938,0.12,0.06,0.00017999999999999998,-0.017607622661422937
13因子-未中性化,2019-10-24,100,0.007467119467399637,0.16,0.08,0.00024,0.007227119467399637
13因子-未中性化,2019-10-31,100,0.02257552158942377,0.26,0.13,0.00039000000000000005,0.02218552158942377
13因子-未中性化,2019-11-07,100,-0.021238249644959743,0.04,0.02,6e-05,-0.021298249644959744
13因子-未中性化,2019-11-14,100,0.005095837813318851,0.08,0.04,0.00012,0.004975837813318851
13因子-未中性化,2019-11-21,100,-0.006117894252708066,0.02,0.01,3e-05,-0.0061478942527080655
13因子-未中性化,2019-11-28,100,0.00414674180853886,0.14,0.07,0.00021000000000000004,0.00393674180853886
13因子-未中性化,2019-12-05,100,0.0037856710602537425,0.02,0.01,3e-05,0.0037556710602537425
13因子-未中性化,2019-12-12,100,0.032194631529908625,0.02,0.01,3e-05,0.03216463152990862
13因子-未中性化,2019-12-19,100,-0.0015511448978517872,0.08,0.04,0.00012,-0.0016711448978517873
13因子-未中性化,2019-12-26,100,0.0304101412429924,0.1,0.05,0.00015000000000000001,0.030260141242992398
13因子-未中性化,2020-01-03,100,0.011585979499420716,0.08,0.04,0.00012,0.011465979499420716
13因子-未中性化,2020-01-10,100,-0.007446882518378007,0.06,0.03,8.999999999999999e-05,-0.007536882518378007
13因子-未中性化,2020-01-17,100,-0.11666806904321453,0.04,0.02,6e-05,-0.11672806904321453
13因子-未中性化,2020-02-03,100,0.0556606520207827,0.12,0.06,0.00017999999999999998,0.0554806520207827
13因子-未中性化,2020-02-10,100,0.03496051540987744,0.08,0.04,0.00012,0.03484051540987744
13因子-未中性化,2020-02-17,100,0.0046380059065429646,0.06,0.03,8.999999999999999e-05,0.004548005906542965
13因子-未中性化,2020-02-24,100,-0.006193800944549906,0.04,0.02,6e-05,-0.0062538009445499065
13因子-未中性化,2020-03-02,100,-0.005622883769960445,0.08,0.04,0.00012,-0.005742883769960445
13因子-未中性化,2020-03-09,100,-0.06035533837147968,0.08,0.04,0.00012,-0.060475338371479684
13因子-未中性化,2020-03-16,100,-0.04876935284741478,0.02,0.01,3e-05,-0.04879935284741478
13因子-未中性化,2020-03-23,100,0.04083131130124158,0.12,0.06,0.00017999999999999998,0.04065131130124158
13因子-未中性化,2020-03-30,100,0.031677635869256704,0.2,0.1,0.00030000000000000003,0.0313776358692567
13因子-未中性化,2020-04-07,100,0.007576546571009776,0.12,0.06,0.00017999999999999998,0.007396546571009776
13因子-未中性化,2020-04-14,100,-0.01008076989934974,0.06,0.03,8.999999999999999e-05,-0.01017076989934974
13因子-未中性化,2020-04-21,100,0.009091677836567134,0.18,0.09,0.00027,0.008821677836567135
13因子-未中性化,2020-04-28,100,0.026163334370737795,0.6,0.3,0.0009,0.025263334370737793
13因子-未中性化,2020-05-08,100,-0.009089561788371215,0.88,0.44,0.00132,-0.010409561788371215
13因子-未中性化,2020-05-15,100,-0.019085227241286237,0.04,0.02,6e-05,-0.01914522724128624
13因子-未中性化,2020-05-22,100,0.01770911798922264,0.02,0.01,3e-05,0.017679117989222642
13因子-未中性化,2020-05-29,100,0.02721347063705177,0.04,0.02,6e-05,0.027153470637051768
13因子-未中性化,2020-06-05,100,-0.002610388903741474,0.06,0.03,8.999999999999999e-05,-0.0027003889037414738
13因子-未中性化,2020-06-12,100,0.028477520022894273,0.1,0.05,0.00015000000000000001,0.02832752002289427
13因子-未中性化,2020-06-19,100,0.02658450110628415,0.08,0.04,0.00012,0.026464501106284153
13因子-未中性化,2020-06-30,100,0.1359410603886966,0.1,0.05,0.00015000000000000001,0.1357910603886966
13因子-未中性化,2020-07-07,100,0.0408653630426534,0.16,0.08,0.00024,0.040625363042653406
13因子-未中性化,2020-07-14,100,-0.021122480966281623,0.1,0.05,0.00015000000000000001,-0.021272480966281624
13因子-未中性化,2020-07-21,100,-0.028725618066739914,0.04,0.02,6e-05,-0.028785618066739915
13因子-未中性化,2020-07-28,100,0.03743292899186799,0.08,0.04,0.00012,0.037312928991867986
13因子-未中性化,2020-08-04,100,-0.020149715961103366,0.1,0.05,0.00015000000000000001,-0.020299715961103366
13因子-未中性化,2020-08-11,100,0.038147985721230786,0.1,0.05,0.00015000000000000001,0.03799798572123079
13因子-未中性化,2020-08-18,100,-0.010218310273467798,0.12,0.06,0.00017999999999999998,-0.010398310273467798
13因子-未中性化,2020-08-25,100,0.011622500257018897,0.3,0.15,0.00045,0.011172500257018896
13因子-未中性化,2020-09-01,100,-0.02419507320524006,0.36,0.18,0.00054,-0.024735073205240057
13因子-未中性化,2020-09-08,100,-0.013802379817294546,0.04,0.02,6e-05,-0.013862379817294546
13因子-未中性化,2020-09-15,100,-0.0030784706647888336,0.02,0.01,3e-05,-0.0031084706647888337
13因子-未中性化,2020-09-22,100,-0.007329259371260907,0.06,0.03,8.999999999999999e-05,-0.007419259371260907
13因子-未中性化,2020-09-29,100,0.036111938704006794,0.06,0.03,8.999999999999999e-05,0.036021938704006794
13因子-未中性化,2020-10-14,100,-0.0009117103324805576,0.04,0.02,6e-05,-0.0009717103324805576
13因子-未中性化,2020-10-21,100,-0.008821367399534909,0.08,0.04,0.00012,-0.008941367399534909
13因子-未中性化,2020-10-28,100,0.005597344909334171,0.24,0.12,0.00035999999999999997,0.005237344909334171
13因子-未中性化,2020-11-04,100,0.01709300464056171,0.28,0.14,0.00042000000000000007,0.01667300464056171
13因子-未中性化,2020-11-11,100,-0.00040533013410975485,0.12,0.06,0.00017999999999999998,-0.0005853301341097548
13因子-未中性化,2020-11-18,100,-0.00457446456016964,0.08,0.04,0.00012,-0.0046944645601696405
13因子-未中性化,2020-11-25,100,0.031173349711097424,0.1,0.05,0.00015000000000000001,0.031023349711097423
13因子-未中性化,2020-12-02,100,-0.016728049034938026,0.1,0.05,0.00015000000000000001,-0.016878049034938027
13因子-未中性化,2020-12-09,100,0.004524508632718461,0.04,0.02,6e-05,0.004464508632718461
13因子-未中性化,2020-12-16,100,-0.0014593184317477992,0.02,0.01,3e-05,-0.0014893184317477993
13因子-未中性化,2020-12-23,100,0.00933075772461648,0.04,0.02,6e-05,0.00927075772461648
13因子-未中性化,2020-12-30,100,0.04200523941128188,0.06,0.03,8.999999999999999e-05,0.041915239411281884
13因子-未中性化,2021-01-07,100,-0.013035723208031105,0.1,0.05,0.00015000000000000001,-0.013185723208031106
13因子-未中性化,2021-01-14,100,0.019461373839928874,0.12,0.06,0.00017999999999999998,0.019281373839928874
13因子-未中性化,2021-01-21,100,-0.022619827743385917,0.06,0.03,8.999999999999999e-05,-0.022709827743385917
13因子-未中性化,2021-01-28,100,0.0015497041937477774,0.04,0.02,6e-05,0.0014897041937477775
13因子-未中性化,2021-02-04,100,0.043577363218590875,0.14,0.07,0.00021000000000000004,0.043367363218590874
13因子-未中性化,2021-02-18,100,-0.012601550183873237,0.12,0.06,0.00017999999999999998,-0.012781550183873237
13因子-未中性化,2021-02-25,100,-0.023527485092199766,0.18,0.09,0.00027,-0.023797485092199765
13因子-未中性化,2021-03-04,100,-0.022834434884154563,0.08,0.04,0.00012,-0.02295443488415456
13因子-未中性化,2021-03-11,100,0.00907935289620643,0.08,0.04,0.00012,0.00895935289620643
13因子-未中性化,2021-03-18,100,-0.024095251568087867,0.1,0.05,0.00015000000000000001,-0.024245251568087867
13因子-未中性化,2021-03-25,100,0.028824712940219776,0.1,0.05,0.00015000000000000001,0.028674712940219775
13因子-未中性化,2021-04-01,100,-0.00821206051756371,0.26,0.13,0.00039000000000000005,-0.00860206051756371
13因子-未中性化,2021-04-09,100,-0.006433018979559176,0.12,0.06,0.00017999999999999998,-0.006613018979559176
13因子-未中性化,2021-04-16,100,0.014428309381870688,0.1,0.05,0.00015000000000000001,0.014278309381870687
13因子-未中性化,2021-04-23,100,-0.0054735009493552525,0.2,0.1,0.00030000000000000003,-0.005773500949355252
13因子-未中性化,2021-04-30,100,0.001848558582877019,0.92,0.46,0.0013800000000000002,0.0004685585828770188
13因子-未中性化,2021-05-12,100,0.010790572665248355,0.12,0.06,0.00017999999999999998,0.010610572665248355
13因子-未中性化,2021-05-19,100,0.025713374370713162,0.04,0.02,6e-05,0.02565337437071316
13因子-未中性化,2021-05-26,100,0.005431357279898888,0.08,0.04,0.00012,0.005311357279898888
13因子-未中性化,2021-06-02,100,0.0004886680377640828,0.04,0.02,6e-05,0.0004286680377640828
13因子-未中性化,2021-06-09,100,-0.020959367333529252,0.1,0.05,0.00015000000000000001,-0.021109367333529253
13因子-未中性化,2021-06-17,100,0.00191592600978293,0.1,0.05,0.00015000000000000001,0.00176592600978293
13因子-未中性化,2021-06-24,100,0.007983766379248634,0.06,0.03,8.999999999999999e-05,0.007893766379248634
13因子-未中性化,2021-07-01,100,-0.029038979676180555,0.1,0.05,0.00015000000000000001,-0.029188979676180556
13因子-未中性化,2021-07-08,100,0.013215562352907117,0.08,0.04,0.00012,0.013095562352907117
13因子-未中性化,2021-07-15,100,-0.009655773002098354,0.06,0.03,8.999999999999999e-05,-0.009745773002098354
13因子-未中性化,2021-07-22,100,-0.06655057301859732,0.1,0.05,0.00015000000000000001,-0.06670057301859732
13因子-未中性化,2021-07-29,100,-0.004167411367011597,0.14,0.07,0.00021000000000000004,-0.004377411367011597
13因子-未中性化,2021-08-05,100,0.022235758611100637,0.12,0.06,0.00017999999999999998,0.022055758611100637
13因子-未中性化,2021-08-12,100,-0.009885123537171737,0.14,0.07,0.00021000000000000004,-0.010095123537171737
13因子-未中性化,2021-08-19,100,-0.005305183133019246,0.18,0.09,0.00027,-0.005575183133019247
13因子-未中性化,2021-08-26,100,0.012203116287723033,0.3,0.15,0.00045,0.011753116287723032
13因子-未中性化,2021-09-02,100,0.0478848158235257,0.44,0.22,0.00066,0.0472248158235257
13因子-未中性化,2021-09-09,100,-0.016418642440938984,0.1,0.05,0.00015000000000000001,-0.016568642440938985
13因子-未中性化,2021-09-16,100,0.011929311957442477,0.08,0.04,0.00012,0.011809311957442477
13因子-未中性化,2021-09-27,100,0.010055695514536995,0.06,0.03,8.999999999999999e-05,0.009965695514536995
13因子-未中性化,2021-10-11,100,-0.021727284090107025,0.1,0.05,0.00015000000000000001,-0.021877284090107026
13因子-未中性化,2021-10-18,100,0.0028587134852295416,0.14,0.07,0.00021000000000000004,0.0026487134852295415
13因子-未中性化,2021-10-25,100,-0.02684096331416907,0.18,0.09,0.00027,-0.02711096331416907
13因子-未中性化,2021-11-01,100,-0.0160989358553297,0.32,0.16,0.00048,-0.016578935855329702
13因子-未中性化,2021-11-08,100,0.014803162463151134,0.14,0.07,0.00021000000000000004,0.014593162463151134
13因子-未中性化,2021-11-15,100,0.011323016070169844,0.06,0.03,8.999999999999999e-05,0.011233016070169844
13因子-未中性化,2021-11-22,100,0.0041457202337347844,0.08,0.04,0.00012,0.004025720233734784
13因子-未中性化,2021-11-29,100,0.013690141446228012,0.2,0.1,0.00030000000000000003,0.013390141446228012
13因子-未中性化,2021-12-06,100,0.03410714512909185,0.14,0.07,0.00021000000000000004,0.033897145129091845
13因子-未中性化,2021-12-13,100,-0.027546166083624785,0.08,0.04,0.00012,-0.027666166083624783
13因子-未中性化,2021-12-20,100,0.010653253127429653,0.1,0.05,0.00015000000000000001,0.010503253127429652
13因子-未中性化,2021-12-27,100,0.0031814368463001586,0.08,0.04,0.00012,0.0030614368463001587
13因子-未中性化,2022-01-04,100,-0.005481776436993365,0.1,0.05,0.00015000000000000001,-0.005631776436993365
13因子-未中性化,2022-01-11,100,-0.009561645783998492,0.06,0.03,8.999999999999999e-05,-0.009651645783998491
13因子-未中性化,2022-01-18,100,-0.04496613216632092,0.08,0.04,0.00012,-0.04508613216632092
13因子-未中性化,2022-01-25,100,0.009874007330556864,0.16,0.08,0.00024,0.009634007330556863
13因子-未中性化,2022-02-08,100,0.0005428467882116417,0.08,0.04,0.00012,0.00042284678821164173
13因子-未中性化,2022-02-15,100,0.005824501099273127,0.08,0.04,0.00012,0.005704501099273127
13因子-未中性化,2022-02-22,100,0.0021248046098853624,0.14,0.07,0.00021000000000000004,0.0019148046098853623
13因子-未中性化,2022-03-01,100,-0.06249383943008362,0.1,0.05,0.00015000000000000001,-0.06264383943008361
13因子-未中性化,2022-03-08,100,-0.0674805532237397,0.1,0.05,0.00015000000000000001,-0.0676305532237397
13因子-未中性化,2022-03-15,100,0.06385165320671789,0.08,0.04,0.00012,0.06373165320671789
13因子-未中性化,2022-03-22,100,-0.014252633731163806,0.1,0.05,0.00015000000000000001,-0.014402633731163806
13因子-未中性化,2022-03-29,100,0.027728761230681177,0.08,0.04,0.00012,0.027608761230681178
13因子-未中性化,2022-04-07,100,0.015226619337714414,0.22,0.11,0.00033,0.014896619337714414
13因子-未中性化,2022-04-14,100,-0.046516966083798225,0.06,0.03,8.999999999999999e-05,-0.046606966083798225
13因子-未中性化,2022-04-21,100,-0.03777639373473534,0.16,0.08,0.00024,-0.03801639373473534
13因子-未中性化,2022-04-28,100,0.012027607497950425,0.62,0.31,0.00093,0.011097607497950425
13因子-未中性化,2022-05-10,100,0.01834937480288864,0.8200000000000001,0.41000000000000003,0.0012300000000000002,0.017119374802888637
13因子-未中性化,2022-05-17,100,-0.008972148564270697,0.06,0.03,8.999999999999999e-05,-0.009062148564270697
13因子-未中性化,2022-05-24,100,0.042908623844095065,0.08,0.04,0.00012,0.04278862384409506
13因子-未中性化,2022-05-31,100,0.025719142018499005,0.1,0.05,0.00015000000000000001,0.025569142018499004
13因子-未中性化,2022-06-08,100,0.01148718031485255,0.1,0.05,0.00015000000000000001,0.011337180314852549
13因子-未中性化,2022-06-15,100,-0.00880076875608829,0.12,0.06,0.00017999999999999998,-0.00898076875608829
13因子-未中性化,2022-06-22,100,0.03317930547714894,0.1,0.05,0.00015000000000000001,0.03302930547714894
13因子-未中性化,2022-06-29,100,0.0001455691895829869,0.04,0.02,6e-05,8.556918958298692e-05
13因子-未中性化,2022-07-06,100,-0.025401546251164156,0.08,0.04,0.00012,-0.025521546251164155
13因子-未中性化,2022-07-13,100,-0.0005597709533001294,0.06,0.03,8.999999999999999e-05,-0.0006497709533001294
13因子-未中性化,2022-07-20,100,-0.014220999909557448,0.08,0.04,0.00012,-0.014340999909557449
13因子-未中性化,2022-07-27,100,-0.03960054247750562,0.12,0.06,0.00017999999999999998,-0.03978054247750562
13因子-未中性化,2022-08-03,100,0.01911857602949463,0.06,0.03,8.999999999999999e-05,0.01902857602949463
13因子-未中性化,2022-08-10,100,0.021187295212202865,0.06,0.03,8.999999999999999e-05,0.021097295212202865
13因子-未中性化,2022-08-17,100,-0.026201627826821595,0.1,0.05,0.00015000000000000001,-0.026351627826821596
13因子-未中性化,2022-08-24,100,0.007569446910699402,0.3,0.15,0.00045,0.007119446910699402
13因子-未中性化,2022-08-31,100,-0.006382118031683676,0.38,0.19,0.00057,-0.006952118031683676
13因子-未中性化,2022-09-07,100,0.001017763474292871,0.06,0.03,8.999999999999999e-05,0.0009277634742928709
13因子-未中性化,2022-09-15,100,-0.03609002242992782,0.1,0.05,0.00015000000000000001,-0.03624002242992782
13因子-未中性化,2022-09-22,100,-0.0062667280483091736,0.08,0.04,0.00012,-0.006386728048309174
13因子-未中性化,2022-09-29,100,-0.010068606524107803,0.06,0.03,8.999999999999999e-05,-0.010158606524107803
13因子-未中性化,2022-10-13,100,0.0062439703174655865,0.08,0.04,0.00012,0.006123970317465586
13因子-未中性化,2022-10-20,100,-0.03133278723498763,0.16,0.08,0.00024,-0.031572787234987625
13因子-未中性化,2022-10-27,100,0.0038681096454912223,0.28,0.14,0.00042000000000000007,0.003448109645491222
13因子-未中性化,2022-11-03,100,0.02376849867935988,0.34,0.17,0.00051,0.02325849867935988
13因子-未中性化,2022-11-10,100,0.03196625595469709,0.08,0.04,0.00012,0.03184625595469709
13因子-未中性化,2022-11-17,100,-0.009325135436321906,0.08,0.04,0.00012,-0.009445135436321906
13因子-未中性化,2022-11-24,100,0.0334408621658243,0.1,0.05,0.00015000000000000001,0.0332908621658243
13因子-未中性化,2022-12-01,100,0.016343832631386775,0.08,0.04,0.00012,0.016223832631386777
13因子-未中性化,2022-12-08,100,-0.008664864885949478,0.06,0.03,8.999999999999999e-05,-0.008754864885949478
13因子-未中性化,2022-12-15,100,-0.0302440817083032,0.02,0.01,3e-05,-0.0302740817083032
13因子-未中性化,2022-12-22,100,0.0060335691978098535,0.02,0.01,3e-05,0.006003569197809854
13因子-未中性化,2022-12-29,100,0.02222772145296889,0.06,0.03,8.999999999999999e-05,0.02213772145296889
13因子-未中性化,2023-01-06,100,0.026810116866511146,0.1,0.05,0.00015000000000000001,0.026660116866511145
13因子-未中性化,2023-01-13,100,0.023871790577228144,0.12,0.06,0.00017999999999999998,0.023691790577228145
13因子-未中性化,2023-01-20,100,-0.005064554324064311,0.08,0.04,0.00012,-0.005184554324064311
13因子-未中性化,2023-02-03,100,-0.0002707027869216627,0.04,0.02,6e-05,-0.0003307027869216627
13因子-未中性化,2023-02-10,100,-0.005807040584889809,0.04,0.02,6e-05,-0.005867040584889809
13因子-未中性化,2023-02-17,100,0.010970496499870688,0.02,0.01,3e-05,0.010940496499870687
13因子-未中性化,2023-02-24,100,0.019939500043521508,0.06,0.03,8.999999999999999e-05,0.01984950004352151
13因子-未中性化,2023-03-03,100,-0.03350981196265294,0.08,0.04,0.00012,-0.03362981196265294
13因子-未中性化,2023-03-10,100,2.3809412516831995e-05,0.04,0.02,6e-05,-3.6190587483168006e-05
13因子-未中性化,2023-03-17,100,0.00853509946868477,0.1,0.05,0.00015000000000000001,0.00838509946868477
13因子-未中性化,2023-03-24,100,0.0072734397546393,0.18,0.09,0.00027,0.0070034397546393
13因子-未中性化,2023-03-31,100,0.006169068487577478,0.26,0.13,0.00039000000000000005,0.0057790684875774784
13因子-未中性化,2023-04-10,100,0.01672283581543578,0.12,0.06,0.00017999999999999998,0.01654283581543578
13因子-未中性化,2023-04-17,100,-0.03630561980749123,0.06,0.03,8.999999999999999e-05,-0.03639561980749123
13因子-未中性化,2023-04-24,100,0.016720726777446532,0.24,0.12,0.00035999999999999997,0.016360726777446533
13因子-未中性化,2023-05-04,100,-0.007476378537815314,0.86,0.43,0.00129,-0.008766378537815313
13因子-未中性化,2023-05-11,100,-0.011756097423179894,0.06,0.03,8.999999999999999e-05,-0.011846097423179894
13因子-未中性化,2023-05-18,100,-0.025953556826145946,0.06,0.03,8.999999999999999e-05,-0.026043556826145946
13因子-未中性化,2023-05-25,100,-0.011623087856303923,0.1,0.05,0.00015000000000000001,-0.011773087856303923
13因子-未中性化,2023-06-01,100,0.005415341758214771,0.06,0.03,8.999999999999999e-05,0.005325341758214771
13因子-未中性化,2023-06-08,100,0.025748059549115566,0.06,0.03,8.999999999999999e-05,0.025658059549115566
13因子-未中性化,2023-06-15,100,-0.041897836221309784,0.08,0.04,0.00012,-0.042017836221309786
13因子-未中性化,2023-06-26,100,0.030745404031019906,0.04,0.02,6e-05,0.030685404031019905
13因子-未中性化,2023-07-03,100,-0.002254754611332481,0.04,0.02,6e-05,-0.002314754611332481
13因子-未中性化,2023-07-10,100,0.01211638308423064,0.08,0.04,0.00012,0.01199638308423064
13因子-未中性化,2023-07-17,100,-0.006592662127553034,0.08,0.04,0.00012,-0.006712662127553034
13因子-未中性化,2023-07-24,100,0.05117374885297423,0.06,0.03,8.999999999999999e-05,0.05108374885297423
13因子-未中性化,2023-07-31,100,-0.012754108968710383,0.1,0.05,0.00015000000000000001,-0.012904108968710384
13因子-未中性化,2023-08-07,100,-0.022200358836346,0.08,0.04,0.00012,-0.022320358836345998
13因子-未中性化,2023-08-14,100,-0.028602477883950275,0.08,0.04,0.00012,-0.028722477883950274
13因子-未中性化,2023-08-21,100,0.009042558758200803,0.16,0.08,0.00024,0.008802558758200803
13因子-未中性化,2023-08-28,100,0.03568437616432698,0.3,0.15,0.00045,0.03523437616432698
13因子-未中性化,2023-09-04,100,-0.014458784596845855,0.36,0.18,0.00054,-0.014998784596845855
13因子-未中性化,2023-09-11,100,0.0007659468321253349,0.02,0.01,3e-05,0.0007359468321253349
13因子-未中性化,2023-09-18,100,-0.0058343441840749966,0.04,0.02,6e-05,-0.005894344184074997
13因子-未中性化,2023-09-25,100,-0.01682846564402046,0.06,0.03,8.999999999999999e-05,-0.01691846564402046
13因子-未中性化,2023-10-10,100,-0.0021993490064480515,0.02,0.01,3e-05,-0.0022293490064480516
13因子-未中性化,2023-10-17,100,-0.03584575082627927,0.04,0.02,6e-05,-0.03590575082627927
13因子-未中性化,2023-10-24,100,0.020583289343821122,0.1,0.05,0.00015000000000000001,0.02043328934382112
13因子-未中性化,2023-10-31,100,0.0039501797865654845,0.48,0.24,0.0007199999999999999,0.0032301797865654843
13因子-未中性化,2023-11-07,100,-0.004583343095544139,0.02,0.01,3e-05,-0.004613343095544138
13因子-未中性化,2023-11-14,100,0.005787778272287063,0.02,0.01,3e-05,0.005757778272287063
13因子-未中性化,2023-11-21,100,-0.009130491314338685,0.02,0.01,3e-05,-0.009160491314338685
13因子-未中性化,2023-11-28,100,-0.021267998230076218,0.04,0.02,6e-05,-0.02132799823007622
13因子-未中性化,2023-12-05,100,0.014798676616016944,0.06,0.03,8.999999999999999e-05,0.014708676616016944
13因子-未中性化,2023-12-12,100,-0.02314200310286575,0.04,0.02,6e-05,-0.02320200310286575
13因子-未中性化,2023-12-19,100,-0.002826815748003759,0.0,0.0,0.0,-0.002826815748003759
13因子-未中性化,2023-12-26,100,0.02478699211840339,0.02,0.01,3e-05,0.02475699211840339
13因子-未中性化,2024-01-03,100,-0.02242153698142526,0.02,0.01,3e-05,-0.022451536981425258
13因子-未中性化,2024-01-10,100,-0.013240179656685148,0.06,0.03,8.999999999999999e-05,-0.013330179656685148
13因子-未中性化,2024-01-17,100,0.004772989799334251,0.02,0.01,3e-05,0.004742989799334251
13因子-未中性化,2024-01-24,100,-0.0018011996516658023,0.06,0.03,8.999999999999999e-05,-0.0018911996516658024
13因子-未中性化,2024-01-31,100,0.037075222301161094,0.1,0.05,0.00015000000000000001,0.0369252223011611
13因子-未中性化,2024-02-07,100,0.05487032842278735,0.08,0.04,0.00012,0.05475032842278735
13因子-未中性化,2024-02-22,100,-0.00041734851218961364,0.1,0.05,0.00015000000000000001,-0.0005673485121896137
13因子-未中性化,2024-02-29,100,0.004252237503572496,0.04,0.02,6e-05,0.004192237503572496
13因子-未中性化,2024-03-07,100,0.0041233908983694225,0.08,0.04,0.00012,0.004003390898369422
13因子-未中性化,2024-03-14,100,0.010782084757555654,0.06,0.03,8.999999999999999e-05,0.010692084757555655
13因子-未中性化,2024-03-21,100,-0.024785204265696647,0.12,0.06,0.00017999999999999998,-0.024965204265696646
13因子-未中性化,2024-03-28,100,0.012137721615574755,0.16,0.08,0.00024,0.011897721615574754
13因子-未中性化,2024-04-08,100,0.009152476591341762,0.28,0.14,0.00042000000000000007,0.008732476591341761
13因子-未中性化,2024-04-15,100,-0.002216255873717208,0.08,0.04,0.00012,-0.0023362558737172077
13因子-未中性化,2024-04-22,100,0.015250516783422723,0.1,0.05,0.00015000000000000001,0.015100516783422722
13因子-未中性化,2024-04-29,100,0.01845380093832811,0.6,0.3,0.0009,0.017553800938328108
13因子-未中性化,2024-05-09,100,-0.0010857710821480426,0.76,0.38,0.00114,-0.0022257710821480424
13因子-未中性化,2024-05-16,100,-0.0019944933399216203,0.04,0.02,6e-05,-0.0020544933399216205
13因子-未中性化,2024-05-23,100,-0.01038023092398978,0.04,0.02,6e-05,-0.010440230923989779
13因子-未中性化,2024-05-30,100,-0.009888737398063339,0.08,0.04,0.00012,-0.01000873739806334
13因子-未中性化,2024-06-06,100,-0.009035728031740442,0.08,0.04,0.00012,-0.009155728031740442
13因子-未中性化,2024-06-14,100,-0.02007044853848486,0.06,0.03,8.999999999999999e-05,-0.02016044853848486
13因子-未中性化,2024-06-21,100,-0.009958829998080876,0.1,0.05,0.00015000000000000001,-0.010108829998080876
13因子-未中性化,2024-06-28,100,-0.007303553342603675,0.08,0.04,0.00012,-0.007423553342603676
13因子-未中性化,2024-07-05,100,0.007354182217036411,0.08,0.04,0.00012,0.007234182217036411
13因子-未中性化,2024-07-12,100,0.012527114198132485,0.08,0.04,0.00012,0.012407114198132485
13因子-未中性化,2024-07-19,100,-0.03686705674110509,0.1,0.05,0.00015000000000000001,-0.03701705674110509
13因子-未中性化,2024-07-26,100,0.008977134453136852,0.08,0.04,0.00012,0.008857134453136852
13因子-未中性化,2024-08-02,100,-0.0075595201066839725,0.1,0.05,0.00015000000000000001,-0.0077095201066839725
13因子-未中性化,2024-08-09,100,0.0041530032494053685,0.02,0.01,3e-05,0.004123003249405369
13因子-未中性化,2024-08-16,100,-0.015287690720563001,0.1,0.05,0.00015000000000000001,-0.015437690720563002
13因子-未中性化,2024-08-23,100,0.005248899915327776,0.24,0.12,0.00035999999999999997,0.004888899915327776
13因子-未中性化,2024-08-30,100,-0.024871914177447305,0.46,0.23,0.0006900000000000001,-0.025561914177447305
13因子-未中性化,2024-09-06,100,-0.024184748947276194,0.24,0.12,0.00035999999999999997,-0.024544748947276193
13因子-未中性化,2024-09-13,100,0.06934990747985975,0.08,0.04,0.00012,0.06922990747985976
13因子-未中性化,2024-09-24,100,0.2379102842038144,0.08,0.04,0.00012,0.2377902842038144
13因子-未中性化,2024-10-08,100,-0.08549462974495152,0.14,0.07,0.00021000000000000004,-0.08570462974495152
13因子-未中性化,2024-10-15,100,0.013879607832718166,0.12,0.06,0.00017999999999999998,0.013699607832718166
13因子-未中性化,2024-10-22,100,-0.007216975041037653,0.14,0.07,0.00021000000000000004,-0.007426975041037653
13因子-未中性化,2024-10-29,100,0.016758865802328674,0.22,0.11,0.00033,0.016428865802328673
13因子-未中性化,2024-11-05,100,0.0004419107257827992,0.26,0.13,0.00039000000000000005,5.191072578279916e-05
13因子-未中性化,2024-11-12,100,-0.01413016889654056,0.04,0.02,6e-05,-0.01419016889654056
13因子-未中性化,2024-11-19,100,-0.02803197999979333,0.02,0.01,3e-05,-0.02806197999979333
13因子-未中性化,2024-11-26,100,0.026623742513068177,0.02,0.01,3e-05,0.02659374251306818
13因子-未中性化,2024-12-03,100,0.016198820301783448,0.0,0.0,0.0,0.016198820301783448
13因子-未中性化,2024-12-10,100,-0.013727797132295057,0.06,0.03,8.999999999999999e-05,-0.013817797132295057
13因子-未中性化,2024-12-17,100,0.005309753253732005,0.06,0.03,8.999999999999999e-05,0.005219753253732006
13因子-未中性化,2024-12-24,100,-0.007251003546231875,0.02,0.01,3e-05,-0.007281003546231874
13因子-未中性化,2024-12-31,100,-0.03416997806443873,0.04,0.02,6e-05,-0.034229978064438726
13因子-未中性化,2025-01-08,100,-0.005737460713454139,0.06,0.03,8.999999999999999e-05,-0.005827460713454139
13因子-未中性化,2025-01-15,100,-0.00697688632255718,0.04,0.02,6e-05,-0.00703688632255718
13因子-未中性化,2025-01-22,100,0.007796166823713706,0.04,0.02,6e-05,0.007736166823713706
13因子-未中性化,2025-02-06,100,0.01570749277147233,0.02,0.01,3e-05,0.01567749277147233
13因子-未中性化,2025-02-13,100,0.0010892023917040438,0.04,0.02,6e-05,0.0010292023917040439
13因子-未中性化,2025-02-20,100,0.0034569704402428437,0.04,0.02,6e-05,0.0033969704402428435
13因子-未中性化,2025-02-27,100,-0.0018873756944611476,0.06,0.03,8.999999999999999e-05,-0.0019773756944611474
13因子-未中性化,2025-03-06,100,0.007486193265488938,0.04,0.02,6e-05,0.0074261932654889375
13因子-未中性化,2025-03-13,100,0.014673264291001943,0.08,0.04,0.00012,0.014553264291001943
13因子-未中性化,2025-03-20,100,5.602490860587617e-05,0.06,0.03,8.999999999999999e-05,-3.397509139412382e-05
13因子-未中性化,2025-03-27,100,-0.008372078334504783,0.18,0.09,0.00027,-0.008642078334504782
13因子-未中性化,2025-04-03,100,-0.028387143305425546,0.16,0.08,0.00024,-0.028627143305425547
13因子-未中性化,2025-04-11,100,0.011200869305154121,0.08,0.04,0.00012,0.01108086930515412
13因子-未中性化,2025-04-18,100,0.0009884637080104387,0.08,0.04,0.00012,0.0008684637080104387
13因子-未中性化,2025-04-25,100,-3.688038638650082e-05,0.3,0.15,0.00045,-0.0004868803863865008
13因子-未中性化,2025-05-07,100,0.022103970167103287,0.64,0.32,0.00096,0.021143970167103288
13因子-未中性化,2025-05-14,100,-0.0015658217436804078,0.06,0.03,8.999999999999999e-05,-0.0016558217436804079
13因子-未中性化,2025-05-21,100,-0.012835502476008393,0.06,0.03,8.999999999999999e-05,-0.012925502476008393
13因子-未中性化,2025-05-28,100,0.010431274829674288,0.04,0.02,6e-05,0.010371274829674289
13因子-未中性化,2025-06-05,100,0.006774191510533584,0.04,0.02,6e-05,0.006714191510533584
13因子-未中性化,2025-06-12,100,-0.015704078964681605,0.04,0.02,6e-05,-0.015764078964681606
13因子-未中性化,2025-06-19,100,0.022254641242122487,0.04,0.02,6e-05,0.022194641242122486
13因子-未中性化,2025-06-26,100,0.009704461519345502,0.06,0.03,8.999999999999999e-05,0.009614461519345502
13因子-未中性化,2025-07-03,100,0.01170386798953298,0.04,0.02,6e-05,0.01164386798953298
13因子-未中性化,2025-07-10,100,-0.0028102111494515357,0.04,0.02,6e-05,-0.002870211149451536
13因子-未中性化,2025-07-17,100,0.040882878337960574,0.02,0.01,3e-05,0.04085287833796057
13因子-未中性化,2025-07-24,100,-0.024093043909067805,0.06,0.03,8.999999999999999e-05,-0.024183043909067805
13因子-未中性化,2025-07-31,100,0.01716046048343261,0.08,0.04,0.00012,0.01704046048343261
13因子-未中性化,2025-08-07,100,0.006421861790377567,0.08,0.04,0.00012,0.006301861790377567
13因子-未中性化,2025-08-14,100,0.028576205873466418,0.12,0.06,0.00017999999999999998,0.028396205873466418
13因子-未中性化,2025-08-21,100,0.0059753738108573075,0.18,0.09,0.00027,0.005705373810857307
13因子-未中性化,2025-08-28,100,-0.003196459704641942,0.42,0.21,0.00063,-0.003826459704641942
13因子-未中性化,2025-09-04,100,0.02230482401645184,0.36,0.18,0.00054,0.021764824016451842
13因子-未中性化,2025-09-11,100,-0.027938982994442113,0.04,0.02,6e-05,-0.027998982994442114
13因子-未中性化,2025-09-18,100,0.005245850713699578,0.02,0.01,3e-05,0.005215850713699579
13因子-未中性化,2025-09-25,100,0.01673877622352324,0.08,0.04,0.00012,0.01661877622352324
13因子-未中性化,2025-10-10,100,-0.003436047596422671,0.06,0.03,8.999999999999999e-05,-0.003526047596422671
13因子-未中性化,2025-10-17,100,0.014681219951210269,0.1,0.05,0.00015000000000000001,0.014531219951210268
13因子-未中性化,2025-10-24,100,-0.0010622182222787603,0.16,0.08,0.00024,-0.0013022182222787602
13因子-未中性化,2025-10-31,100,0.005159394876926574,0.36,0.18,0.00054,0.0046193948769265745
13因子-未中性化,2025-11-07,100,0.011180179170152864,0.04,0.02,6e-05,0.011120179170152865
13因子-未中性化,2025-11-14,100,-0.025583352999607373,0.06,0.03,8.999999999999999e-05,-0.025673352999607373
13因子-未中性化,2025-11-21,100,0.0033045376263919134,0.06,0.03,8.999999999999999e-05,0.0032145376263919135
13因子-未中性化,2025-11-28,100,0.00831205212302469,0.02,0.01,3e-05,0.00828205212302469
13因子-未中性化,2025-12-05,100,-0.009297460527111856,0.04,0.02,6e-05,-0.009357460527111856
13因子-未中性化,2025-12-12,100,0.011395794507801751,0.08,0.04,0.00012,0.01127579450780175
13因子-未中性化,2025-12-19,100,0.005048468859961531,0.1,0.05,0.00015000000000000001,0.004898468859961531
13因子-未中性化,2025-12-26,100,0.022077726181784517,0.04,0.02,6e-05,0.022017726181784516
13因子-未中性化,2026-01-06,100,0.004552752900228055,0.08,0.04,0.00012,0.004432752900228054
13因子-未中性化,2026-01-13,100,-0.0035907449776996546,0.08,0.04,0.00012,-0.0037107449776996545
13因子-未中性化,2026-01-20,100,-0.00681441461664466,0.06,0.03,8.999999999999999e-05,-0.00690441461664466
13因子-未中性化,2026-01-27,100,-0.00035237067263756193,0.04,0.02,6e-05,-0.0004123706726375619
13因子-未中性化,2026-02-03,100,0.017457456375551753,0.12,0.06,0.00017999999999999998,0.017277456375551753
13因子-未中性化,2026-02-10,100,-0.010745084476065673,0.04,0.02,6e-05,-0.010805084476065673
13因子-未中性化,2026-02-25,100,-0.011986724950667327,0.04,0.02,6e-05,-0.012046724950667326
13因子-未中性化,2026-03-04,100,0.018506915996757953,0.08,0.04,0.00012,0.018386915996757954
13因子-未中性化,2026-03-11,100,-0.004639202893080108,0.08,0.04,0.00012,-0.004759202893080109
13因子-未中性化,2026-03-18,100,-0.03472426030925359,0.06,0.03,8.999999999999999e-05,-0.03481426030925359
13因子-未中性化,2026-03-25,100,0.005642061359894737,0.1,0.05,0.00015000000000000001,0.005492061359894737
13因子-未中性化,2026-04-01,100,-0.006355069275842607,0.16,0.08,0.00024,-0.006595069275842607
13因子-未中性化,2026-04-09,100,0.01509457670335031,0.06,0.03,8.999999999999999e-05,0.01500457670335031
13因子-未中性化,2026-04-16,100,-0.00920591855230604,0.06,0.03,8.999999999999999e-05,-0.00929591855230604
13因子-未中性化,2026-04-23,100,0.0013233754701754375,0.22,0.11,0.00033,0.0009933754701754375
13因子-未中性化,2026-04-30,100,0.0038370294881084266,0.54,0.27,0.0008100000000000001,0.0030270294881084266
13因子-未中性化,2026-05-12,100,-0.03010683744906221,0.1,0.05,0.00015000000000000001,-0.03025683744906221
13因子-未中性化,2026-05-19,100,-0.006322099214062976,0.06,0.03,8.999999999999999e-05,-0.006412099214062976
13因子-未中性化,2026-05-26,100,0.0016524357669276412,0.04,0.02,6e-05,0.0015924357669276413
13因子-未中性化,2026-06-02,100,-0.03975013175882002,0.04,0.02,6e-05,-0.03981013175882002
13因子-未中性化,2026-06-09,100,0.009324408308898692,0.06,0.03,8.999999999999999e-05,0.009234408308898693
13因子-未中性化,2026-06-16,100,-0.024376972984879498,0.12,0.06,0.00017999999999999998,-0.024556972984879497
13因子-未中性化,2026-06-24,100,-0.0098467874019591,0.12,0.06,0.00017999999999999998,-0.0100267874019591
13因子-未中性化,2026-07-01,100,0.003324932921078637,0.04,0.02,6e-05,0.003264932921078637
13因子-未中性化,2026-07-08,100,0.03275970817105253,0.04,0.02,6e-05,0.032699708171052534
13因子-未中性化,2026-07-15,100,0.018655585615372675,0.06,0.03,8.999999999999999e-05,0.018565585615372675
13因子-未中性化,2026-07-22,100,0.013261640221352986,0.08,0.04,0.00012,0.013141640221352986
仅换手率,2015-01-05,100,-0.013911075286572516,1.0,1.0,0.0015,-0.015411075286572515
仅换手率,2015-01-12,100,-0.00017482946372160635,0.72,0.36,0.00108,-0.0012548294637216063
仅换手率,2015-01-19,100,0.08943341593290054,0.58,0.29,0.00087,0.08856341593290054
仅换手率,2015-01-26,100,-0.0008141787030631942,0.8200000000000001,0.41000000000000003,0.0012300000000000002,-0.0020441787030631943
仅换手率,2015-02-02,100,0.00307354900412119,0.74,0.37,0.00111,0.0019635490041211897
仅换手率,2015-02-09,100,0.08580529672213819,0.8,0.4,0.0012000000000000001,0.08460529672213818
仅换手率,2015-02-16,100,0.04683801452685146,0.64,0.32,0.00096,0.04587801452685146
仅换手率,2015-03-02,100,0.032607065529328835,0.64,0.32,0.00096,0.03164706552932883
仅换手率,2015-03-09,100,0.05563002432697128,0.6,0.3,0.0009,0.05473002432697128
仅换手率,2015-03-16,100,0.08614121578403842,0.56,0.28,0.0008400000000000001,0.08530121578403843
仅换手率,2015-03-23,100,0.04698781619029001,0.7000000000000001,0.35000000000000003,0.0010500000000000002,0.045937816190290005
仅换手率,2015-03-30,100,0.13341548475099196,0.7000000000000001,0.35000000000000003,0.0010500000000000002,0.13236548475099197
仅换手率,2015-04-07,100,0.05409374485594637,0.5,0.25,0.00075,0.05334374485594637
仅换手率,2015-04-14,100,0.022363537256452428,0.68,0.34,0.00102,0.021343537256452428
仅换手率,2015-04-21,100,0.04614335718112633,0.6,0.3,0.0009,0.045243357181126334
仅换手率,2015-04-28,100,0.01390626477432325,0.7000000000000001,0.35000000000000003,0.0010500000000000002,0.012856264774323249
仅换手率,2015-05-06,100,0.11427856619893079,0.72,0.36,0.00108,0.11319856619893079
仅换手率,2015-05-13,100,0.12311360110969119,0.62,0.31,0.00093,0.12218360110969119
仅换手率,2015-05-20,100,0.21443306510539756,0.76,0.38,0.00114,0.21329306510539756
仅换手率,2015-05-27,100,0.10317356270932215,0.74,0.37,0.00111,0.10206356270932215
仅换手率,2015-06-03,100,0.07029793633422343,0.66,0.33,0.00099,0.06930793633422343
仅换手率,2015-06-10,100,0.031609115502338525,0.66,0.33,0.00099,0.030619115502338524
仅换手率,2015-06-17,100,-0.10041950327830493,0.62,0.31,0.00093,-0.10134950327830493
仅换手率,2015-06-25,100,-0.22086611118779284,0.62,0.31,0.00093,-0.22179611118779283
仅换手率,2015-07-02,100,-0.17048349619153907,0.78,0.39,0.00117,-0.17165349619153908
仅换手率,2015-07-09,100,0.15037103428909906,1.1400000000000001,0.5700000000000001,0.0017100000000000001,0.14866103428909908
仅换手率,2015-07-16,100,0.21087153536247752,0.78,0.39,0.00117,0.20970153536247751
仅换手率,2015-07-23,100,-0.07633492292327779,0.72,0.36,0.00108,-0.07741492292327778
仅换手率,2015-07-30,100,-0.0073315494938819715,0.66,0.33,0.00099,-0.008321549493881971
仅换手率,2015-08-06,100,0.17614216392372306,0.72,0.36,0.00108,0.17506216392372306
仅换手率,2015-08-13,100,-0.036268665161403375,0.68,0.34,0.00102,-0.037288665161403375
仅换手率,2015-08-20,100,-0.2152981869601705,0.74,0.37,0.00111,-0.2164081869601705
仅换手率,2015-08-27,100,-0.06007290070993022,0.74,0.37,0.00111,-0.06118290070993022
仅换手率,2015-09-07,100,0.017765492650086753,0.6,0.3,0.0009,0.01686549265008675
仅换手率,2015-09-14,100,0.07592279143758712,0.48,0.24,0.0007199999999999999,0.07520279143758712
仅换手率,2015-09-21,100,-0.0009357626854221934,0.78,0.39,0.00117,-0.0021057626854221936
仅换手率,2015-09-28,100,0.11966113433380172,0.3,0.15,0.00045,0.11921113433380172
仅换手率,2015-10-12,100,0.06574412093778395,0.62,0.31,0.00093,0.06481412093778395
仅换手率,2015-10-19,100,0.05206228845986408,0.62,0.31,0.00093,0.05113228845986408
仅换手率,2015-10-26,100,-0.007309771623552643,0.64,0.32,0.00096,-0.008269771623552644
仅换手率,2015-11-02,100,0.10381321322594278,0.6,0.3,0.0009,0.10291321322594278
仅换手率,2015-11-09,100,0.06010437881779444,0.7000000000000001,0.35000000000000003,0.0010500000000000002,0.05905437881779444
仅换手率,2015-11-16,100,0.026590519907609193,0.76,0.38,0.00114,0.025450519907609194
仅换手率,2015-11-23,100,-0.0026313999572848733,0.62,0.31,0.00093,-0.0035613999572848736
仅换手率,2015-11-30,100,0.06271369657346983,0.66,0.33,0.00099,0.06172369657346983
仅换手率,2015-12-07,100,-0.0019148711605353884,0.58,0.29,0.00087,-0.0027848711605353883
仅换手率,2015-12-14,100,0.07173827915875577,0.58,0.29,0.00087,0.07086827915875578
仅换手率,2015-12-21,100,0.007132243671206382,0.8,0.4,0.0012000000000000001,0.005932243671206382
仅换手率,2015-12-28,100,-0.0736325099574861,0.84,0.42,0.00126,-0.0748925099574861
仅换手率,2016-01-05,100,-0.1337406596681835,0.64,0.32,0.00096,-0.13470065966818348
仅换手率,2016-01-12,100,0.0174233023075448,0.4,0.2,0.0006000000000000001,0.0168233023075448
仅换手率,2016-01-19,100,-0.0988113475884127,0.5,0.25,0.00075,-0.0995613475884127
仅换手率,2016-01-26,100,0.004032351811959716,0.64,0.32,0.00096,0.0030723518119597157
仅换手率,2016-02-02,100,0.0784626031380885,0.46,0.23,0.0006900000000000001,0.07777260313808851
仅换手率,2016-02-16,100,0.0364942216314286,0.6,0.3,0.0009,0.0355942216314286
仅换手率,2016-02-23,100,-0.11124125289367959,0.6,0.3,0.0009,-0.11214125289367959
仅换手率,2016-03-01,100,0.06592594638795489,0.78,0.39,0.00117,0.06475594638795489
仅换手率,2016-03-08,100,-0.007884313704637512,0.6,0.3,0.0009,-0.008784313704637512
仅换手率,2016-03-15,100,0.1032396323430261,0.42,0.21,0.00063,0.1026096323430261
仅换手率,2016-03-22,100,-0.021580236877898812,0.58,0.29,0.00087,-0.02245023687789881
仅换手率,2016-03-29,100,0.08886863065092805,0.52,0.26,0.0007800000000000001,0.08808863065092805
仅换手率,2016-04-06,100,0.019451753154106792,0.54,0.27,0.0008100000000000001,0.01864175315410679
仅换手率,2016-04-13,100,-0.04503255099722253,0.52,0.26,0.0007800000000000001,-0.045812550997222534
仅换手率,2016-04-20,100,0.011159944222483313,0.52,0.26,0.0007800000000000001,0.010379944222483313
仅换手率,2016-04-27,100,0.04990038772570248,0.54,0.27,0.0008100000000000001,0.04909038772570248
仅换手率,2016-05-05,100,-0.10779265259581428,0.52,0.26,0.0007800000000000001,-0.10857265259581428
仅换手率,2016-05-12,100,-0.005436221499089705,0.58,0.29,0.00087,-0.006306221499089705
仅换手率,2016-05-19,100,0.029793057567494678,0.54,0.27,0.0008100000000000001,0.028983057567494676
仅换手率,2016-05-26,100,0.08211754282177576,0.56,0.28,0.0008400000000000001,0.08127754282177577
仅换手率,2016-06-02,100,-0.043000754069247416,0.62,0.31,0.00093,-0.043930754069247416
仅换手率,2016-06-13,100,0.0594147407376713,0.48,0.24,0.0007199999999999999,0.0586947407376713
仅换手率,2016-06-20,100,0.03509927150004827,0.5,0.25,0.00075,0.03434927150004827
仅换手率,2016-06-27,100,0.04712274457686201,0.54,0.27,0.0008100000000000001,0.04631274457686201
仅换手率,2016-07-04,100,0.0008384059233724772,0.5,0.25,0.00075,8.840592337247717e-05
仅换手率,2016-07-11,100,0.006255201639950684,0.46,0.23,0.0006900000000000001,0.005565201639950683
仅换手率,2016-07-18,100,0.012734627023018757,0.48,0.24,0.0007199999999999999,0.012014627023018757
仅换手率,2016-07-25,100,-0.057685393700867865,0.6,0.3,0.0009,-0.05858539370086786
仅换手率,2016-08-01,100,0.03550120226176949,0.54,0.27,0.0008100000000000001,0.03469120226176949
仅换手率,2016-08-08,100,0.02603519198539432,0.7000000000000001,0.35000000000000003,0.0010500000000000002,0.024985191985394322
仅换手率,2016-08-15,100,0.010819200553955381,0.72,0.36,0.00108,0.009739200553955382
仅换手率,2016-08-22,100,0.011368463832618733,0.8200000000000001,0.41000000000000003,0.0012300000000000002,0.010138463832618733
仅换手率,2016-08-29,100,0.010204162978080364,0.9,0.45,0.00135,0.008854162978080364
仅换手率,2016-09-05,100,-0.016610956166288892,0.84,0.42,0.00126,-0.017870956166288893
仅换手率,2016-09-12,100,0.027313352243157833,0.78,0.39,0.00117,0.026143352243157832
仅换手率,2016-09-21,100,-0.008099502359455026,0.72,0.36,0.00108,-0.009179502359455026
仅换手率,2016-09-28,100,0.03956696203394411,0.64,0.32,0.00096,0.038606962033944106
仅换手率,2016-10-12,100,0.020329143664979753,0.66,0.33,0.00099,0.01933914366497975
仅换手率,2016-10-19,100,0.016812219510716476,0.72,0.36,0.00108,0.015732219510716475
仅换手率,2016-10-26,100,0.005464247077418782,0.8,0.4,0.0012000000000000001,0.004264247077418782
仅换手率,2016-11-02,100,0.004446857864638687,0.78,0.39,0.00117,0.0032768578646386872
仅换手率,2016-11-09,100,0.03790200026903901,0.54,0.27,0.0008100000000000001,0.03709200026903901
仅换手率,2016-11-16,100,0.002487487460163311,0.88,0.44,0.00132,0.0011674874601633111
仅换手率,2016-11-23,100,-0.015982535965137556,0.64,0.32,0.00096,-0.016942535965137555
仅换手率,2016-11-30,100,-0.0019113986641320923,0.7000000000000001,0.35000000000000003,0.0010500000000000002,-0.0029613986641320927
仅换手率,2016-12-07,100,-0.06437213208652852,0.6,0.3,0.0009,-0.06527213208652852
仅换手率,2016-12-14,100,0.03409035104621447,0.64,0.32,0.00096,0.033130351046214465
仅换手率,2016-12-21,100,-0.004403557792957837,0.68,0.34,0.00102,-0.005423557792957837
仅换手率,2016-12-28,100,0.0319524699140195,0.64,0.32,0.00096,0.030992469914019504
仅换手率,2017-01-05,100,-0.01950531502655435,0.68,0.34,0.00102,-0.02052531502655435
仅换手率,2017-01-12,100,-0.06167146368935238,0.54,0.27,0.0008100000000000001,-0.062481463689352375
仅换手率,2017-01-19,100,0.043653833614767296,0.5,0.25,0.00075,0.042903833614767295
仅换手率,2017-01-26,100,0.026308598953640266,0.62,0.31,0.00093,0.025378598953640266
仅换手率,2017-02-09,100,-0.0041809010982587205,0.62,0.31,0.00093,-0.005110901098258721
仅换手率,2017-02-16,100,0.018290761383173332,0.52,0.26,0.0007800000000000001,0.017510761383173333
仅换手率,2017-02-23,100,0.003204769601677501,0.68,0.34,0.00102,0.002184769601677501
仅换手率,2017-03-02,100,0.007342846544455585,0.6,0.3,0.0009,0.006442846544455585
仅换手率,2017-03-09,100,0.01619299125819428,0.58,0.29,0.00087,0.01532299125819428
仅换手率,2017-03-16,100,-0.004907903490451202,0.54,0.27,0.0008100000000000001,-0.005717903490451202
仅换手率,2017-03-23,100,-0.030509977792862145,0.78,0.39,0.00117,-0.03167997779286214
仅换手率,2017-03-30,100,0.038996452137705695,0.7000000000000001,0.35000000000000003,0.0010500000000000002,0.03794645213770569
仅换手率,2017-04-10,100,-0.01323732841791434,0.78,0.39,0.00117,-0.014407328417914339
仅换手率,2017-04-17,100,-0.06176394817120192,0.66,0.33,0.00099,-0.06275394817120192
仅换手率,2017-04-24,100,0.025255119569907968,0.4,0.2,0.0006000000000000001,0.024655119569907968
仅换手率,2017-05-02,100,-0.021766899488086747,0.6,0.3,0.0009,-0.02266689948808675
仅换手率,2017-05-09,100,-0.014435415354901261,0.42,0.21,0.00063,-0.015065415354901262
仅换手率,2017-05-16,100,-0.036115807027688934,0.48,0.24,0.0007199999999999999,-0.03683580702768893
仅换手率,2017-05-23,100,-0.01499867275600951,0.62,0.31,0.00093,-0.01592867275600951
仅换手率,2017-06-01,100,0.05308165177530897,0.42,0.21,0.00063,0.05245165177530897
仅换手率,2017-06-08,100,0.012137214365219934,0.42,0.21,0.00063,0.011507214365219934
仅换手率,2017-06-15,100,-0.008886121609246579,0.46,0.23,0.0006900000000000001,-0.009576121609246578
仅换手率,2017-06-22,100,0.012075318565033482,0.5,0.25,0.00075,0.011325318565033481
仅换手率,2017-06-29,100,0.023492502474544895,0.56,0.28,0.0008400000000000001,0.022652502474544894
仅换手率,2017-07-06,100,-0.010566626463898334,0.72,0.36,0.00108,-0.011646626463898333
仅换手率,2017-07-13,100,-0.033244558669978407,0.78,0.39,0.00117,-0.034414558669978404
仅换手率,2017-07-20,100,0.020089465055864744,0.62,0.31,0.00093,0.019159465055864744
仅换手率,2017-07-27,100,0.01664713851790012,0.6,0.3,0.0009,0.01574713851790012
仅换手率,2017-08-03,100,0.006003681912958524,0.66,0.33,0.00099,0.005013681912958524
仅换手率,2017-08-10,100,0.013883220722563462,0.48,0.24,0.0007199999999999999,0.013163220722563462
仅换手率,2017-08-17,100,-0.007600773501581271,0.68,0.34,0.00102,-0.008620773501581271
仅换手率,2017-08-24,100,0.033105209588084036,0.46,0.23,0.0006900000000000001,0.03241520958808403
仅换手率,2017-08-31,100,0.01804312044799482,0.5,0.25,0.00075,0.01729312044799482
仅换手率,2017-09-07,100,0.014472859741078314,0.62,0.31,0.00093,0.013542859741078314
仅换手率,2017-09-14,100,-0.006948067226742176,0.54,0.27,0.0008100000000000001,-0.007758067226742176
仅换手率,2017-09-21,100,-0.005548946399370893,0.44,0.22,0.00066,-0.006208946399370893
仅换手率,2017-09-28,100,0.018698362966316443,0.54,0.27,0.0008100000000000001,0.01788836296631644
仅换手率,2017-10-12,100,-0.03250150569813772,0.52,0.26,0.0007800000000000001,-0.033281505698137724
仅换手率,2017-10-19,100,0.02517357082295622,0.6,0.3,0.0009,0.02427357082295622
仅换手率,2017-10-26,100,-0.03274275981656523,0.56,0.28,0.0008400000000000001,-0.03358275981656523
仅换手率,2017-11-02,100,0.030825573613283436,0.66,0.33,0.00099,0.029835573613283435
仅换手率,2017-11-09,100,-0.006852325596169226,0.7000000000000001,0.35000000000000003,0.0010500000000000002,-0.007902325596169227
仅换手率,2017-11-16,100,-0.04837741401249316,0.66,0.33,0.00099,-0.04936741401249316
仅换手率,2017-11-23,100,0.007245110671727547,0.6,0.3,0.0009,0.006345110671727547
仅换手率,2017-11-30,100,-0.021212651903664746,0.64,0.32,0.00096,-0.022172651903664745
仅换手率,2017-12-07,100,0.0214770077480828,0.58,0.29,0.00087,0.0206070077480828
仅换手率,2017-12-14,100,-0.01581183809807326,0.56,0.28,0.0008400000000000001,-0.01665183809807326
仅换手率,2017-12-21,100,-0.01685768120247665,0.54,0.27,0.0008100000000000001,-0.01766768120247665
仅换手率,2017-12-28,100,0.02494417513243604,0.68,0.34,0.00102,0.02392417513243604
仅换手率,2018-01-05,100,-0.010149104347661773,0.8,0.4,0.0012000000000000001,-0.011349104347661773
仅换手率,2018-01-12,100,-0.02900105265319521,0.7000000000000001,0.35000000000000003,0.0010500000000000002,-0.030051052653195208
仅换手率,2018-01-19,100,0.017559942320951365,0.66,0.33,0.00099,0.016569942320951363
仅换手率,2018-01-26,100,-0.07927762578803091,0.6,0.3,0.0009,-0.0801776257880309
仅换手率,2018-02-02,100,-0.06444123017540164,0.48,0.24,0.0007199999999999999,-0.06516123017540164
仅换手率,2018-02-09,100,0.05100859428708184,0.62,0.31,0.00093,0.05007859428708184
仅换手率,2018-02-23,100,0.04420449293252521,0.62,0.31,0.00093,0.04327449293252521
仅换手率,2018-03-02,100,0.04037901354537087,0.7000000000000001,0.35000000000000003,0.0010500000000000002,0.03932901354537087
仅换手率,2018-03-09,100,0.006222743938171463,0.7000000000000001,0.35000000000000003,0.0010500000000000002,0.005172743938171463
仅换手率,2018-03-16,100,-0.04920201828077463,0.68,0.34,0.00102,-0.05022201828077463
仅换手率,2018-03-23,100,0.0794235950546696,0.66,0.33,0.00099,0.0784335950546696
仅换手率,2018-03-30,100,-0.002873330764351726,0.6,0.3,0.0009,-0.003773330764351726
仅换手率,2018-04-10,100,-0.025248135666516278,0.5,0.25,0.00075,-0.02599813566651628
仅换手率,2018-04-17,100,0.02400902155868536,0.48,0.24,0.0007199999999999999,0.023289021558685362
仅换手率,2018-04-24,100,-0.005451590680796482,0.6,0.3,0.0009,-0.0063515906807964815
仅换手率,2018-05-03,100,0.02332520198624042,0.46,0.23,0.0006900000000000001,0.02263520198624042
仅换手率,2018-05-10,100,-0.019018381384829215,0.62,0.31,0.00093,-0.019948381384829215
仅换手率,2018-05-17,100,0.0026490904559272467,0.58,0.29,0.00087,0.0017790904559272466
仅换手率,2018-05-24,100,-0.06308776714916943,0.4,0.2,0.0006000000000000001,-0.06368776714916943
仅换手率,2018-05-31,100,-0.0004321348558085891,0.68,0.34,0.00102,-0.0014521348558085892
仅换手率,2018-06-07,100,-0.03329224020451775,0.58,0.29,0.00087,-0.03416224020451775
仅换手率,2018-06-14,100,-0.11045330781743944,0.56,0.28,0.0008400000000000001,-0.11129330781743943
仅换手率,2018-06-22,100,0.029398540022859625,0.76,0.38,0.00114,0.028258540022859626
仅换手率,2018-06-29,100,-0.03509635622681305,0.58,0.29,0.00087,-0.03596635622681305
仅换手率,2018-07-06,100,0.03530682880753762,0.5,0.25,0.00075,0.03455682880753762
仅换手率,2018-07-13,100,0.00909569708273847,0.48,0.24,0.0007199999999999999,0.00837569708273847
仅换手率,2018-07-20,100,0.028939472023173582,0.54,0.27,0.0008100000000000001,0.02812947202317358
仅换手率,2018-07-27,100,-0.059251658541292065,0.8,0.4,0.0012000000000000001,-0.060451658541292065
仅换手率,2018-08-03,100,0.024057019720673267,0.68,0.34,0.00102,0.023037019720673266
仅换手率,2018-08-10,100,-0.03134041055970416,0.6,0.3,0.0009,-0.032240410559704155
仅换手率,2018-08-17,100,0.019326554882102297,0.46,0.23,0.0006900000000000001,0.018636554882102297
仅换手率,2018-08-24,100,-0.005757439343307805,0.64,0.32,0.00096,-0.006717439343307805
仅换手率,2018-08-31,100,-0.00010708487600232353,0.62,0.31,0.00093,-0.0010370848760023236
仅换手率,2018-09-07,100,-0.011788121888604597,0.6,0.3,0.0009,-0.012688121888604596
仅换手率,2018-09-14,100,0.02191843769054812,0.6,0.3,0.0009,0.02101843769054812
仅换手率,2018-09-21,100,-0.033445336823133436,0.62,0.31,0.00093,-0.034375336823133436
仅换手率,2018-10-08,100,-0.10342226311483488,0.48,0.24,0.0007199999999999999,-0.10414226311483488
仅换手率,2018-10-15,100,0.01492160587516742,0.56,0.28,0.0008400000000000001,0.01408160587516742
仅换手率,2018-10-22,100,-0.007018829918423632,0.76,0.38,0.00114,-0.008158829918423632
仅换手率,2018-10-29,100,0.07640345652625505,0.58,0.29,0.00087,0.07553345652625505
仅换手率,2018-11-05,100,0.036769420952105905,0.62,0.31,0.00093,0.035839420952105905
仅换手率,2018-11-12,100,0.06295552470648222,0.7000000000000001,0.35000000000000003,0.0010500000000000002,0.061905524706482216
仅换手率,2018-11-19,100,-0.05551813019408893,0.64,0.32,0.00096,-0.056478130194088934
仅换手率,2018-11-26,100,0.04468511361616884,0.46,0.23,0.0006900000000000001,0.043995113616168834
仅换手率,2018-12-03,100,-0.013161247134040517,0.7000000000000001,0.35000000000000003,0.0010500000000000002,-0.014211247134040518
仅换手率,2018-12-10,100,-0.009075964945618725,0.5,0.25,0.00075,-0.009825964945618725
仅换手率,2018-12-17,100,-0.00926380278352293,0.66,0.33,0.00099,-0.01025380278352293
仅换手率,2018-12-24,100,-0.007729275435535178,0.64,0.32,0.00096,-0.008689275435535179
仅换手率,2019-01-02,100,0.07648154550981946,0.66,0.33,0.00099,0.07549154550981946
仅换手率,2019-01-09,100,0.01300939570499212,0.7000000000000001,0.35000000000000003,0.0010500000000000002,0.01195939570499212
仅换手率,2019-01-16,100,-0.008288727593699701,0.44,0.22,0.00066,-0.0089487275936997
仅换手率,2019-01-23,100,-0.04862564149687566,0.5,0.25,0.00075,-0.049375641496875664
仅换手率,2019-01-30,100,0.07417042534406317,0.48,0.24,0.0007199999999999999,0.07345042534406317
仅换手率,2019-02-13,100,0.04607162545345998,0.56,0.28,0.0008400000000000001,0.04523162545345998
仅换手率,2019-02-20,100,0.06126392473589174,0.78,0.39,0.00117,0.06009392473589174
仅换手率,2019-02-27,100,0.09219395565094687,0.66,0.33,0.00099,0.09120395565094687
仅换手率,2019-03-06,100,0.018643047969474982,0.56,0.28,0.0008400000000000001,0.017803047969474982
仅换手率,2019-03-13,100,0.016701431637914935,0.62,0.31,0.00093,0.015771431637914935
仅换手率,2019-03-20,100,0.002059297273106777,0.52,0.26,0.0007800000000000001,0.001279297273106777
仅换手率,2019-03-27,100,0.07668558188573325,0.44,0.22,0.00066,0.07602558188573326
仅换手率,2019-04-03,100,-0.010091054543004194,0.56,0.28,0.0008400000000000001,-0.010931054543004195
仅换手率,2019-04-11,100,0.025976743387933196,0.78,0.39,0.00117,0.024806743387933195
仅换手率,2019-04-18,100,-0.04417792697971905,0.72,0.36,0.00108,-0.045257926979719046
仅换手率,2019-04-25,100,-0.08146877713157505,0.6,0.3,0.0009,-0.08236877713157505
仅换手率,2019-05-07,100,0.019831200397863125,0.6,0.3,0.0009,0.018931200397863123
仅换手率,2019-05-14,100,0.013282555162096405,0.66,0.33,0.00099,0.012292555162096406
仅换手率,2019-05-21,100,0.005847999365863495,0.68,0.34,0.00102,0.004827999365863495
仅换手率,2019-05-28,100,-0.019648812290526615,0.68,0.34,0.00102,-0.020668812290526615
仅换手率,2019-06-04,100,0.027914704276984295,0.66,0.33,0.00099,0.026924704276984294
仅换手率,2019-06-12,100,-0.0111937272293854,0.32,0.16,0.00048,-0.0116737272293854
仅换手率,2019-06-19,100,0.026416370384849987,0.34,0.17,0.00051,0.025906370384849987
仅换手率,2019-06-26,100,0.019819500401737238,0.48,0.24,0.0007199999999999999,0.01909950040173724
仅换手率,2019-07-03,100,-0.03900650711220777,0.56,0.28,0.0008400000000000001,-0.03984650711220777
仅换手率,2019-07-10,100,0.020762114632970327,0.5,0.25,0.00075,0.020012114632970326
仅换手率,2019-07-17,100,-0.00793593145183051,0.48,0.24,0.0007199999999999999,-0.008655931451830511
仅换手率,2019-07-24,100,0.0064005342913148935,0.48,0.24,0.0007199999999999999,0.005680534291314893
仅换手率,2019-07-31,100,-0.06916773421014559,0.54,0.27,0.0008100000000000001,-0.0699777342101456
仅换手率,2019-08-07,100,0.016885738189036305,0.38,0.19,0.00057,0.016315738189036304
仅换手率,2019-08-14,100,0.06015789946939921,0.54,0.27,0.0008100000000000001,0.05934789946939921
仅换手率,2019-08-21,100,0.015838506428672138,0.46,0.23,0.0006900000000000001,0.015148506428672139
仅换手率,2019-08-28,100,0.04325033365289512,0.42,0.21,0.00063,0.04262033365289512
仅换手率,2019-09-04,100,0.042959859149177305,0.52,0.26,0.0007800000000000001,0.0421798591491773
仅换手率,2019-09-11,100,0.012101195722416897,0.52,0.26,0.0007800000000000001,0.011321195722416898
仅换手率,2019-09-19,100,-0.038760998279592715,0.54,0.27,0.0008100000000000001,-0.03957099827959271
仅换手率,2019-09-26,100,0.021668712089591688,0.42,0.21,0.00063,0.02103871208959169
仅换手率,2019-10-10,100,-0.008037259691537938,0.28,0.14,0.00042000000000000007,-0.008457259691537938
仅换手率,2019-10-17,100,-0.007895215768242281,0.34,0.17,0.00051,-0.008405215768242281
仅换手率,2019-10-24,100,-0.009689243993221094,0.52,0.26,0.0007800000000000001,-0.010469243993221094
仅换手率,2019-10-31,100,0.005295942365817024,0.66,0.33,0.00099,0.004305942365817024
仅换手率,2019-11-07,100,-0.018424896571876487,0.44,0.22,0.00066,-0.019084896571876488
仅换手率,2019-11-14,100,0.013356614004167974,0.4,0.2,0.0006000000000000001,0.012756614004167974
仅换手率,2019-11-21,100,-0.019722347984130487,0.4,0.2,0.0006000000000000001,-0.020322347984130486
仅换手率,2019-11-28,100,0.02969837052057359,0.62,0.31,0.00093,0.02876837052057359
仅换手率,2019-12-05,100,0.015531811048807543,0.74,0.37,0.00111,0.014421811048807543
仅换手率,2019-12-12,100,0.05280219817871631,0.6,0.3,0.0009,0.05190219817871631
仅换手率,2019-12-19,100,0.004655156004438511,0.48,0.24,0.0007199999999999999,0.003935156004438511
仅换手率,2019-12-26,100,0.026977201219691355,0.52,0.26,0.0007800000000000001,0.026197201219691355
仅换手率,2020-01-03,100,0.028369905376093834,0.58,0.29,0.00087,0.027499905376093835
仅换手率,2020-01-10,100,0.004926609475755476,0.66,0.33,0.00099,0.003936609475755476
仅换手率,2020-01-17,100,-0.10832338160612373,0.4,0.2,0.0006000000000000001,-0.10892338160612373
仅换手率,2020-02-03,100,0.0845991836278081,1.0,0.5,0.0015,0.0830991836278081
仅换手率,2020-02-10,100,0.03983781009266178,0.8,0.4,0.0012000000000000001,0.03863781009266178
仅换手率,2020-02-17,100,0.08060789270991663,0.5,0.25,0.00075,0.07985789270991663
仅换手率,2020-02-24,100,-0.039008375750892735,0.6,0.3,0.0009,-0.03990837575089273
仅换手率,2020-03-02,100,0.009022703991403997,0.48,0.24,0.0007199999999999999,0.008302703991403997
仅换手率,2020-03-09,100,-0.04605264227696638,0.66,0.33,0.00099,-0.047042642276966376
仅换手率,2020-03-16,100,-0.012840069862027214,0.52,0.26,0.0007800000000000001,-0.013620069862027214
仅换手率,2020-03-23,100,0.01530444299944131,0.5,0.25,0.00075,0.01455444299944131
仅换手率,2020-03-30,100,0.04710293063068207,0.5,0.25,0.00075,0.04635293063068207
仅换手率,2020-04-07,100,0.008589222916187198,0.3,0.15,0.00045,0.008139222916187197
仅换手率,2020-04-14,100,0.007053830726746492,0.52,0.26,0.0007800000000000001,0.006273830726746491
仅换手率,2020-04-21,100,-0.028658882211200113,0.5,0.25,0.00075,-0.029408882211200114
仅换手率,2020-04-28,100,0.03719374093911948,0.62,0.31,0.00093,0.03626374093911948
仅换手率,2020-05-08,100,-0.00504982613239274,0.42,0.21,0.00063,-0.005679826132392741
仅换手率,2020-05-15,100,-0.01507880954495043,0.52,0.26,0.0007800000000000001,-0.01585880954495043
仅换手率,2020-05-22,100,0.028496111549871896,0.56,0.28,0.0008400000000000001,0.027656111549871895
仅换手率,2020-05-29,100,0.04037034852465096,0.8200000000000001,0.41000000000000003,0.0012300000000000002,0.03914034852465096
仅换手率,2020-06-05,100,-0.005041688464720758,0.6,0.3,0.0009,-0.005941688464720758
仅换手率,2020-06-12,100,0.025078865770466446,0.66,0.33,0.00099,0.024088865770466445
仅换手率,2020-06-19,100,0.010710125584957264,0.46,0.23,0.0006900000000000001,0.010020125584957264
仅换手率,2020-06-30,100,0.06384086140709533,0.46,0.23,0.0006900000000000001,0.06315086140709533
仅换手率,2020-07-07,100,0.06066455657494294,0.66,0.33,0.00099,0.059674556574942944
仅换手率,2020-07-14,100,-0.01868774995254217,0.5,0.25,0.00075,-0.01943774995254217
仅换手率,2020-07-21,100,-0.02282890035642712,0.52,0.26,0.0007800000000000001,-0.02360890035642712
仅换手率,2020-07-28,100,0.05664606002846813,0.72,0.36,0.00108,0.05556606002846813
仅换手率,2020-08-04,100,-0.009055420783515082,0.6,0.3,0.0009,-0.009955420783515082
仅换手率,2020-08-11,100,0.035404356375933706,0.9,0.45,0.00135,0.03405435637593371
仅换手率,2020-08-18,100,5.6723567258734064e-05,0.7000000000000001,0.35000000000000003,0.0010500000000000002,-0.0009932764327412662
仅换手率,2020-08-25,100,0.013506876950343163,0.54,0.27,0.0008100000000000001,0.012696876950343163
仅换手率,2020-09-01,100,2.885760072731114e-05,0.74,0.37,0.00111,-0.001081142399272689
仅换手率,2020-09-08,100,-0.03499187469652478,0.84,0.42,0.00126,-0.03625187469652478
仅换手率,2020-09-15,100,-0.013673133603178044,0.46,0.23,0.0006900000000000001,-0.014363133603178044
仅换手率,2020-09-22,100,-0.03162908691020316,0.5,0.25,0.00075,-0.03237908691020316
仅换手率,2020-09-29,100,0.04652652063048168,0.54,0.27,0.0008100000000000001,0.045716520630481684
仅换手率,2020-10-14,100,-0.017765535708477113,0.54,0.27,0.0008100000000000001,-0.018575535708477114
仅换手率,2020-10-21,100,-0.015488327206409002,0.62,0.31,0.00093,-0.016418327206409
仅换手率,2020-10-28,100,-0.006908436606343463,0.6,0.3,0.0009,-0.007808436606343463
仅换手率,2020-11-04,100,0.013046848612480701,0.58,0.29,0.00087,0.012176848612480702
仅换手率,2020-11-11,100,0.011174538745726804,0.64,0.32,0.00096,0.010214538745726804
仅换手率,2020-11-18,100,0.010856382368347118,0.72,0.36,0.00108,0.009776382368347119
仅换手率,2020-11-25,100,0.0037930549280170787,0.72,0.36,0.00108,0.0027130549280170784
仅换手率,2020-12-02,100,-0.015493964902824078,0.56,0.28,0.0008400000000000001,-0.01633396490282408
仅换手率,2020-12-09,100,-0.02565087880851352,0.54,0.27,0.0008100000000000001,-0.02646087880851352
仅换手率,2020-12-16,100,0.011553861252676618,0.58,0.29,0.00087,0.010683861252676619
仅换手率,2020-12-23,100,-0.0037589303476660697,0.66,0.33,0.00099,-0.00474893034766607
仅换手率,2020-12-30,100,0.02270643207451535,0.44,0.22,0.00066,0.02204643207451535
仅换手率,2021-01-07,100,-0.054318629381127505,0.5,0.25,0.00075,-0.055068629381127505
仅换手率,2021-01-14,100,0.05023080366903443,0.58,0.29,0.00087,0.04936080366903443
仅换手率,2021-01-21,100,-0.032637987822959943,0.4,0.2,0.0006000000000000001,-0.03323798782295995
仅换手率,2021-01-28,100,-0.027090331179257365,0.68,0.34,0.00102,-0.028110331179257365
仅换手率,2021-02-04,100,0.04888613587510658,0.42,0.21,0.00063,0.04825613587510658
仅换手率,2021-02-18,100,0.03795959322562556,0.7000000000000001,0.35000000000000003,0.0010500000000000002,0.03690959322562556
仅换手率,2021-02-25,100,0.021934700817115235,0.86,0.43,0.00129,0.020644700817115235
仅换手率,2021-03-04,100,-0.015289086135397029,0.72,0.36,0.00108,-0.01636908613539703
仅换手率,2021-03-11,100,0.026759292904450366,0.58,0.29,0.00087,0.025889292904450367
仅换手率,2021-03-18,100,-0.002606490712084706,0.62,0.31,0.00093,-0.003536490712084706
仅换手率,2021-03-25,100,0.02199045389530135,0.7000000000000001,0.35000000000000003,0.0010500000000000002,0.02094045389530135
仅换手率,2021-04-01,100,-0.0004709539095083215,0.5,0.25,0.00075,-0.0012209539095083214
仅换手率,2021-04-09,100,0.00909324906687132,0.52,0.26,0.0007800000000000001,0.008313249066871321
仅换手率,2021-04-16,100,0.007357332915487062,0.66,0.33,0.00099,0.006367332915487063
仅换手率,2021-04-23,100,-0.008037791122164491,0.7000000000000001,0.35000000000000003,0.0010500000000000002,-0.009087791122164492
仅换手率,2021-04-30,100,0.014500406891804762,0.76,0.38,0.00114,0.013360406891804762
仅换手率,2021-05-12,100,0.007093821530845199,0.62,0.31,0.00093,0.006163821530845198
仅换手率,2021-05-19,100,0.013475624996789034,0.58,0.29,0.00087,0.012605624996789034
仅换手率,2021-05-26,100,0.031187149670542577,0.72,0.36,0.00108,0.030107149670542576
仅换手率,2021-06-02,100,0.020969064148135236,0.78,0.39,0.00117,0.019799064148135235
仅换手率,2021-06-09,100,0.0005264641775884637,0.62,0.31,0.00093,-0.00040353582241153634
仅换手率,2021-06-17,100,0.014548954503444438,0.92,0.46,0.0013800000000000002,0.013168954503444439
仅换手率,2021-06-24,100,-0.006610509898580991,0.62,0.31,0.00093,-0.007540509898580992
仅换手率,2021-07-01,100,0.01633227087912134,0.58,0.29,0.00087,0.015462270879121342
仅换手率,2021-07-08,100,0.0071754785465945915,0.52,0.26,0.0007800000000000001,0.006395478546594591
仅换手率,2021-07-15,100,0.02914992403152442,0.62,0.31,0.00093,0.02821992403152442
仅换手率,2021-07-22,100,-0.038558464341795336,0.66,0.33,0.00099,-0.039548464341795334
仅换手率,2021-07-29,100,0.03551409168385651,0.46,0.23,0.0006900000000000001,0.03482409168385651
仅换手率,2021-08-05,100,0.03226970844369131,0.5,0.25,0.00075,0.031519708443691306
仅换手率,2021-08-12,100,5.30109083884811e-05,0.56,0.28,0.0008400000000000001,-0.000786989091611519
仅换手率,2021-08-19,100,0.051386945949795385,0.44,0.22,0.00066,0.050726945949795384
仅换手率,2021-08-26,100,0.00025665730243149107,0.66,0.33,0.00099,-0.0007333426975685089
仅换手率,2021-09-02,100,0.043830256795628714,0.54,0.27,0.0008100000000000001,0.043020256795628715
仅换手率,2021-09-09,100,0.025937499748597534,0.62,0.31,0.00093,0.025007499748597534
仅换手率,2021-09-16,100,-0.04716639111139987,0.56,0.28,0.0008400000000000001,-0.04800639111139987
仅换手率,2021-09-27,100,0.017192516992838747,0.64,0.32,0.00096,0.016232516992838748
仅换手率,2021-10-11,100,-0.013385492331820882,0.52,0.26,0.0007800000000000001,-0.014165492331820882
仅换手率,2021-10-18,100,-0.008329931499674871,0.36,0.18,0.00054,-0.008869931499674872
仅换手率,2021-10-25,100,-0.009345359993372217,0.54,0.27,0.0008100000000000001,-0.010155359993372217
仅换手率,2021-11-01,100,0.012414074701529398,0.54,0.27,0.0008100000000000001,0.011604074701529398
仅换手率,2021-11-08,100,0.03953292503666727,0.62,0.31,0.00093,0.03860292503666727
仅换手率,2021-11-15,100,0.025947519044085734,0.76,0.38,0.00114,0.024807519044085735
仅换手率,2021-11-22,100,0.0053423066337295365,0.56,0.28,0.0008400000000000001,0.004502306633729536
仅换手率,2021-11-29,100,0.024069440329610958,0.54,0.27,0.0008100000000000001,0.023259440329610956
仅换手率,2021-12-06,100,0.04318370455042847,0.66,0.33,0.00099,0.04219370455042847
仅换手率,2021-12-13,100,0.01990555047395288,0.74,0.37,0.00111,0.01879555047395288
仅换手率,2021-12-20,100,0.0072107384750958094,0.7000000000000001,0.35000000000000003,0.0010500000000000002,0.006160738475095809
仅换手率,2021-12-27,100,0.057138825866781075,0.48,0.24,0.0007199999999999999,0.056418825866781076
仅换手率,2022-01-04,100,0.0030121434528557166,0.58,0.29,0.00087,0.0021421434528557165
仅换手率,2022-01-11,100,0.0023226063280686903,0.64,0.32,0.00096,0.0013626063280686904
仅换手率,2022-01-18,100,-0.0565268726524808,0.66,0.33,0.00099,-0.057516872652480795
仅换手率,2022-01-25,100,0.01253285167076057,0.4,0.2,0.0006000000000000001,0.01193285167076057
仅换手率,2022-02-08,100,-0.002779698969020892,0.44,0.22,0.00066,-0.003439698969020892
仅换手率,2022-02-15,100,0.027889499081323342,0.38,0.19,0.00057,0.02731949908132334
仅换手率,2022-02-22,100,-0.005253615058106173,0.52,0.26,0.0007800000000000001,-0.0060336150581061735
仅换手率,2022-03-01,100,-0.04593983237510932,0.48,0.24,0.0007199999999999999,-0.04665983237510932
仅换手率,2022-03-08,100,-0.07164497375335242,0.48,0.24,0.0007199999999999999,-0.07236497375335242
仅换手率,2022-03-15,100,0.06932161784182371,0.44,0.22,0.00066,0.06866161784182372
仅换手率,2022-03-22,100,-0.012201656051850727,0.52,0.26,0.0007800000000000001,-0.012981656051850726
仅换手率,2022-03-29,100,0.005677750868316932,0.78,0.39,0.00117,0.004507750868316932
仅换手率,2022-04-07,100,-0.023413011155830183,0.64,0.32,0.00096,-0.024373011155830182
仅换手率,2022-04-14,100,-0.05866871004238063,0.76,0.38,0.00114,-0.059808710042380635
仅换手率,2022-04-21,100,-0.08701258831969783,0.42,0.21,0.00063,-0.08764258831969783
仅换手率,2022-04-28,100,0.07567928151795475,0.6,0.3,0.0009,0.07477928151795475
仅换手率,2022-05-10,100,0.026713669918697436,0.5,0.25,0.00075,0.025963669918697436
仅换手率,2022-05-17,100,-0.000938711430077287,0.62,0.31,0.00093,-0.001868711430077287
仅换手率,2022-05-24,100,0.0484959621985638,0.68,0.34,0.00102,0.0474759621985638
仅换手率,2022-05-31,100,0.017574826925440563,0.48,0.24,0.0007199999999999999,0.016854826925440564
仅换手率,2022-06-08,100,0.00463363209037832,0.58,0.29,0.00087,0.0037636320903783197
仅换手率,2022-06-15,100,0.014738864586927707,0.72,0.36,0.00108,0.013658864586927708
仅换手率,2022-06-22,100,0.03966236634723032,0.78,0.39,0.00117,0.03849236634723032
仅换手率,2022-06-29,100,-0.008941171026820734,0.62,0.31,0.00093,-0.009871171026820735
仅换手率,2022-07-06,100,0.004834088590280713,0.44,0.22,0.00066,0.004174088590280713
仅换手率,2022-07-13,100,0.03603931285681426,0.72,0.36,0.00108,0.034959312856814265
仅换手率,2022-07-20,100,0.019998138532275625,0.62,0.31,0.00093,0.019068138532275625
仅换手率,2022-07-27,100,-0.0119665423195106,0.56,0.28,0.0008400000000000001,-0.012806542319510601
仅换手率,2022-08-03,100,0.058583380634426876,0.46,0.23,0.0006900000000000001,0.05789338063442687
仅换手率,2022-08-10,100,0.021180649368361042,0.46,0.23,0.0006900000000000001,0.020490649368361043
仅换手率,2022-08-17,100,-0.02719538939367358,0.5,0.25,0.00075,-0.02794538939367358
仅换手率,2022-08-24,100,-0.027685050753374244,0.56,0.28,0.0008400000000000001,-0.028525050753374245
仅换手率,2022-08-31,100,0.024013671302739344,0.5,0.25,0.00075,0.023263671302739344
仅换手率,2022-09-07,100,-0.031222108053277714,0.44,0.22,0.00066,-0.031882108053277715
仅换手率,2022-09-15,100,-0.012454072880042976,0.42,0.21,0.00063,-0.013084072880042976
仅换手率,2022-09-22,100,-0.04527723272217224,0.64,0.32,0.00096,-0.04623723272217224
仅换手率,2022-09-29,100,0.016905541085268164,0.64,0.32,0.00096,0.015945541085268165
仅换手率,2022-10-13,100,0.03351984046967844,0.48,0.24,0.0007199999999999999,0.03279984046967844
仅换手率,2022-10-20,100,0.012299335879856908,0.8200000000000001,0.41000000000000003,0.0012300000000000002,0.011069335879856907
仅换手率,2022-10-27,100,0.012981604011632421,0.74,0.37,0.00111,0.011871604011632422
仅换手率,2022-11-03,100,0.027030750374115932,0.56,0.28,0.0008400000000000001,0.02619075037411593
仅换手率,2022-11-10,100,0.04151683950999624,0.4,0.2,0.0006000000000000001,0.040916839509996236
仅换手率,2022-11-17,100,-0.03276870020565926,0.66,0.33,0.00099,-0.033758700205659256
仅换手率,2022-11-24,100,0.011632408099456091,0.48,0.24,0.0007199999999999999,0.010912408099456091
仅换手率,2022-12-01,100,0.014540478317275465,0.7000000000000001,0.35000000000000003,0.0010500000000000002,0.013490478317275465
仅换手率,2022-12-08,100,-0.008834570890009791,0.72,0.36,0.00108,-0.00991457089000979
仅换手率,2022-12-15,100,-0.05407329349441985,0.54,0.27,0.0008100000000000001,-0.054883293494419845
仅换手率,2022-12-22,100,0.01131356981936769,0.46,0.23,0.0006900000000000001,0.010623569819367691
仅换手率,2022-12-29,100,0.01912234463998723,0.48,0.24,0.0007199999999999999,0.01840234463998723
仅换手率,2023-01-06,100,-0.0019109038225639497,0.64,0.32,0.00096,-0.00287090382256395
仅换手率,2023-01-13,100,0.0259969713239522,0.76,0.38,0.00114,0.0248569713239522
仅换手率,2023-01-20,100,0.043658193190998215,0.66,0.33,0.00099,0.04266819319099822
仅换手率,2023-02-03,100,0.01975959090882889,1.0,0.5,0.0015,0.01825959090882889
仅换手率,2023-02-10,100,-0.01166293908350696,0.66,0.33,0.00099,-0.01265293908350696
仅换手率,2023-02-17,100,0.01105235708210055,0.56,0.28,0.0008400000000000001,0.01021235708210055
仅换手率,2023-02-24,100,0.025565377690743563,0.6,0.3,0.0009,0.024665377690743562
仅换手率,2023-03-03,100,0.01622162123134181,0.7000000000000001,0.35000000000000003,0.0010500000000000002,0.015171621231341808
仅换手率,2023-03-10,100,0.018685444571579432,0.62,0.31,0.00093,0.017755444571579432
仅换手率,2023-03-17,100,0.04559111191238783,0.48,0.24,0.0007199999999999999,0.04487111191238783
仅换手率,2023-03-24,100,0.0035907632509124755,0.56,0.28,0.0008400000000000001,0.0027507632509124755
仅换手率,2023-03-31,100,0.003654040166524283,0.38,0.19,0.00057,0.0030840401665242828
仅换手率,2023-04-10,100,0.011117516234214109,0.46,0.23,0.0006900000000000001,0.01042751623421411
仅换手率,2023-04-17,100,-0.01843176849282751,0.54,0.27,0.0008100000000000001,-0.01924176849282751
仅换手率,2023-04-24,100,0.024978732511941795,0.5,0.25,0.00075,0.024228732511941794
仅换手率,2023-05-04,100,0.00650876646953785,0.64,0.32,0.00096,0.00554876646953785
仅换手率,2023-05-11,100,-0.012555075830206262,0.44,0.22,0.00066,-0.013215075830206261
仅换手率,2023-05-18,100,-0.034468339388063034,0.46,0.23,0.0006900000000000001,-0.03515833938806304
仅换手率,2023-05-25,100,0.0543646616372143,0.44,0.22,0.00066,0.053704661637214296
仅换手率,2023-06-01,100,0.007635719792767032,0.66,0.33,0.00099,0.006645719792767032
仅换手率,2023-06-08,100,0.02426985707024678,0.58,0.29,0.00087,0.02339985707024678
仅换手率,2023-06-15,100,-0.04211906642900895,0.64,0.32,0.00096,-0.04307906642900895
仅换手率,2023-06-26,100,0.03889568738844922,0.64,0.32,0.00096,0.03793568738844922
仅换手率,2023-07-03,100,0.0025465382311989273,0.6,0.3,0.0009,0.0016465382311989273
仅换手率,2023-07-10,100,0.005020678790727418,0.86,0.43,0.00129,0.0037306787907274183
仅换手率,2023-07-17,100,-0.015074815511370541,0.52,0.26,0.0007800000000000001,-0.01585481551137054
仅换手率,2023-07-24,100,0.03645218232862852,0.48,0.24,0.0007199999999999999,0.03573218232862852
仅换手率,2023-07-31,100,-0.009495681357066788,0.84,0.42,0.00126,-0.010755681357066789
仅换手率,2023-08-07,100,-0.019555629587539595,0.68,0.34,0.00102,-0.020575629587539595
仅换手率,2023-08-14,100,-0.022813589527548816,0.64,0.32,0.00096,-0.023773589527548815
仅换手率,2023-08-21,100,-0.025630753155753538,0.52,0.26,0.0007800000000000001,-0.026410753155753537
仅换手率,2023-08-28,100,0.032374867982673486,0.88,0.44,0.00132,0.031054867982673484
仅换手率,2023-09-04,100,0.0039801090526577175,0.38,0.19,0.00057,0.0034101090526577173
仅换手率,2023-09-11,100,-0.02315097934650411,0.78,0.39,0.00117,-0.02432097934650411
仅换手率,2023-09-18,100,-0.00877994775097801,0.54,0.27,0.0008100000000000001,-0.00958994775097801
仅换手率,2023-09-25,100,0.022585427205508123,0.64,0.32,0.00096,0.021625427205508124
仅换手率,2023-10-10,100,0.0028582883073654097,0.66,0.33,0.00099,0.0018682883073654097
仅换手率,2023-10-17,100,-0.052332683058817005,0.52,0.26,0.0007800000000000001,-0.05311268305881701
仅换手率,2023-10-24,100,0.04803604413173952,0.56,0.28,0.0008400000000000001,0.04719604413173952
仅换手率,2023-10-31,100,0.054218706713888655,0.72,0.36,0.00108,0.05313870671388866
仅换手率,2023-11-07,100,0.015276472854242105,0.58,0.29,0.00087,0.014406472854242106
仅换手率,2023-11-14,100,0.0117476025586085,0.64,0.32,0.00096,0.0107876025586085
仅换手率,2023-11-21,100,0.005762724525018808,0.68,0.34,0.00102,0.004742724525018808
仅换手率,2023-11-28,100,-0.010081507973946573,0.66,0.33,0.00099,-0.011071507973946572
仅换手率,2023-12-05,100,0.03172718107628634,0.66,0.33,0.00099,0.030737181076286337
仅换手率,2023-12-12,100,-0.01624236740584783,0.62,0.31,0.00093,-0.017172367405847832
仅换手率,2023-12-19,100,-0.07570503095352088,0.54,0.27,0.0008100000000000001,-0.07651503095352089
仅换手率,2023-12-26,100,0.04691355921551021,0.46,0.23,0.0006900000000000001,0.046223559215510204
仅换手率,2024-01-03,100,-0.04548536390610521,0.52,0.26,0.0007800000000000001,-0.046265363906105215
仅换手率,2024-01-10,100,-0.01575972031248337,0.44,0.22,0.00066,-0.01641972031248337
仅换手率,2024-01-17,100,-0.07231678975039485,0.86,0.43,0.00129,-0.07360678975039485
仅换手率,2024-01-24,100,-0.08277359482984846,0.76,0.38,0.00114,-0.08391359482984846
仅换手率,2024-01-31,100,-0.18112505166098158,0.66,0.33,0.00099,-0.18211505166098158
仅换手率,2024-02-07,100,0.1767427815070112,0.84,0.42,0.00126,0.1754827815070112
仅换手率,2024-02-22,100,0.04072234073788115,0.8,0.4,0.0012000000000000001,0.03952234073788115
仅换手率,2024-02-29,100,0.011849281025979128,0.7000000000000001,0.35000000000000003,0.0010500000000000002,0.010799281025979128
仅换手率,2024-03-07,100,0.044014414680056915,0.86,0.43,0.00129,0.042724414680056916
仅换手率,2024-03-14,100,0.060969989284737076,0.6,0.3,0.0009,0.06006998928473708
仅换手率,2024-03-21,100,-0.050801870438757134,0.58,0.29,0.00087,-0.051671870438757136
仅换手率,2024-03-28,100,-0.01657888668186647,0.62,0.31,0.00093,-0.01750888668186647
仅换手率,2024-04-08,100,-0.057535983795168805,0.88,0.44,0.00132,-0.058855983795168806
仅换手率,2024-04-15,100,-0.027471260303451546,0.86,0.43,0.00129,-0.028761260303451545
仅换手率,2024-04-22,100,0.08744161345896806,0.86,0.43,0.00129,0.08615161345896806
仅换手率,2024-04-29,100,0.026299203988864164,0.72,0.36,0.00108,0.025219203988864163
仅换手率,2024-05-09,100,-0.018455944630519146,0.78,0.39,0.00117,-0.019625944630519147
仅换手率,2024-05-16,100,-0.01067199350032007,0.64,0.32,0.00096,-0.01163199350032007
仅换手率,2024-05-23,100,-0.020138169561158978,0.74,0.37,0.00111,-0.021248169561158978
仅换手率,2024-05-30,100,-0.09855000967683233,0.76,0.38,0.00114,-0.09969000967683234
仅换手率,2024-06-06,100,0.060302456788130676,0.74,0.37,0.00111,0.059192456788130676
仅换手率,2024-06-14,100,-0.012976896138773692,0.62,0.31,0.00093,-0.013906896138773692
仅换手率,2024-06-21,100,-0.017000528688423902,0.68,0.34,0.00102,-0.018020528688423902
仅换手率,2024-06-28,100,-0.03588925055649416,0.46,0.23,0.0006900000000000001,-0.036579250556494164
仅换手率,2024-07-05,100,0.02102715073677863,0.46,0.23,0.0006900000000000001,0.02033715073677863
仅换手率,2024-07-12,100,-0.0252213256110348,0.5,0.25,0.00075,-0.0259713256110348
仅换手率,2024-07-19,100,-0.007469667298621589,0.28,0.14,0.00042000000000000007,-0.007889667298621589
仅换手率,2024-07-26,100,0.03620120972226496,0.72,0.36,0.00108,0.035121209722264964
仅换手率,2024-08-02,100,-0.010592873271885975,0.58,0.29,0.00087,-0.011462873271885974
仅换手率,2024-08-09,100,0.004480104160296741,0.76,0.38,0.00114,0.0033401041602967407
仅换手率,2024-08-16,100,-0.04112154834992293,0.74,0.37,0.00111,-0.04223154834992293
仅换手率,2024-08-23,100,0.05566388483902188,0.64,0.32,0.00096,0.054703884839021874
仅换手率,2024-08-30,100,-0.02144149879013475,0.68,0.34,0.00102,-0.02246149879013475
仅换手率,2024-09-06,100,-0.004804207588568338,0.76,0.38,0.00114,-0.005944207588568338
仅换手率,2024-09-13,100,0.05769826083626381,0.56,0.28,0.0008400000000000001,0.05685826083626381
仅换手率,2024-09-24,100,0.33230501037911814,0.6,0.3,0.0009,0.3314050103791181
仅换手率,2024-10-08,100,-0.09347525258305094,0.96,0.48,0.0014399999999999999,-0.09491525258305093
仅换手率,2024-10-15,100,0.07592239606096639,0.78,0.39,0.00117,0.07475239606096638
仅换手率,2024-10-22,100,0.04169027468155878,0.36,0.18,0.00054,0.04115027468155878
仅换手率,2024-10-29,100,0.0444310821193244,0.48,0.24,0.0007199999999999999,0.0437110821193244
仅换手率,2024-11-05,100,0.06952080734850527,0.76,0.38,0.00114,0.06838080734850527
仅换手率,2024-11-12,100,-0.027762132789651107,0.72,0.36,0.00108,-0.028842132789651108
仅换手率,2024-11-19,100,0.02027092137431401,0.6,0.3,0.0009,0.01937092137431401
仅换手率,2024-11-26,100,0.06739293973501265,0.76,0.38,0.00114,0.06625293973501264
仅换手率,2024-12-03,100,0.022558354682440242,0.62,0.31,0.00093,0.021628354682440242
仅换手率,2024-12-10,100,-0.018052246980645968,0.78,0.39,0.00117,-0.01922224698064597
仅换手率,2024-12-17,100,-0.010375345074576492,0.64,0.32,0.00096,-0.011335345074576493
仅换手率,2024-12-24,100,-0.01870548620033541,0.46,0.23,0.0006900000000000001,-0.019395486200335408
仅换手率,2024-12-31,100,-0.046467558237588386,0.7000000000000001,0.35000000000000003,0.0010500000000000002,-0.04751755823758839
仅换手率,2025-01-08,100,0.021925392875715842,0.62,0.31,0.00093,0.02099539287571584
仅换手率,2025-01-15,100,0.011493069656977375,0.46,0.23,0.0006900000000000001,0.010803069656977375
仅换手率,2025-01-22,100,0.04380381554210109,0.58,0.29,0.00087,0.042933815542101086
仅换手率,2025-02-06,100,0.04222654335972813,0.78,0.39,0.00117,0.04105654335972813
仅换手率,2025-02-13,100,0.011077604653634913,0.8200000000000001,0.41000000000000003,0.0012300000000000002,0.009847604653634913
仅换手率,2025-02-20,100,0.015549066312913577,0.68,0.34,0.00102,0.014529066312913577
仅换手率,2025-02-27,100,0.016323313761768835,0.46,0.23,0.0006900000000000001,0.015633313761768835
仅换手率,2025-03-06,100,0.016608416627825404,0.36,0.18,0.00054,0.016068416627825405
仅换手率,2025-03-13,100,0.029753630964025325,0.6,0.3,0.0009,0.028853630964025323
仅换手率,2025-03-20,100,-0.03899598195883652,0.58,0.29,0.00087,-0.039865981958836526
仅换手率,2025-03-27,100,-0.020623471908756172,0.58,0.29,0.00087,-0.02149347190875617
仅换手率,2025-04-03,100,-0.07456689796897358,0.42,0.21,0.00063,-0.07519689796897358
仅换手率,2025-04-11,100,0.026706243977660166,0.66,0.33,0.00099,0.025716243977660164
仅换手率,2025-04-18,100,0.028090173946161475,0.74,0.37,0.00111,0.026980173946161475
仅换手率,2025-04-25,100,0.047302118807781526,0.62,0.31,0.00093,0.046372118807781526
仅换手率,2025-05-07,100,0.023071205862795346,0.7000000000000001,0.35000000000000003,0.0010500000000000002,0.022021205862795348
仅换手率,2025-05-14,100,0.02066332607843846,0.8200000000000001,0.41000000000000003,0.0012300000000000002,0.019433326078438458
仅换手率,2025-05-21,100,-0.0049916123915089185,0.8200000000000001,0.41000000000000003,0.0012300000000000002,-0.006221612391508919
仅换手率,2025-05-28,100,0.03599889033634377,0.74,0.37,0.00111,0.03488889033634377
仅换手率,2025-06-05,100,0.03268027170117007,0.6,0.3,0.0009,0.03178027170117007
仅换手率,2025-06-12,100,-0.04156559396803479,0.76,0.38,0.00114,-0.04270559396803479
仅换手率,2025-06-19,100,0.03579201508582807,0.84,0.42,0.00126,0.03453201508582807
仅换手率,2025-06-26,100,0.02901515157465491,0.76,0.38,0.00114,0.02787515157465491
仅换手率,2025-07-03,100,0.012653345602511358,0.84,0.42,0.00126,0.011393345602511358
仅换手率,2025-07-10,100,0.020830048489210228,0.74,0.37,0.00111,0.01972004848921023
仅换手率,2025-07-17,100,0.013805576471913416,0.76,0.38,0.00114,0.012665576471913416
仅换手率,2025-07-24,100,0.002324001392238326,0.92,0.46,0.0013800000000000002,0.0009440013922383259
仅换手率,2025-07-31,100,0.03710956891597704,0.74,0.37,0.00111,0.03599956891597704
仅换手率,2025-08-07,100,0.002439390771865313,0.74,0.37,0.00111,0.001329390771865313
仅换手率,2025-08-14,100,0.05169694962492383,0.58,0.29,0.00087,0.050826949624923824
仅换手率,2025-08-21,100,-0.007840957122095498,0.7000000000000001,0.35000000000000003,0.0010500000000000002,-0.008890957122095498
仅换手率,2025-08-28,100,-0.04787286139015626,0.6,0.3,0.0009,-0.048772861390156255
仅换手率,2025-09-04,100,0.046773281516640786,0.58,0.29,0.00087,0.04590328151664078
仅换手率,2025-09-11,100,-0.008985145733516468,0.44,0.22,0.00066,-0.009645145733516467
仅换手率,2025-09-18,100,0.0033619528495138096,0.62,0.31,0.00093,0.0024319528495138094
仅换手率,2025-09-25,100,0.015058851956664369,0.58,0.29,0.00087,0.01418885195666437
仅换手率,2025-10-10,100,-0.03863681479957839,0.62,0.31,0.00093,-0.03956681479957839
仅换手率,2025-10-17,100,0.04529427927795591,0.32,0.16,0.00048,0.04481427927795591
仅换手率,2025-10-24,100,0.008932304582136839,0.72,0.36,0.00108,0.00785230458213684
仅换手率,2025-10-31,100,0.024456632771098795,0.76,0.38,0.00114,0.023316632771098796
仅换手率,2025-11-07,100,0.01027286518323687,0.86,0.43,0.00129,0.00898286518323687
仅换手率,2025-11-14,100,-0.0767934390175075,0.72,0.36,0.00108,-0.0778734390175075
仅换手率,2025-11-21,100,0.03544884237953282,0.96,0.48,0.0014399999999999999,0.034008842379532826
仅换手率,2025-11-28,100,-0.005376273447229367,0.66,0.33,0.00099,-0.006366273447229367
仅换手率,2025-12-05,100,-0.010210695895695565,0.9,0.45,0.00135,-0.011560695895695566
仅换手率,2025-12-12,100,0.007802789284207825,0.56,0.28,0.0008400000000000001,0.006962789284207824
仅换手率,2025-12-19,100,0.015558529328349713,0.74,0.37,0.00111,0.014448529328349714
仅换手率,2025-12-26,100,0.02070050171229302,0.72,0.36,0.00108,0.019620501712293018
仅换手率,2026-01-06,100,0.02944980436137131,0.62,0.31,0.00093,0.02851980436137131
仅换手率,2026-01-13,100,0.009498099754016583,1.08,0.54,0.0016200000000000001,0.007878099754016583
仅换手率,2026-01-20,100,0.019022469589329637,0.72,0.36,0.00108,0.017942469589329636
仅换手率,2026-01-27,100,-0.012822462764384333,0.48,0.24,0.0007199999999999999,-0.013542462764384334
仅换手率,2026-02-03,100,0.025842193735235695,0.48,0.24,0.0007199999999999999,0.025122193735235696
仅换手率,2026-02-10,100,-0.009364829376888772,0.48,0.24,0.0007199999999999999,-0.010084829376888772
仅换手率,2026-02-25,100,-0.03632252950242396,0.62,0.31,0.00093,-0.03725252950242396
仅换手率,2026-03-04,100,0.02872082269881153,0.7000000000000001,0.35000000000000003,0.0010500000000000002,0.02767082269881153
仅换手率,2026-03-11,100,-0.026703386357716234,0.68,0.34,0.00102,-0.027723386357716234
仅换手率,2026-03-18,100,-0.0449176791221358,0.68,0.34,0.00102,-0.0459376791221358
仅换手率,2026-03-25,100,-0.01498966675153962,0.84,0.42,0.00126,-0.016249666751539618
仅换手率,2026-04-01,100,-0.009421053583094167,0.34,0.17,0.00051,-0.009931053583094167
仅换手率,2026-04-09,100,0.03351900597656096,0.52,0.26,0.0007800000000000001,0.03273900597656096
仅换手率,2026-04-16,100,0.008637978869137197,0.54,0.27,0.0008100000000000001,0.007827978869137197
仅换手率,2026-04-23,100,-0.003691023371470449,0.62,0.31,0.00093,-0.004621023371470449
仅换手率,2026-04-30,100,0.0327598707925272,0.88,0.44,0.00132,0.0314398707925272
仅换手率,2026-05-12,100,0.0020292032020027516,0.64,0.32,0.00096,0.0010692032020027517
仅换手率,2026-05-19,100,-0.03754643965952811,0.44,0.22,0.00066,-0.03820643965952811
仅换手率,2026-05-26,100,-0.043905784091362206,0.64,0.32,0.00096,-0.04486578409136221
仅换手率,2026-06-02,100,-0.023598328518176476,0.74,0.37,0.00111,-0.024708328518176476
仅换手率,2026-06-09,100,0.030702193225137876,0.52,0.26,0.0007800000000000001,0.029922193225137877
仅换手率,2026-06-16,100,-0.008293184013163705,0.44,0.22,0.00066,-0.008953184013163706
仅换手率,2026-06-24,100,-0.0011541951471694656,0.5,0.25,0.00075,-0.0019041951471694657
仅换手率,2026-07-01,100,-0.04618203157065236,0.4,0.2,0.0006000000000000001,-0.04678203157065236
仅换手率,2026-07-08,100,-0.00997542443609622,0.38,0.19,0.00057,-0.01054542443609622
仅换手率,2026-07-15,100,-0.05324040738270732,0.66,0.33,0.00099,-0.05423040738270732
仅换手率,2026-07-22,100,0.0393365715105635,0.48,0.24,0.0007199999999999999,0.038616571510563504
仅现金流,2015-01-05,100,-0.028964804722135605,1.0,1.0,0.0015,-0.030464804722135606
仅现金流,2015-01-12,100,-0.0311232653233501,0.12,0.06,0.00017999999999999998,-0.0313032653233501
仅现金流,2015-01-19,100,0.10134653820420947,0.1,0.05,0.00015000000000000001,0.10119653820420947
仅现金流,2015-01-26,100,-0.036100215009043236,0.1,0.05,0.00015000000000000001,-0.036250215009043234
仅现金流,2015-02-02,100,-0.023115792583619083,0.04,0.02,6e-05,-0.023175792583619084
仅现金流,2015-02-09,100,0.07002683195581172,0.06,0.03,8.999999999999999e-05,0.06993683195581171
仅现金流,2015-02-16,100,0.05314038098436392,0.14,0.07,0.00021000000000000004,0.052930380984363916
仅现金流,2015-03-02,100,0.025037610054880276,0.04,0.02,6e-05,0.024977610054880275
仅现金流,2015-03-09,100,0.05274534629076649,0.12,0.06,0.00017999999999999998,0.05256534629076649
仅现金流,2015-03-16,100,0.07222049469264841,0.18,0.09,0.00027,0.0719504946926484
仅现金流,2015-03-23,100,0.03381847141418185,0.16,0.08,0.00024,0.033578471414181854
仅现金流,2015-03-30,100,0.08153330890916635,0.3,0.15,0.00045,0.08108330890916635
仅现金流,2015-04-07,100,0.044630854767703364,0.4,0.2,0.0006000000000000001,0.04403085476770336
仅现金流,2015-04-14,100,0.012779209922698431,0.24,0.12,0.00035999999999999997,0.012419209922698432
仅现金流,2015-04-21,100,0.0388560431338983,0.26,0.13,0.00039000000000000005,0.0384660431338983
仅现金流,2015-04-28,100,-0.032386907947012045,1.0,0.5,0.0015,-0.033886907947012046
仅现金流,2015-05-06,100,0.060654855748356995,1.06,0.53,0.00159,0.059064855748356994
仅现金流,2015-05-13,100,0.03157873469493181,0.02,0.01,3e-05,0.03154873469493181
仅现金流,2015-05-20,100,0.13475856434225789,0.12,0.06,0.00017999999999999998,0.13457856434225787
仅现金流,2015-05-27,100,0.023856583964613005,0.14,0.07,0.00021000000000000004,0.023646583964613006
仅现金流,2015-06-03,100,0.048500338407150616,0.12,0.06,0.00017999999999999998,0.048320338407150616
仅现金流,2015-06-10,100,0.00017357933908569988,0.12,0.06,0.00017999999999999998,-6.420660914300104e-06
仅现金流,2015-06-17,100,-0.0870890370653915,0.2,0.1,0.00030000000000000003,-0.0873890370653915
仅现金流,2015-06-25,100,-0.20715318830846452,0.14,0.07,0.00021000000000000004,-0.2073631883084645
仅现金流,2015-07-02,100,-0.15511642316406934,0.14,0.07,0.00021000000000000004,-0.15532642316406933
仅现金流,2015-07-09,100,0.09203814059025944,0.66,0.33,0.00099,0.09104814059025944
仅现金流,2015-07-16,100,0.14810030617384398,0.62,0.31,0.00093,0.147170306173844
仅现金流,2015-07-23,100,-0.11219492919209424,0.14,0.07,0.00021000000000000004,-0.11240492919209424
仅现金流,2015-07-30,100,-1.9383269387540645e-06,0.24,0.12,0.00035999999999999997,-0.000361938326938754
仅现金流,2015-08-06,100,0.13350425114977799,0.14,0.07,0.00021000000000000004,0.133294251149778
仅现金流,2015-08-13,100,-0.04517787791431183,0.24,0.12,0.00035999999999999997,-0.04553787791431183
仅现金流,2015-08-20,100,-0.2106440874631922,0.34,0.17,0.00051,-0.2111540874631922
仅现金流,2015-08-27,100,-0.03364686274082677,0.56,0.28,0.0008400000000000001,-0.03448686274082677
仅现金流,2015-09-07,100,0.004851292601702541,0.4,0.2,0.0006000000000000001,0.004251292601702541
仅现金流,2015-09-14,100,0.024397177886411978,0.2,0.1,0.00030000000000000003,0.024097177886411976
仅现金流,2015-09-21,100,0.0023357796461952875,0.06,0.03,8.999999999999999e-05,0.0022457796461952876
仅现金流,2015-09-28,100,0.09603706151630603,0.14,0.07,0.00021000000000000004,0.09582706151630603
仅现金流,2015-10-12,100,0.0530376761032991,0.2,0.1,0.00030000000000000003,0.052737676103299096
仅现金流,2015-10-19,100,0.022667494719423486,0.14,0.07,0.00021000000000000004,0.022457494719423488
仅现金流,2015-10-26,100,-0.020577154270720505,0.36,0.18,0.00054,-0.021117154270720504
仅现金流,2015-11-02,100,0.12962186527581696,0.66,0.33,0.00099,0.12863186527581696
仅现金流,2015-11-09,100,0.021719746547309605,0.08,0.04,0.00012,0.021599746547309607
仅现金流,2015-11-16,100,0.008931563893266102,0.1,0.05,0.00015000000000000001,0.008781563893266101
仅现金流,2015-11-23,100,-0.03848811902404057,0.1,0.05,0.00015000000000000001,-0.03863811902404057
仅现金流,2015-11-30,100,0.04996726034624704,0.1,0.05,0.00015000000000000001,0.04981726034624704
仅现金流,2015-12-07,100,0.0025921013730655583,0.1,0.05,0.00015000000000000001,0.0024421013730655584
仅现金流,2015-12-14,100,0.04767036986654692,0.04,0.02,6e-05,0.047610369866546924
仅现金流,2015-12-21,100,-0.02532975376692943,0.1,0.05,0.00015000000000000001,-0.02547975376692943
仅现金流,2015-12-28,100,-0.08544061908280871,0.12,0.06,0.00017999999999999998,-0.08562061908280871
仅现金流,2016-01-05,100,-0.10077362124188133,0.14,0.07,0.00021000000000000004,-0.10098362124188133
仅现金流,2016-01-12,100,0.00886422485816737,0.1,0.05,0.00015000000000000001,0.008714224858167368
仅现金流,2016-01-19,100,-0.09239585823050891,0.08,0.04,0.00012,-0.09251585823050891
仅现金流,2016-01-26,100,0.0024909916679347246,0.14,0.07,0.00021000000000000004,0.0022809916679347245
仅现金流,2016-02-02,100,0.05067355921402083,0.1,0.05,0.00015000000000000001,0.05052355921402083
仅现金流,2016-02-16,100,0.03200316639098151,0.06,0.03,8.999999999999999e-05,0.03191316639098151
仅现金流,2016-02-23,100,-0.08643959124059174,0.12,0.06,0.00017999999999999998,-0.08661959124059174
仅现金流,2016-03-01,100,0.07396479090871239,0.14,0.07,0.00021000000000000004,0.07375479090871238
仅现金流,2016-03-08,100,-0.01442532276582686,0.08,0.04,0.00012,-0.01454532276582686
仅现金流,2016-03-15,100,0.078577922654615,0.14,0.07,0.00021000000000000004,0.078367922654615
仅现金流,2016-03-22,100,-0.02367579668316463,0.2,0.1,0.00030000000000000003,-0.023975796683164633
仅现金流,2016-03-29,100,0.0687080836196816,0.26,0.13,0.00039000000000000005,0.0683180836196816
仅现金流,2016-04-06,100,0.00721513197935278,0.24,0.12,0.00035999999999999997,0.00685513197935278
仅现金流,2016-04-13,100,-0.047817258144858175,0.14,0.07,0.00021000000000000004,-0.04802725814485818
仅现金流,2016-04-20,100,0.0037756330420796414,0.2,0.1,0.00030000000000000003,0.0034756330420796415
仅现金流,2016-04-27,100,0.028081256666309232,0.84,0.42,0.00126,0.02682125666630923
仅现金流,2016-05-05,100,-0.08884639976716546,1.18,0.59,0.0017699999999999999,-0.09061639976716546
仅现金流,2016-05-12,100,-0.01350679679451501,0.04,0.02,6e-05,-0.01356679679451501
仅现金流,2016-05-19,100,0.017691527987611453,0.16,0.08,0.00024,0.017451527987611452
仅现金流,2016-05-26,100,0.057655985625458823,0.08,0.04,0.00012,0.05753598562545882
仅现金流,2016-06-02,100,-0.04477950638780438,0.06,0.03,8.999999999999999e-05,-0.04486950638780438
仅现金流,2016-06-13,100,0.03859881916311607,0.18,0.09,0.00027,0.03832881916311607
仅现金流,2016-06-20,100,0.02193949757415048,0.08,0.04,0.00012,0.02181949757415048
仅现金流,2016-06-27,100,0.04157913968188356,0.1,0.05,0.00015000000000000001,0.04142913968188356
仅现金流,2016-07-04,100,0.006383280117985847,0.12,0.06,0.00017999999999999998,0.006203280117985847
仅现金流,2016-07-11,100,0.018095980261761815,0.1,0.05,0.00015000000000000001,0.017945980261761814
仅现金流,2016-07-18,100,-0.0013684076309882943,0.08,0.04,0.00012,-0.0014884076309882944
仅现金流,2016-07-25,100,-0.04460310400582475,0.08,0.04,0.00012,-0.04472310400582475
仅现金流,2016-08-01,100,0.031019450378152787,0.2,0.1,0.00030000000000000003,0.030719450378152786
仅现金流,2016-08-08,100,0.03778603724926573,0.1,0.05,0.00015000000000000001,0.03763603724926573
仅现金流,2016-08-15,100,-0.009557493629776637,0.24,0.12,0.00035999999999999997,-0.009917493629776637
仅现金流,2016-08-22,100,0.002105556394823096,0.32,0.16,0.00048,0.0016255563948230959
仅现金流,2016-08-29,100,-0.0030412386566719862,0.62,0.31,0.00093,-0.003971238656671986
仅现金流,2016-09-05,100,-0.018118558339904813,0.44,0.22,0.00066,-0.018778558339904813
仅现金流,2016-09-12,100,0.0126709147588843,0.04,0.02,6e-05,0.0126109147588843
仅现金流,2016-09-21,100,-0.013218645693032603,0.06,0.03,8.999999999999999e-05,-0.013308645693032603
仅现金流,2016-09-28,100,0.02574073830381815,0.04,0.02,6e-05,0.02568073830381815
仅现金流,2016-10-12,100,0.010274856535015036,0.06,0.03,8.999999999999999e-05,0.010184856535015037
仅现金流,2016-10-19,100,0.011358442451540465,0.08,0.04,0.00012,0.011238442451540464
仅现金流,2016-10-26,100,-0.003914024292459778,0.44,0.22,0.00066,-0.004574024292459778
仅现金流,2016-11-02,100,0.00853255610114358,0.76,0.38,0.00114,0.007392556101143579
仅现金流,2016-11-09,100,0.03437335770808444,0.04,0.02,6e-05,0.03431335770808444
仅现金流,2016-11-16,100,0.009711247055551453,0.08,0.04,0.00012,0.009591247055551453
仅现金流,2016-11-23,100,-0.007413242030968337,0.04,0.02,6e-05,-0.007473242030968337
仅现金流,2016-11-30,100,-0.010584083484467757,0.08,0.04,0.00012,-0.010704083484467757
仅现金流,2016-12-07,100,-0.053347851283515046,0.06,0.03,8.999999999999999e-05,-0.053437851283515046
仅现金流,2016-12-14,100,0.01941837177687203,0.08,0.04,0.00012,0.01929837177687203
仅现金流,2016-12-21,100,-0.011346666805439607,0.08,0.04,0.00012,-0.011466666805439608
仅现金流,2016-12-28,100,0.017801179196481148,0.0,0.0,0.0,0.017801179196481148
仅现金流,2017-01-05,100,-0.014947309950330296,0.04,0.02,6e-05,-0.015007309950330295
仅现金流,2017-01-12,100,-0.03937876788511876,0.02,0.01,3e-05,-0.03940876788511876
仅现金流,2017-01-19,100,0.027383094135990493,0.08,0.04,0.00012,0.027263094135990495
仅现金流,2017-01-26,100,0.022590620961397807,0.06,0.03,8.999999999999999e-05,0.022500620961397808
仅现金流,2017-02-09,100,0.013194819889114126,0.02,0.01,3e-05,0.013164819889114126
仅现金流,2017-02-16,100,0.01235079717068679,0.04,0.02,6e-05,0.01229079717068679
仅现金流,2017-02-23,100,-0.00975850584373375,0.08,0.04,0.00012,-0.00987850584373375
仅现金流,2017-03-02,100,-0.004338613635378106,0.04,0.02,6e-05,-0.004398613635378106
仅现金流,2017-03-09,100,0.023927023291494594,0.08,0.04,0.00012,0.023807023291494596
仅现金流,2017-03-16,100,-0.008653148490897253,0.12,0.06,0.00017999999999999998,-0.008833148490897252
仅现金流,2017-03-23,100,-0.01470571971727148,0.34,0.17,0.00051,-0.015215719717271481
仅现金流,2017-03-30,100,0.02319394958651898,0.46,0.23,0.0006900000000000001,0.02250394958651898
仅现金流,2017-04-10,100,-0.020251620366791893,0.24,0.12,0.00035999999999999997,-0.020611620366791893
仅现金流,2017-04-17,100,-0.060222967106710115,0.26,0.13,0.00039000000000000005,-0.06061296710671012
仅现金流,2017-04-24,100,0.023666665816395795,0.44,0.22,0.00066,0.023006665816395794
仅现金流,2017-05-02,100,-0.03207686262160068,1.48,0.74,0.00222,-0.03429686262160068
仅现金流,2017-05-09,100,0.005483232655937359,0.06,0.03,8.999999999999999e-05,0.0053932326559373595
仅现金流,2017-05-16,100,-0.04819365467064505,0.06,0.03,8.999999999999999e-05,-0.04828365467064505
仅现金流,2017-05-23,100,0.0010126833759345189,0.12,0.06,0.00017999999999999998,0.0008326833759345188
仅现金流,2017-06-01,100,0.04792516295128453,0.08,0.04,0.00012,0.04780516295128453
仅现金流,2017-06-08,100,0.0108622921492139,0.14,0.07,0.00021000000000000004,0.0106522921492139
仅现金流,2017-06-15,100,-0.005058165170988513,0.08,0.04,0.00012,-0.0051781651709885135
仅现金流,2017-06-22,100,0.016897357702493513,0.08,0.04,0.00012,0.016777357702493514
仅现金流,2017-06-29,100,0.007508216403395024,0.08,0.04,0.00012,0.0073882164033950235
仅现金流,2017-07-06,100,0.009526367598842362,0.04,0.02,6e-05,0.009466367598842363
仅现金流,2017-07-13,100,-0.00619652753940027,0.04,0.02,6e-05,-0.0062565275394002706
仅现金流,2017-07-20,100,0.011945684375212134,0.1,0.05,0.00015000000000000001,0.011795684375212133
仅现金流,2017-07-27,100,0.008480274412262137,0.08,0.04,0.00012,0.008360274412262137
仅现金流,2017-08-03,100,0.005470751620584809,0.14,0.07,0.00021000000000000004,0.0052607516205848085
仅现金流,2017-08-10,100,0.012383172871905428,0.16,0.08,0.00024,0.012143172871905427
仅现金流,2017-08-17,100,-0.010197643283785847,0.22,0.11,0.00033,-0.010527643283785847
仅现金流,2017-08-24,100,0.03695812919301958,0.52,0.26,0.0007800000000000001,0.036178129193019576
仅现金流,2017-08-31,100,0.00713337672932145,0.68,0.34,0.00102,0.00611337672932145
仅现金流,2017-09-07,100,0.003941129764671985,0.1,0.05,0.00015000000000000001,0.0037911297646719853
仅现金流,2017-09-14,100,-0.0003877032485390364,0.08,0.04,0.00012,-0.0005077032485390364
仅现金流,2017-09-21,100,-0.022626806089585765,0.04,0.02,6e-05,-0.022686806089585766
仅现金流,2017-09-28,100,0.019733877671647443,0.04,0.02,6e-05,0.019673877671647442
仅现金流,2017-10-12,100,-0.030819145605087618,0.04,0.02,6e-05,-0.03087914560508762
仅现金流,2017-10-19,100,0.02343572175399819,0.1,0.05,0.00015000000000000001,0.02328572175399819
仅现金流,2017-10-26,100,-0.03253380945129172,0.3,0.15,0.00045,-0.03298380945129172
仅现金流,2017-11-02,100,0.008739058761868009,0.66,0.33,0.00099,0.007749058761868009
仅现金流,2017-11-09,100,-0.012407748824649446,0.1,0.05,0.00015000000000000001,-0.012557748824649446
仅现金流,2017-11-16,100,-0.0466184500326005,0.06,0.03,8.999999999999999e-05,-0.0467084500326005
仅现金流,2017-11-23,100,0.003552175490618402,0.1,0.05,0.00015000000000000001,0.003402175490618402
仅现金流,2017-11-30,100,-0.027144749590306022,0.04,0.02,6e-05,-0.027204749590306023
仅现金流,2017-12-07,100,0.0156899766936371,0.1,0.05,0.00015000000000000001,0.0155399766936371
仅现金流,2017-12-14,100,-0.006047082141813419,0.06,0.03,8.999999999999999e-05,-0.006137082141813419
仅现金流,2017-12-21,100,0.00519893813387337,0.06,0.03,8.999999999999999e-05,0.00510893813387337
仅现金流,2017-12-28,100,0.034167956444313224,0.1,0.05,0.00015000000000000001,0.03401795644431323
仅现金流,2018-01-05,100,0.0031379294063902585,0.06,0.03,8.999999999999999e-05,0.0030479294063902587
仅现金流,2018-01-12,100,-0.0016852625657247057,0.08,0.04,0.00012,-0.0018052625657247058
仅现金流,2018-01-19,100,0.014403233756521121,0.08,0.04,0.00012,0.014283233756521121
仅现金流,2018-01-26,100,-0.06311728965875832,0.0,0.0,0.0,-0.06311728965875832
仅现金流,2018-02-02,100,-0.08215701497503435,0.06,0.03,8.999999999999999e-05,-0.08224701497503435
仅现金流,2018-02-09,100,0.04642643297205856,0.12,0.06,0.00017999999999999998,0.04624643297205856
仅现金流,2018-02-23,100,0.02671935140836724,0.06,0.03,8.999999999999999e-05,0.026629351408367242
仅现金流,2018-03-02,100,0.03369417229773753,0.06,0.03,8.999999999999999e-05,0.03360417229773753
仅现金流,2018-03-09,100,-0.01466094051783524,0.08,0.04,0.00012,-0.014780940517835241
仅现金流,2018-03-16,100,-0.051981457080121085,0.16,0.08,0.00024,-0.05222145708012108
仅现金流,2018-03-23,100,0.05941435522255979,0.18,0.09,0.00027,0.05914435522255979
仅现金流,2018-03-30,100,-0.003568426831972564,0.4,0.2,0.0006000000000000001,-0.004168426831972564
仅现金流,2018-04-10,100,-0.026029057308181943,0.18,0.09,0.00027,-0.026299057308181942
仅现金流,2018-04-17,100,-0.0004833439116044469,0.32,0.16,0.00048,-0.0009633439116044468
仅现金流,2018-04-24,100,0.000976415598017275,0.58,0.29,0.00087,0.00010641559801727503
仅现金流,2018-05-03,100,0.03296713402143778,1.54,0.77,0.00231,0.030657134021437778
仅现金流,2018-05-10,100,-0.011664354818978992,0.08,0.04,0.00012,-0.011784354818978993
仅现金流,2018-05-17,100,0.008950413282577452,0.16,0.08,0.00024,0.008710413282577451
仅现金流,2018-05-24,100,-0.04573573806899311,0.12,0.06,0.00017999999999999998,-0.04591573806899311
仅现金流,2018-05-31,100,0.004241200522379502,0.12,0.06,0.00017999999999999998,0.0040612005223795026
仅现金流,2018-06-07,100,-0.03021931831253449,0.1,0.05,0.00015000000000000001,-0.03036931831253449
仅现金流,2018-06-14,100,-0.08504927396092146,0.04,0.02,6e-05,-0.08510927396092147
仅现金流,2018-06-22,100,0.015139291850485768,0.1,0.05,0.00015000000000000001,0.014989291850485767
仅现金流,2018-06-29,100,-0.03734077535417004,0.08,0.04,0.00012,-0.03746077535417004
仅现金流,2018-07-06,100,0.029448656929536153,0.06,0.03,8.999999999999999e-05,0.029358656929536153
仅现金流,2018-07-13,100,0.006623722710710568,0.02,0.01,3e-05,0.006593722710710568
仅现金流,2018-07-20,100,0.03866796897581157,0.08,0.04,0.00012,0.038547968975811565
仅现金流,2018-07-27,100,-0.06214816573628737,0.08,0.04,0.00012,-0.06226816573628737
仅现金流,2018-08-03,100,0.02516474661175389,0.18,0.09,0.00027,0.02489474661175389
仅现金流,2018-08-10,100,-0.0412427762223115,0.12,0.06,0.00017999999999999998,-0.0414227762223115
仅现金流,2018-08-17,100,0.013374007664776486,0.22,0.11,0.00033,0.013044007664776485
仅现金流,2018-08-24,100,-0.009497920007405364,0.46,0.23,0.0006900000000000001,-0.010187920007405364
仅现金流,2018-08-31,100,-0.007962235206002043,0.78,0.39,0.00117,-0.009132235206002044
仅现金流,2018-09-07,100,-0.012871413818797896,0.06,0.03,8.999999999999999e-05,-0.012961413818797896
仅现金流,2018-09-14,100,0.029745242711058367,0.02,0.01,3e-05,0.029715242711058368
仅现金流,2018-09-21,100,-0.04624409789920296,0.08,0.04,0.00012,-0.04636409789920296
仅现金流,2018-10-08,100,-0.09215933070189841,0.06,0.03,8.999999999999999e-05,-0.09224933070189842
仅现金流,2018-10-15,100,0.04463589225511631,0.04,0.02,6e-05,0.044575892255116316
仅现金流,2018-10-22,100,-0.010775968179822997,0.12,0.06,0.00017999999999999998,-0.010955968179822997
仅现金流,2018-10-29,100,0.06458022804539384,0.38,0.19,0.00057,0.06401022804539384
仅现金流,2018-11-05,100,0.01975576432007486,0.38,0.19,0.00057,0.01918576432007486
仅现金流,2018-11-12,100,0.059748474548426606,0.06,0.03,8.999999999999999e-05,0.059658474548426606
仅现金流,2018-11-19,100,-0.06613648073429289,0.06,0.03,8.999999999999999e-05,-0.0662264807342929
仅现金流,2018-11-26,100,0.03575614775309406,0.04,0.02,6e-05,0.035696147753094064
仅现金流,2018-12-03,100,-0.027664368629142053,0.08,0.04,0.00012,-0.02778436862914205
仅现金流,2018-12-10,100,-0.00401313756003248,0.02,0.01,3e-05,-0.00404313756003248
仅现金流,2018-12-17,100,-0.010359152065334228,0.06,0.03,8.999999999999999e-05,-0.010449152065334227
仅现金流,2018-12-24,100,-0.019550182692860317,0.04,0.02,6e-05,-0.019610182692860318
仅现金流,2019-01-02,100,0.03872774285498821,0.04,0.02,6e-05,0.03866774285498821
仅现金流,2019-01-09,100,0.010597303773137836,0.06,0.03,8.999999999999999e-05,0.010507303773137836
仅现金流,2019-01-16,100,-0.008070374486513791,0.02,0.01,3e-05,-0.008100374486513792
仅现金流,2019-01-23,100,-0.03176141098258306,0.04,0.02,6e-05,-0.03182141098258306
仅现金流,2019-01-30,100,0.06734494527027096,0.06,0.03,8.999999999999999e-05,0.06725494527027095
仅现金流,2019-02-13,100,0.031279763820183645,0.06,0.03,8.999999999999999e-05,0.031189763820183646
仅现金流,2019-02-20,100,0.0729513268104466,0.04,0.02,6e-05,0.07289132681044659
仅现金流,2019-02-27,100,0.06228950565327951,0.1,0.05,0.00015000000000000001,0.06213950565327951
仅现金流,2019-03-06,100,0.01206744541073026,0.06,0.03,8.999999999999999e-05,0.01197744541073026
仅现金流,2019-03-13,100,0.02452483790692157,0.12,0.06,0.00017999999999999998,0.02434483790692157
仅现金流,2019-03-20,100,-0.0177279471912444,0.08,0.04,0.00012,-0.017847947191244398
仅现金流,2019-03-27,100,0.0709383962573409,0.18,0.09,0.00027,0.07066839625734089
仅现金流,2019-04-03,100,-0.001488257148554114,0.32,0.16,0.00048,-0.001968257148554114
仅现金流,2019-04-11,100,0.006100081853218186,0.16,0.08,0.00024,0.005860081853218186
仅现金流,2019-04-18,100,-0.050545607122905574,0.28,0.14,0.00042000000000000007,-0.05096560712290557
仅现金流,2019-04-25,100,-0.08897642185304333,0.68,0.34,0.00102,-0.08999642185304332
仅现金流,2019-05-07,100,0.01816232784217808,1.52,0.76,0.00228,0.01588232784217808
仅现金流,2019-05-14,100,0.010863058007752988,0.08,0.04,0.00012,0.010743058007752987
仅现金流,2019-05-21,100,-0.009559016469169896,0.06,0.03,8.999999999999999e-05,-0.009649016469169895
仅现金流,2019-05-28,100,-0.028675403157469047,0.04,0.02,6e-05,-0.028735403157469048
仅现金流,2019-06-04,100,0.030244487403775278,0.1,0.05,0.00015000000000000001,0.030094487403775277
仅现金流,2019-06-12,100,-0.003626352197140771,0.06,0.03,8.999999999999999e-05,-0.0037163521971407707
仅现金流,2019-06-19,100,0.02621219027181124,0.04,0.02,6e-05,0.02615219027181124
仅现金流,2019-06-26,100,0.022376888383096503,0.06,0.03,8.999999999999999e-05,0.022286888383096504
仅现金流,2019-07-03,100,-0.04529669686946272,0.06,0.03,8.999999999999999e-05,-0.04538669686946272
仅现金流,2019-07-10,100,0.017569407584938725,0.06,0.03,8.999999999999999e-05,0.017479407584938725
仅现金流,2019-07-17,100,-0.014719269776020458,0.06,0.03,8.999999999999999e-05,-0.014809269776020458
仅现金流,2019-07-24,100,0.0014965409978814415,0.02,0.01,3e-05,0.0014665409978814414
仅现金流,2019-07-31,100,-0.06424374152867321,0.16,0.08,0.00024,-0.06448374152867321
仅现金流,2019-08-07,100,0.01684959099158869,0.08,0.04,0.00012,0.016729590991588692
仅现金流,2019-08-14,100,0.04539245793376016,0.22,0.11,0.00033,0.04506245793376016
仅现金流,2019-08-21,100,0.008349675355934923,0.28,0.14,0.00042000000000000007,0.007929675355934923
仅现金流,2019-08-28,100,0.024028948513796448,0.72,0.36,0.00108,0.022948948513796447
仅现金流,2019-09-04,100,0.039365392387037804,0.6,0.3,0.0009,0.038465392387037806
仅现金流,2019-09-11,100,-0.007650008678721414,0.04,0.02,6e-05,-0.007710008678721414
仅现金流,2019-09-19,100,-0.03387945619763844,0.02,0.01,3e-05,-0.033909456197638445
仅现金流,2019-09-26,100,0.01713994417918086,0.04,0.02,6e-05,0.017079944179180857
仅现金流,2019-10-10,100,0.00780501941170469,0.06,0.03,8.999999999999999e-05,0.00771501941170469
仅现金流,2019-10-17,100,-0.0077253621414740525,0.04,0.02,6e-05,-0.007785362141474053
仅现金流,2019-10-24,100,-0.010666637914924247,0.22,0.11,0.00033,-0.010996637914924248
仅现金流,2019-10-31,100,0.016204535666327055,0.64,0.32,0.00096,0.015244535666327054
仅现金流,2019-11-07,100,-0.02794879497679717,0.04,0.02,6e-05,-0.02800879497679717
仅现金流,2019-11-14,100,0.0034665454473314706,0.04,0.02,6e-05,0.0034065454473314704
仅现金流,2019-11-21,100,-0.010372130449907363,0.04,0.02,6e-05,-0.010432130449907363
仅现金流,2019-11-28,100,0.021309291077993002,0.02,0.01,3e-05,0.021279291077993003
仅现金流,2019-12-05,100,0.0018415717012690868,0.02,0.01,3e-05,0.0018115717012690867
仅现金流,2019-12-12,100,0.05219836669311369,0.02,0.01,3e-05,0.052168366693113685
仅现金流,2019-12-19,100,0.0014637498300512407,0.02,0.01,3e-05,0.0014337498300512406
仅现金流,2019-12-26,100,0.02401567083269466,0.04,0.02,6e-05,0.023955670832694658
仅现金流,2020-01-03,100,0.01289722356918353,0.04,0.02,6e-05,0.01283722356918353
仅现金流,2020-01-10,100,-0.006867018742318273,0.04,0.02,6e-05,-0.006927018742318273
仅现金流,2020-01-17,100,-0.11930033895337604,0.02,0.01,3e-05,-0.11933033895337604
仅现金流,2020-02-03,100,0.05828487289571593,0.1,0.05,0.00015000000000000001,0.058134872895715936
仅现金流,2020-02-10,100,0.03943489260603252,0.04,0.02,6e-05,0.039374892606032524
仅现金流,2020-02-17,100,0.045444087688363596,0.02,0.01,3e-05,0.045414087688363594
仅现金流,2020-02-24,100,-0.01019287380580959,0.06,0.03,8.999999999999999e-05,-0.01028287380580959
仅现金流,2020-03-02,100,-0.0029513137912171128,0.06,0.03,8.999999999999999e-05,-0.0030413137912171126
仅现金流,2020-03-09,100,-0.05038349297735687,0.02,0.01,3e-05,-0.05041349297735687
仅现金流,2020-03-16,100,-0.03890449174771637,0.06,0.03,8.999999999999999e-05,-0.03899449174771637
仅现金流,2020-03-23,100,0.018203992235384693,0.14,0.07,0.00021000000000000004,0.017993992235384695
仅现金流,2020-03-30,100,0.02637447646459714,0.22,0.11,0.00033,0.02604447646459714
仅现金流,2020-04-07,100,0.0010361996170001986,0.12,0.06,0.00017999999999999998,0.0008561996170001985
仅现金流,2020-04-14,100,-0.003456120723898749,0.22,0.11,0.00033,-0.003786120723898749
仅现金流,2020-04-21,100,-0.029416593428264068,0.32,0.16,0.00048,-0.02989659342826407
仅现金流,2020-04-28,100,0.047754193694191524,1.06,0.53,0.00159,0.04616419369419152
仅现金流,2020-05-08,100,-0.003526026153577799,1.1400000000000001,0.5700000000000001,0.0017100000000000001,-0.005236026153577799
仅现金流,2020-05-15,100,-0.024932111693351786,0.04,0.02,6e-05,-0.024992111693351787
仅现金流,2020-05-22,100,0.019189266076011194,0.04,0.02,6e-05,0.019129266076011193
仅现金流,2020-05-29,100,0.03360946230235287,0.04,0.02,6e-05,0.033549462302352874
仅现金流,2020-06-05,100,0.002459468064960523,0.08,0.04,0.00012,0.002339468064960523
仅现金流,2020-06-12,100,0.026535854539377082,0.04,0.02,6e-05,0.02647585453937708
仅现金流,2020-06-19,100,0.005362307962586109,0.06,0.03,8.999999999999999e-05,0.005272307962586109
仅现金流,2020-06-30,100,0.09064364758890023,0.04,0.02,6e-05,0.09058364758890022
仅现金流,2020-07-07,100,0.06525180041435584,0.08,0.04,0.00012,0.06513180041435584
仅现金流,2020-07-14,100,-0.02230829149305223,0.08,0.04,0.00012,-0.022428291493052227
仅现金流,2020-07-21,100,-0.031706805932471036,0.06,0.03,8.999999999999999e-05,-0.031796805932471035
仅现金流,2020-07-28,100,0.05146439775902108,0.08,0.04,0.00012,0.051344397759021075
仅现金流,2020-08-04,100,-0.01458190608414808,0.12,0.06,0.00017999999999999998,-0.014761906084148079
仅现金流,2020-08-11,100,0.037861344946602045,0.12,0.06,0.00017999999999999998,0.037681344946602045
仅现金流,2020-08-18,100,-0.009463456795805401,0.24,0.12,0.00035999999999999997,-0.0098234567958054
仅现金流,2020-08-25,100,-0.006757054604695734,0.26,0.13,0.00039000000000000005,-0.0071470546046957335
仅现金流,2020-09-01,100,0.0032876482356554416,0.76,0.38,0.00114,0.0021476482356554416
仅现金流,2020-09-08,100,-0.023027395006884315,0.06,0.03,8.999999999999999e-05,-0.023117395006884315
仅现金流,2020-09-15,100,0.004470034749995231,0.02,0.01,3e-05,0.0044400347499952315
仅现金流,2020-09-22,100,-0.028140520848620332,0.02,0.01,3e-05,-0.02817052084862033
仅现金流,2020-09-29,100,0.0383199284960656,0.0,0.0,0.0,0.0383199284960656
仅现金流,2020-10-14,100,-0.01178787800654961,0.02,0.01,3e-05,-0.01181787800654961
仅现金流,2020-10-21,100,-0.017719028602547905,0.12,0.06,0.00017999999999999998,-0.017899028602547905
仅现金流,2020-10-28,100,-0.0036540947159918948,0.38,0.19,0.00057,-0.0042240947159918945
仅现金流,2020-11-04,100,0.01206938917564551,0.46,0.23,0.0006900000000000001,0.01137938917564551
仅现金流,2020-11-11,100,0.011680944166156882,0.06,0.03,8.999999999999999e-05,0.011590944166156882
仅现金流,2020-11-18,100,-0.003874943138393673,0.04,0.02,6e-05,-0.003934943138393673
仅现金流,2020-11-25,100,0.014888854984825381,0.06,0.03,8.999999999999999e-05,0.014798854984825381
仅现金流,2020-12-02,100,-0.03166558669881809,0.06,0.03,8.999999999999999e-05,-0.03175558669881809
仅现金流,2020-12-09,100,-0.0216686871346106,0.06,0.03,8.999999999999999e-05,-0.0217586871346106
仅现金流,2020-12-16,100,-0.010738405292940203,0.02,0.01,3e-05,-0.010768405292940203
仅现金流,2020-12-23,100,-0.010479197584400387,0.08,0.04,0.00012,-0.010599197584400387
仅现金流,2020-12-30,100,-0.012729798828491058,0.06,0.03,8.999999999999999e-05,-0.012819798828491057
仅现金流,2021-01-07,100,-0.013516835710749148,0.06,0.03,8.999999999999999e-05,-0.013606835710749148
仅现金流,2021-01-14,100,0.029181160253568005,0.1,0.05,0.00015000000000000001,0.029031160253568004
仅现金流,2021-01-21,100,-0.032528750680591335,0.08,0.04,0.00012,-0.03264875068059134
仅现金流,2021-01-28,100,-0.03708945173110433,0.08,0.04,0.00012,-0.037209451731104334
仅现金流,2021-02-04,100,0.03984987743010386,0.08,0.04,0.00012,0.03972987743010386
仅现金流,2021-02-18,100,0.03424458951241416,0.1,0.05,0.00015000000000000001,0.03409458951241416
仅现金流,2021-02-25,100,0.019800903625672887,0.08,0.04,0.00012,0.019680903625672888
仅现金流,2021-03-04,100,-0.020652520913709525,0.12,0.06,0.00017999999999999998,-0.020832520913709525
仅现金流,2021-03-11,100,0.021045563532903985,0.08,0.04,0.00012,0.020925563532903986
仅现金流,2021-03-18,100,-0.009913208749448656,0.1,0.05,0.00015000000000000001,-0.010063208749448656
仅现金流,2021-03-25,100,0.01516457708549424,0.08,0.04,0.00012,0.01504457708549424
仅现金流,2021-04-01,100,0.005932975528548387,0.32,0.16,0.00048,0.005452975528548387
仅现金流,2021-04-09,100,0.001962309232193403,0.12,0.06,0.00017999999999999998,0.0017823092321934031
仅现金流,2021-04-16,100,-0.004127735845768121,0.16,0.08,0.00024,-0.004367735845768121
仅现金流,2021-04-23,100,-0.023166394625149706,0.46,0.23,0.0006900000000000001,-0.023856394625149706
仅现金流,2021-04-30,100,0.029346753466537315,1.6,0.8,0.0024000000000000002,0.026946753466537316
仅现金流,2021-05-12,100,0.004241341909839853,0.06,0.03,8.999999999999999e-05,0.004151341909839853
仅现金流,2021-05-19,100,0.0234226886084643,0.04,0.02,6e-05,0.0233626886084643
仅现金流,2021-05-26,100,0.012694074997294809,0.04,0.02,6e-05,0.01263407499729481
仅现金流,2021-06-02,100,0.007312992156835427,0.04,0.02,6e-05,0.007252992156835427
仅现金流,2021-06-09,100,-0.005163237012412125,0.04,0.02,6e-05,-0.0052232370124121255
仅现金流,2021-06-17,100,0.01136438851872801,0.1,0.05,0.00015000000000000001,0.011214388518728009
仅现金流,2021-06-24,100,-0.011710129550585636,0.06,0.03,8.999999999999999e-05,-0.011800129550585636
仅现金流,2021-07-01,100,0.002821430969800628,0.12,0.06,0.00017999999999999998,0.002641430969800628
仅现金流,2021-07-08,100,-0.0004889599544820344,0.08,0.04,0.00012,-0.0006089599544820344
仅现金流,2021-07-15,100,0.004146479789291846,0.04,0.02,6e-05,0.004086479789291846
仅现金流,2021-07-22,100,-0.04897620804982311,0.1,0.05,0.00015000000000000001,-0.04912620804982311
仅现金流,2021-07-29,100,0.037632665668860754,0.08,0.04,0.00012,0.03751266566886075
仅现金流,2021-08-05,100,0.032579040074971734,0.08,0.04,0.00012,0.03245904007497173
仅现金流,2021-08-12,100,0.0007103197968837538,0.2,0.1,0.00030000000000000003,0.0004103197968837538
仅现金流,2021-08-19,100,0.03416133794739097,0.24,0.12,0.00035999999999999997,0.03380133794739097
仅现金流,2021-08-26,100,0.019207936756147487,0.48,0.24,0.0007199999999999999,0.01848793675614749
仅现金流,2021-09-02,100,0.04327696656721383,0.98,0.49,0.00147,0.04180696656721383
仅现金流,2021-09-09,100,-0.028089538120870103,0.02,0.01,3e-05,-0.0281195381208701
仅现金流,2021-09-16,100,-0.030418726010862172,0.02,0.01,3e-05,-0.03044872601086217
仅现金流,2021-09-27,100,0.013118260461767194,0.08,0.04,0.00012,0.012998260461767193
仅现金流,2021-10-11,100,-0.0058329705350975225,0.04,0.02,6e-05,-0.005892970535097523
仅现金流,2021-10-18,100,-0.00634589585593554,0.04,0.02,6e-05,-0.00640589585593554
仅现金流,2021-10-25,100,-0.017908995579135903,0.22,0.11,0.00033,-0.018238995579135903
仅现金流,2021-11-01,100,0.0021177087165690387,0.7000000000000001,0.35000000000000003,0.0010500000000000002,0.0010677087165690386
仅现金流,2021-11-08,100,0.03690617175204716,0.02,0.01,3e-05,0.03687617175204716
仅现金流,2021-11-15,100,0.006673211954739855,0.06,0.03,8.999999999999999e-05,0.006583211954739855
仅现金流,2021-11-22,100,-0.006119097980789976,0.06,0.03,8.999999999999999e-05,-0.0062090979807899755
仅现金流,2021-11-29,100,0.01217958882475253,0.04,0.02,6e-05,0.01211958882475253
仅现金流,2021-12-06,100,0.02560910289032153,0.02,0.01,3e-05,0.02557910289032153
仅现金流,2021-12-13,100,0.008537435924093397,0.04,0.02,6e-05,0.008477435924093397
仅现金流,2021-12-20,100,0.0008034396913454722,0.06,0.03,8.999999999999999e-05,0.0007134396913454721
仅现金流,2021-12-27,100,0.033866314428137714,0.02,0.01,3e-05,0.03383631442813771
仅现金流,2022-01-04,100,0.004113588563963011,0.02,0.01,3e-05,0.004083588563963012
仅现金流,2022-01-11,100,-0.00982263680783987,0.02,0.01,3e-05,-0.009852636807839871
仅现金流,2022-01-18,100,-0.07681271636375019,0.0,0.0,0.0,-0.07681271636375019
仅现金流,2022-01-25,100,0.036992557686661924,0.08,0.04,0.00012,0.03687255768666192
仅现金流,2022-02-08,100,-0.007095261126800818,0.08,0.04,0.00012,-0.007215261126800819
仅现金流,2022-02-15,100,0.03147274707148114,0.02,0.01,3e-05,0.03144274707148114
仅现金流,2022-02-22,100,-0.005321594331540505,0.08,0.04,0.00012,-0.005441594331540505
仅现金流,2022-03-01,100,-0.041044233225746095,0.06,0.03,8.999999999999999e-05,-0.041134233225746095
仅现金流,2022-03-08,100,-0.07562653224262354,0.04,0.02,6e-05,-0.07568653224262355
仅现金流,2022-03-15,100,0.09143072955635004,0.12,0.06,0.00017999999999999998,0.09125072955635004
仅现金流,2022-03-22,100,-0.013000245041994835,0.16,0.08,0.00024,-0.013240245041994836
仅现金流,2022-03-29,100,0.014566782205023877,0.16,0.08,0.00024,0.014326782205023876
仅现金流,2022-04-07,100,0.0010303703297283883,0.38,0.19,0.00057,0.00046037032972838835
仅现金流,2022-04-14,100,-0.06696211329224376,0.24,0.12,0.00035999999999999997,-0.06732211329224376
仅现金流,2022-04-21,100,-0.10301154211911384,0.38,0.19,0.00057,-0.10358154211911384
仅现金流,2022-04-28,100,0.07498356231867014,0.78,0.39,0.00117,0.07381356231867013
仅现金流,2022-05-10,100,0.0199732142363094,1.26,0.63,0.00189,0.0180832142363094
仅现金流,2022-05-17,100,-0.003929342832378504,0.08,0.04,0.00012,-0.004049342832378505
仅现金流,2022-05-24,100,0.040661753683217707,0.08,0.04,0.00012,0.040541753683217704
仅现金流,2022-05-31,100,0.017284674524757387,0.04,0.02,6e-05,0.017224674524757386
仅现金流,2022-06-08,100,0.014551469183519024,0.04,0.02,6e-05,0.014491469183519025
仅现金流,2022-06-15,100,-0.0034348386062640524,0.04,0.02,6e-05,-0.0034948386062640525
仅现金流,2022-06-22,100,0.04414438459824133,0.06,0.03,8.999999999999999e-05,0.04405438459824133
仅现金流,2022-06-29,100,-0.016225775995533286,0.04,0.02,6e-05,-0.016285775995533287
仅现金流,2022-07-06,100,0.005815711506064025,0.08,0.04,0.00012,0.005695711506064025
仅现金流,2022-07-13,100,0.024870249915168747,0.02,0.01,3e-05,0.024840249915168748
仅现金流,2022-07-20,100,0.013685349504072235,0.02,0.01,3e-05,0.013655349504072234
仅现金流,2022-07-27,100,-0.04358441672488718,0.08,0.04,0.00012,-0.04370441672488718
仅现金流,2022-08-03,100,0.03201098510735581,0.08,0.04,0.00012,0.03189098510735581
仅现金流,2022-08-10,100,0.027767878718394562,0.08,0.04,0.00012,0.027647878718394563
仅现金流,2022-08-17,100,-0.024308673166768532,0.14,0.07,0.00021000000000000004,-0.02451867316676853
仅现金流,2022-08-24,100,-0.010458134696064486,0.38,0.19,0.00057,-0.011028134696064486
仅现金流,2022-08-31,100,0.021012569680324954,0.7000000000000001,0.35000000000000003,0.0010500000000000002,0.019962569680324956
仅现金流,2022-09-07,100,-0.014851165943874487,0.08,0.04,0.00012,-0.014971165943874487
仅现金流,2022-09-15,100,-0.028774760500953143,0.12,0.06,0.00017999999999999998,-0.028954760500953143
仅现金流,2022-09-22,100,-0.04513287571735921,0.08,0.04,0.00012,-0.04525287571735921
仅现金流,2022-09-29,100,0.002403683258343826,0.08,0.04,0.00012,0.0022836832583438263
仅现金流,2022-10-13,100,0.023208415968937725,0.04,0.02,6e-05,0.023148415968937724
仅现金流,2022-10-20,100,-0.010721559514405949,0.08,0.04,0.00012,-0.010841559514405949
仅现金流,2022-10-27,100,0.0058895546635737775,0.28,0.14,0.00042000000000000007,0.005469554663573777
仅现金流,2022-11-03,100,0.03521878253812223,0.52,0.26,0.0007800000000000001,0.03443878253812223
仅现金流,2022-11-10,100,0.03975434162485938,0.06,0.03,8.999999999999999e-05,0.03966434162485938
仅现金流,2022-11-17,100,-0.013798874445520685,0.06,0.03,8.999999999999999e-05,-0.013888874445520685
仅现金流,2022-11-24,100,0.04539493519394622,0.04,0.02,6e-05,0.04533493519394622
仅现金流,2022-12-01,100,0.008872041642719384,0.08,0.04,0.00012,0.008752041642719383
仅现金流,2022-12-08,100,-0.018805626310215196,0.06,0.03,8.999999999999999e-05,-0.018895626310215196
仅现金流,2022-12-15,100,-0.04902714146683307,0.04,0.02,6e-05,-0.049087141466833066
仅现金流,2022-12-22,100,-0.007471509898944986,0.06,0.03,8.999999999999999e-05,-0.007561509898944985
仅现金流,2022-12-29,100,0.03252603258711934,0.06,0.03,8.999999999999999e-05,0.03243603258711934
仅现金流,2023-01-06,100,0.004453808507523552,0.08,0.04,0.00012,0.004333808507523552
仅现金流,2023-01-13,100,0.030640922519152312,0.06,0.03,8.999999999999999e-05,0.030550922519152313
仅现金流,2023-01-20,100,0.02277292950788732,0.04,0.02,6e-05,0.02271292950788732
仅现金流,2023-02-03,100,0.01617880861866098,0.04,0.02,6e-05,0.01611880861866098
仅现金流,2023-02-10,100,-0.008210354092676569,0.04,0.02,6e-05,-0.008270354092676568
仅现金流,2023-02-17,100,0.018380976366036035,0.04,0.02,6e-05,0.018320976366036034
仅现金流,2023-02-24,100,0.009554687486832273,0.04,0.02,6e-05,0.009494687486832274
仅现金流,2023-03-03,100,-0.027014126743156494,0.06,0.03,8.999999999999999e-05,-0.027104126743156494
仅现金流,2023-03-10,100,-0.007056824168460498,0.06,0.03,8.999999999999999e-05,-0.007146824168460498
仅现金流,2023-03-17,100,0.01127036833354166,0.12,0.06,0.00017999999999999998,0.011090368333541661
仅现金流,2023-03-24,100,-0.008049310813416387,0.08,0.04,0.00012,-0.008169310813416387
仅现金流,2023-03-31,100,-0.004233414226961646,0.24,0.12,0.00035999999999999997,-0.004593414226961646
仅现金流,2023-04-10,100,0.01788999691422437,0.12,0.06,0.00017999999999999998,0.017709996914224372
仅现金流,2023-04-17,100,-0.03943642436341193,0.18,0.09,0.00027,-0.03970642436341193
仅现金流,2023-04-24,100,0.03596604969327503,0.38,0.19,0.00057,0.03539604969327503
仅现金流,2023-05-04,100,0.015112830711976387,1.6,0.8,0.0024000000000000002,0.012712830711976385
仅现金流,2023-05-11,100,0.0020000386510834233,0.08,0.04,0.00012,0.0018800386510834232
仅现金流,2023-05-18,100,-0.026022256518002558,0.1,0.05,0.00015000000000000001,-0.02617225651800256
仅现金流,2023-05-25,100,0.003570908715734492,0.06,0.03,8.999999999999999e-05,0.003480908715734492
仅现金流,2023-06-01,100,0.00794184713678896,0.06,0.03,8.999999999999999e-05,0.00785184713678896
仅现金流,2023-06-08,100,0.015048834037494933,0.04,0.02,6e-05,0.014988834037494934
仅现金流,2023-06-15,100,-0.03641142344124353,0.08,0.04,0.00012,-0.036531423441243535
仅现金流,2023-06-26,100,0.05017512672230999,0.04,0.02,6e-05,0.05011512672230999
仅现金流,2023-07-03,100,-0.003127421483531897,0.04,0.02,6e-05,-0.003187421483531897
仅现金流,2023-07-10,100,0.005663731810539724,0.0,0.0,0.0,0.005663731810539724
仅现金流,2023-07-17,100,-0.0012653091592969646,0.02,0.01,3e-05,-0.0012953091592969646
仅现金流,2023-07-24,100,0.06372286729453591,0.06,0.03,8.999999999999999e-05,0.0636328672945359
仅现金流,2023-07-31,100,-0.007018917551431696,0.08,0.04,0.00012,-0.007138917551431696
仅现金流,2023-08-07,100,-0.029408649467730454,0.08,0.04,0.00012,-0.029528649467730452
仅现金流,2023-08-14,100,-0.021352657704028454,0.22,0.11,0.00033,-0.021682657704028455
仅现金流,2023-08-21,100,-0.010462573524349969,0.28,0.14,0.00042000000000000007,-0.01088257352434997
仅现金流,2023-08-28,100,0.03577131362794262,0.44,0.22,0.00066,0.03511131362794262
仅现金流,2023-09-04,100,-0.009689488912216354,0.58,0.29,0.00087,-0.010559488912216353
仅现金流,2023-09-11,100,-0.008070529175744568,0.04,0.02,6e-05,-0.008130529175744567
仅现金流,2023-09-18,100,-0.011271567818799278,0.0,0.0,0.0,-0.011271567818799278
仅现金流,2023-09-25,100,-0.007859547790885471,0.04,0.02,6e-05,-0.00791954779088547
仅现金流,2023-10-10,100,-0.0003820672603079245,0.06,0.03,8.999999999999999e-05,-0.00047206726030792447
仅现金流,2023-10-17,100,-0.02724654693216759,0.06,0.03,8.999999999999999e-05,-0.02733654693216759
仅现金流,2023-10-24,100,0.039515721778502724,0.2,0.1,0.00030000000000000003,0.03921572177850272
仅现金流,2023-10-31,100,0.023877290487950953,0.84,0.42,0.00126,0.022617290487950952
仅现金流,2023-11-07,100,0.012472788733165652,0.08,0.04,0.00012,0.012352788733165651
仅现金流,2023-11-14,100,0.010428699908936776,0.06,0.03,8.999999999999999e-05,0.010338699908936776
仅现金流,2023-11-21,100,-0.005443010176886885,0.02,0.01,3e-05,-0.005473010176886885
仅现金流,2023-11-28,100,-0.026944489349159585,0.08,0.04,0.00012,-0.027064489349159584
仅现金流,2023-12-05,100,0.010147333385746676,0.02,0.01,3e-05,0.010117333385746675
仅现金流,2023-12-12,100,-0.02066709269362308,0.06,0.03,8.999999999999999e-05,-0.02075709269362308
仅现金流,2023-12-19,100,-0.03437993098649603,0.06,0.03,8.999999999999999e-05,-0.03446993098649603
仅现金流,2023-12-26,100,0.03856954395610254,0.08,0.04,0.00012,0.03844954395610254
仅现金流,2024-01-03,100,-0.035813760666429245,0.12,0.06,0.00017999999999999998,-0.035993760666429245
仅现金流,2024-01-10,100,-0.0159250205978026,0.04,0.02,6e-05,-0.0159850205978026
仅现金流,2024-01-17,100,-0.03537395223238824,0.04,0.02,6e-05,-0.03543395223238824
仅现金流,2024-01-24,100,-0.050832437624726425,0.04,0.02,6e-05,-0.05089243762472642
仅现金流,2024-01-31,100,-0.09977272700508241,0.12,0.06,0.00017999999999999998,-0.09995272700508241
仅现金流,2024-02-07,100,0.15607723405724036,0.14,0.07,0.00021000000000000004,0.15586723405724037
仅现金流,2024-02-22,100,0.03001944542669718,0.12,0.06,0.00017999999999999998,0.02983944542669718
仅现金流,2024-02-29,100,-0.008841045978995474,0.06,0.03,8.999999999999999e-05,-0.008931045978995474
仅现金流,2024-03-07,100,0.029577868452608954,0.1,0.05,0.00015000000000000001,0.029427868452608953
仅现金流,2024-03-14,100,0.03906420294522446,0.12,0.06,0.00017999999999999998,0.03888420294522446
仅现金流,2024-03-21,100,-0.030561480219044077,0.14,0.07,0.00021000000000000004,-0.030771480219044075
仅现金流,2024-03-28,100,0.0017127931791016571,0.22,0.11,0.00033,0.0013827931791016571
仅现金流,2024-04-08,100,-0.03172596134860515,0.26,0.13,0.00039000000000000005,-0.03211596134860515
仅现金流,2024-04-15,100,-0.014015008274178448,0.24,0.12,0.00035999999999999997,-0.014375008274178447
仅现金流,2024-04-22,100,0.07274323105158127,0.34,0.17,0.00051,0.07223323105158128
仅现金流,2024-04-29,100,0.019299038973486775,1.26,0.63,0.00189,0.017409038973486776
仅现金流,2024-05-09,100,-0.0038371813546357048,1.1400000000000001,0.5700000000000001,0.0017100000000000001,-0.0055471813546357045
仅现金流,2024-05-16,100,-0.008158024117383393,0.12,0.06,0.00017999999999999998,-0.008338024117383392
仅现金流,2024-05-23,100,-0.02454160819690771,0.06,0.03,8.999999999999999e-05,-0.024631608196907708
仅现金流,2024-05-30,100,-0.06731864758132942,0.06,0.03,8.999999999999999e-05,-0.06740864758132943
仅现金流,2024-06-06,100,0.04102607530650407,0.08,0.04,0.00012,0.040906075306504065
仅现金流,2024-06-14,100,-0.02820317449034083,0.06,0.03,8.999999999999999e-05,-0.02829317449034083
仅现金流,2024-06-21,100,-0.02002595653556797,0.1,0.05,0.00015000000000000001,-0.02017595653556797
仅现金流,2024-06-28,100,-0.011214643715571754,0.06,0.03,8.999999999999999e-05,-0.011304643715571754
仅现金流,2024-07-05,100,0.012766134609926136,0.06,0.03,8.999999999999999e-05,0.012676134609926136
仅现金流,2024-07-12,100,-0.018220435297238432,0.02,0.01,3e-05,-0.01825043529723843
仅现金流,2024-07-19,100,-0.0010935473116869654,0.06,0.03,8.999999999999999e-05,-0.0011835473116869654
仅现金流,2024-07-26,100,0.03360993673469187,0.04,0.02,6e-05,0.03354993673469187
仅现金流,2024-08-02,100,-0.005426946637208786,0.06,0.03,8.999999999999999e-05,-0.005516946637208786
仅现金流,2024-08-09,100,-0.005085158741844509,0.06,0.03,8.999999999999999e-05,-0.005175158741844509
仅现金流,2024-08-16,100,-0.046666587331667425,0.12,0.06,0.00017999999999999998,-0.046846587331667425
仅现金流,2024-08-23,100,0.03642632710406333,0.32,0.16,0.00048,0.03594632710406333
仅现金流,2024-08-30,100,-0.017822676900602553,0.74,0.37,0.00111,-0.018932676900602553
仅现金流,2024-09-06,100,-0.012560213237876358,0.18,0.09,0.00027,-0.012830213237876358
仅现金流,2024-09-13,100,0.06331465550476566,0.04,0.02,6e-05,0.06325465550476565
仅现金流,2024-09-24,100,0.32541106449887974,0.08,0.04,0.00012,0.32529106449887973
仅现金流,2024-10-08,100,-0.11026556751563009,0.2,0.1,0.00030000000000000003,-0.11056556751563008
仅现金流,2024-10-15,100,0.04404719803257365,0.14,0.07,0.00021000000000000004,0.043837198032573646
仅现金流,2024-10-22,100,0.026364817374820944,0.1,0.05,0.00015000000000000001,0.026214817374820943
仅现金流,2024-10-29,100,0.032218515210914615,0.48,0.24,0.0007199999999999999,0.03149851521091462
仅现金流,2024-11-05,100,0.026893326238110974,0.5,0.25,0.00075,0.026143326238110973
仅现金流,2024-11-12,100,-0.032591122539644864,0.06,0.03,8.999999999999999e-05,-0.03268112253964486
仅现金流,2024-11-19,100,-0.010884937803122328,0.1,0.05,0.00015000000000000001,-0.011034937803122329
仅现金流,2024-11-26,100,0.055488251459774186,0.08,0.04,0.00012,0.055368251459774184
仅现金流,2024-12-03,100,0.008197650880037015,0.04,0.02,6e-05,0.008137650880037015
仅现金流,2024-12-10,100,-0.02092535543823986,0.06,0.03,8.999999999999999e-05,-0.02101535543823986
仅现金流,2024-12-17,100,0.00024273968579637594,0.06,0.03,8.999999999999999e-05,0.00015273968579637595
仅现金流,2024-12-24,100,-0.01920087030702726,0.14,0.07,0.00021000000000000004,-0.019410870307027258
仅现金流,2024-12-31,100,-0.045348279681995216,0.08,0.04,0.00012,-0.04546827968199522
仅现金流,2025-01-08,100,0.015694477086468765,0.06,0.03,8.999999999999999e-05,0.015604477086468765
仅现金流,2025-01-15,100,0.006933658325910368,0.08,0.04,0.00012,0.0068136583259103675
仅现金流,2025-01-22,100,0.018931371853749924,0.08,0.04,0.00012,0.018811371853749925
仅现金流,2025-02-06,100,0.025860247054142436,0.1,0.05,0.00015000000000000001,0.025710247054142436
仅现金流,2025-02-13,100,0.00455222290342728,0.08,0.04,0.00012,0.00443222290342728
仅现金流,2025-02-20,100,0.020104227115730216,0.04,0.02,6e-05,0.020044227115730215
仅现金流,2025-02-27,100,0.003803011405025916,0.04,0.02,6e-05,0.0037430114050259157
仅现金流,2025-03-06,100,0.0017896143916474982,0.04,0.02,6e-05,0.0017296143916474983
仅现金流,2025-03-13,100,0.022617292279598685,0.02,0.01,3e-05,0.022587292279598686
仅现金流,2025-03-20,100,-0.019739101886002662,0.12,0.06,0.00017999999999999998,-0.01991910188600266
仅现金流,2025-03-27,100,-0.005198345047715397,0.18,0.09,0.00027,-0.005468345047715397
仅现金流,2025-04-03,100,-0.04543142882923716,0.32,0.16,0.00048,-0.04591142882923716
仅现金流,2025-04-11,100,0.011358552929956505,0.26,0.13,0.00039000000000000005,0.010968552929956505
仅现金流,2025-04-18,100,0.03271120229382256,0.2,0.1,0.00030000000000000003,0.03241120229382256
仅现金流,2025-04-25,100,0.030681984523194757,0.64,0.32,0.00096,0.029721984523194758
仅现金流,2025-05-07,100,0.018150844854276486,1.36,0.68,0.00204,0.016110844854276486
仅现金流,2025-05-14,100,0.003916127183639297,0.02,0.01,3e-05,0.0038861271836392965
仅现金流,2025-05-21,100,-0.016683554975003418,0.02,0.01,3e-05,-0.016713554975003417
仅现金流,2025-05-28,100,0.0273662779146835,0.02,0.01,3e-05,0.0273362779146835
仅现金流,2025-06-05,100,0.011953759839836606,0.02,0.01,3e-05,0.011923759839836606
仅现金流,2025-06-12,100,-0.025200463127172845,0.04,0.02,6e-05,-0.025260463127172846
仅现金流,2025-06-19,100,0.048131738885863654,0.06,0.03,8.999999999999999e-05,0.048041738885863654
仅现金流,2025-06-26,100,0.01718242566411353,0.04,0.02,6e-05,0.017122425664113528
仅现金流,2025-07-03,100,0.021394303981827595,0.06,0.03,8.999999999999999e-05,0.021304303981827595
仅现金流,2025-07-10,100,0.009396301844203635,0.02,0.01,3e-05,0.009366301844203635
仅现金流,2025-07-17,100,0.027980858589679202,0.06,0.03,8.999999999999999e-05,0.027890858589679202
仅现金流,2025-07-24,100,-0.0162240643776855,0.02,0.01,3e-05,-0.0162540643776855
仅现金流,2025-07-31,100,0.022766098044408798,0.06,0.03,8.999999999999999e-05,0.022676098044408798
仅现金流,2025-08-07,100,0.007715344121893896,0.06,0.03,8.999999999999999e-05,0.007625344121893896
仅现金流,2025-08-14,100,0.030043560841221218,0.12,0.06,0.00017999999999999998,0.02986356084122122
仅现金流,2025-08-21,100,-0.001072513272146609,0.34,0.17,0.00051,-0.001582513272146609
仅现金流,2025-08-28,100,-0.03584606197202382,0.86,0.43,0.00129,-0.03713606197202382
仅现金流,2025-09-04,100,0.04258584894558852,0.64,0.32,0.00096,0.04162584894558852
仅现金流,2025-09-11,100,-0.007187865621964202,0.04,0.02,6e-05,-0.007247865621964202
仅现金流,2025-09-18,100,-0.0021425514079165707,0.06,0.03,8.999999999999999e-05,-0.0022325514079165705
仅现金流,2025-09-25,100,0.02122940770290458,0.1,0.05,0.00015000000000000001,0.02107940770290458
仅现金流,2025-10-10,100,-0.024484034689018747,0.14,0.07,0.00021000000000000004,-0.024694034689018745
仅现金流,2025-10-17,100,0.03832640899016417,0.04,0.02,6e-05,0.038266408990164175
仅现金流,2025-10-24,100,0.002684634000493664,0.22,0.11,0.00033,0.002354634000493664
仅现金流,2025-10-31,100,0.016518170472876875,0.66,0.33,0.00099,0.015528170472876876
仅现金流,2025-11-07,100,0.022039057845370903,0.04,0.02,6e-05,0.0219790578453709
仅现金流,2025-11-14,100,-0.05385467601258452,0.06,0.03,8.999999999999999e-05,-0.05394467601258452
仅现金流,2025-11-21,100,0.030825405425920355,0.08,0.04,0.00012,0.030705405425920356
仅现金流,2025-11-28,100,-0.000620516619577377,0.06,0.03,8.999999999999999e-05,-0.000710516619577377
仅现金流,2025-12-05,100,-0.011909124989059564,0.04,0.02,6e-05,-0.011969124989059563
仅现金流,2025-12-12,100,0.02406732278681266,0.08,0.04,0.00012,0.02394732278681266
仅现金流,2025-12-19,100,0.00816199996931975,0.08,0.04,0.00012,0.00804199996931975
仅现金流,2025-12-26,100,0.025577443536786884,0.06,0.03,8.999999999999999e-05,0.025487443536786884
仅现金流,2026-01-06,100,0.030325072556073883,0.02,0.01,3e-05,0.030295072556073884
仅现金流,2026-01-13,100,0.019819736545554457,0.1,0.05,0.00015000000000000001,0.019669736545554456
仅现金流,2026-01-20,100,0.016595204255570643,0.12,0.06,0.00017999999999999998,0.016415204255570644
仅现金流,2026-01-27,100,-0.004940763677795402,0.1,0.05,0.00015000000000000001,-0.005090763677795402
仅现金流,2026-02-03,100,0.022896928263433904,0.1,0.05,0.00015000000000000001,0.022746928263433903
仅现金流,2026-02-10,100,0.004928449899259489,0.12,0.06,0.00017999999999999998,0.004748449899259489
仅现金流,2026-02-25,100,-0.030474284709459322,0.06,0.03,8.999999999999999e-05,-0.030564284709459322
仅现金流,2026-03-04,100,0.026653433822846764,0.1,0.05,0.00015000000000000001,0.026503433822846763
仅现金流,2026-03-11,100,-0.010809687278399056,0.04,0.02,6e-05,-0.010869687278399055
仅现金流,2026-03-18,100,-0.031005527004819608,0.06,0.03,8.999999999999999e-05,-0.031095527004819608
仅现金流,2026-03-25,100,-0.010225655509968701,0.2,0.1,0.00030000000000000003,-0.010525655509968701
仅现金流,2026-04-01,100,-0.0032115924781787476,0.26,0.13,0.00039000000000000005,-0.0036015924781787477
仅现金流,2026-04-09,100,0.026780402714016098,0.16,0.08,0.00024,0.026540402714016097
仅现金流,2026-04-16,100,0.008954657551808859,0.2,0.1,0.00030000000000000003,0.008654657551808859
仅现金流,2026-04-23,100,0.0003038006449288666,0.54,0.27,0.0008100000000000001,-0.0005061993550711334
仅现金流,2026-04-30,100,0.026903990744443766,1.54,0.77,0.00231,0.024593990744443767
仅现金流,2026-05-12,100,-0.016416697147066166,0.08,0.04,0.00012,-0.016536697147066164
仅现金流,2026-05-19,100,-0.04762563396635449,0.06,0.03,8.999999999999999e-05,-0.04771563396635449
仅现金流,2026-05-26,100,-0.0390316125263203,0.06,0.03,8.999999999999999e-05,-0.0391216125263203
仅现金流,2026-06-02,100,-0.04127205536268133,0.06,0.03,8.999999999999999e-05,-0.04136205536268133
仅现金流,2026-06-09,100,0.012869109370027807,0.02,0.01,3e-05,0.012839109370027807
仅现金流,2026-06-16,100,-0.034007049788793396,0.08,0.04,0.00012,-0.0341270497887934
仅现金流,2026-06-24,100,-0.014702570453173231,0.02,0.01,3e-05,-0.014732570453173232
仅现金流,2026-07-01,100,-0.024741152935602098,0.06,0.03,8.999999999999999e-05,-0.024831152935602098
仅现金流,2026-07-08,100,0.006582400015029951,0.08,0.04,0.00012,0.0064624000150299505
仅现金流,2026-07-15,100,-0.04055684052500661,0.06,0.03,8.999999999999999e-05,-0.04064684052500661
仅现金流,2026-07-22,100,0.04008562539654193,0.1,0.05,0.00015000000000000001,0.039935625396541934
仅盈利,2015-01-05,100,0.005652625800566484,1.0,1.0,0.0015,0.004152625800566485
仅盈利,2015-01-12,100,0.006313240793761015,0.12,0.06,0.00017999999999999998,0.006133240793761015
仅盈利,2015-01-19,100,0.091470314038935,0.1,0.05,0.00015000000000000001,0.09132031403893501
仅盈利,2015-01-26,100,-0.014630958953559831,0.14,0.07,0.00021000000000000004,-0.014840958953559831
仅盈利,2015-02-02,100,-0.012244516348401544,0.14,0.07,0.00021000000000000004,-0.012454516348401544
仅盈利,2015-02-09,100,0.07298537772160907,0.1,0.05,0.00015000000000000001,0.07283537772160907
仅盈利,2015-02-16,100,0.04269514911920247,0.1,0.05,0.00015000000000000001,0.04254514911920247
仅盈利,2015-03-02,100,0.023915243135153145,0.12,0.06,0.00017999999999999998,0.023735243135153145
仅盈利,2015-03-09,100,0.059147414901755395,0.12,0.06,0.00017999999999999998,0.058967414901755395
仅盈利,2015-03-16,100,0.0850167818036116,0.16,0.08,0.00024,0.08477678180361159
仅盈利,2015-03-23,100,0.025998122518792285,0.28,0.14,0.00042000000000000007,0.025578122518792285
仅盈利,2015-03-30,100,0.09219425616876849,0.28,0.14,0.00042000000000000007,0.09177425616876848
仅盈利,2015-04-07,100,0.015510750876076557,0.26,0.13,0.00039000000000000005,0.015120750876076557
仅盈利,2015-04-14,100,-0.021608193927544855,0.22,0.11,0.00033,-0.021938193927544855
仅盈利,2015-04-21,100,0.014061370298133574,0.38,0.19,0.00057,0.013491370298133574
仅盈利,2015-04-28,100,-0.018177957728824638,1.1,0.55,0.0016500000000000002,-0.019827957728824636
仅盈利,2015-05-06,100,0.10321258035375941,1.04,0.52,0.0015600000000000002,0.1016525803537594
仅盈利,2015-05-13,100,0.06618123851348257,0.14,0.07,0.00021000000000000004,0.06597123851348256
仅盈利,2015-05-20,100,0.15278601374455758,0.16,0.08,0.00024,0.1525460137445576
仅盈利,2015-05-27,100,0.05118171117981478,0.18,0.09,0.00027,0.05091171117981478
仅盈利,2015-06-03,100,0.013329203164051711,0.14,0.07,0.00021000000000000004,0.013119203164051711
仅盈利,2015-06-10,100,-0.013628631280672585,0.08,0.04,0.00012,-0.013748631280672585
仅盈利,2015-06-17,100,-0.11974017594370874,0.14,0.07,0.00021000000000000004,-0.11995017594370874
仅盈利,2015-06-25,100,-0.21649839090641076,0.12,0.06,0.00017999999999999998,-0.21667839090641078
仅盈利,2015-07-02,100,-0.1650679700654534,0.12,0.06,0.00017999999999999998,-0.16524797006545341
仅盈利,2015-07-09,100,0.1521557047289332,0.74,0.37,0.00111,0.1510457047289332
仅盈利,2015-07-16,100,0.184889047765454,0.64,0.32,0.00096,0.18392904776545402
仅盈利,2015-07-23,100,-0.11725987253112687,0.36,0.18,0.00054,-0.11779987253112686
仅盈利,2015-07-30,100,-0.014056036360014618,0.22,0.11,0.00033,-0.014386036360014618
仅盈利,2015-08-06,100,0.13310821486832364,0.52,0.26,0.0007800000000000001,0.13232821486832363
仅盈利,2015-08-13,100,-0.08007228604001149,0.4,0.2,0.0006000000000000001,-0.08067228604001149
仅盈利,2015-08-20,100,-0.20640599835652867,0.5,0.25,0.00075,-0.20715599835652868
仅盈利,2015-08-27,100,-0.04801554463050031,0.42,0.21,0.00063,-0.04864554463050031
仅盈利,2015-09-07,100,-0.0042826844091998295,0.32,0.16,0.00048,-0.00476268440919983
仅盈利,2015-09-14,100,0.07181069553145904,0.14,0.07,0.00021000000000000004,0.07160069553145904
仅盈利,2015-09-21,100,0.003733776469280684,0.1,0.05,0.00015000000000000001,0.003583776469280684
仅盈利,2015-09-28,100,0.1078232524449999,0.16,0.08,0.00024,0.1075832524449999
仅盈利,2015-10-12,100,0.05823521429504683,0.18,0.09,0.00027,0.05796521429504683
仅盈利,2015-10-19,100,0.0398860583028069,0.18,0.09,0.00027,0.0396160583028069
仅盈利,2015-10-26,100,-0.016003007364849026,0.42,0.21,0.00063,-0.016633007364849024
仅盈利,2015-11-02,100,0.10949930912231498,0.6,0.3,0.0009,0.10859930912231498
仅盈利,2015-11-09,100,0.026363042813659233,0.1,0.05,0.00015000000000000001,0.026213042813659233
仅盈利,2015-11-16,100,0.010224932157987634,0.1,0.05,0.00015000000000000001,0.010074932157987633
仅盈利,2015-11-23,100,-0.026824533777037318,0.1,0.05,0.00015000000000000001,-0.02697453377703732
仅盈利,2015-11-30,100,0.05121994410220769,0.1,0.05,0.00015000000000000001,0.05106994410220769
仅盈利,2015-12-07,100,-0.021891370149020394,0.14,0.07,0.00021000000000000004,-0.022101370149020392
仅盈利,2015-12-14,100,0.06322614969096035,0.1,0.05,0.00015000000000000001,0.06307614969096036
仅盈利,2015-12-21,100,-0.016533379129753015,0.12,0.06,0.00017999999999999998,-0.016713379129753014
仅盈利,2015-12-28,100,-0.09025853769555064,0.16,0.08,0.00024,-0.09049853769555065
仅盈利,2016-01-05,100,-0.12339303232298979,0.16,0.08,0.00024,-0.12363303232298979
仅盈利,2016-01-12,100,0.020079611336612756,0.08,0.04,0.00012,0.019959611336612757
仅盈利,2016-01-19,100,-0.088373244633899,0.16,0.08,0.00024,-0.08861324463389901
仅盈利,2016-01-26,100,0.011525393451173729,0.14,0.07,0.00021000000000000004,0.011315393451173729
仅盈利,2016-02-02,100,0.07658232798525624,0.14,0.07,0.00021000000000000004,0.07637232798525624
仅盈利,2016-02-16,100,0.034074726718459375,0.14,0.07,0.00021000000000000004,0.03386472671845937
仅盈利,2016-02-23,100,-0.12399590806745703,0.2,0.1,0.00030000000000000003,-0.12429590806745702
仅盈利,2016-03-01,100,0.05872748939924481,0.18,0.09,0.00027,0.05845748939924481
仅盈利,2016-03-08,100,-0.007520772010168192,0.16,0.08,0.00024,-0.007760772010168192
仅盈利,2016-03-15,100,0.09432691086800502,0.14,0.07,0.00021000000000000004,0.09411691086800501
仅盈利,2016-03-22,100,-0.018560394787872442,0.24,0.12,0.00035999999999999997,-0.01892039478787244
仅盈利,2016-03-29,100,0.07346417611437367,0.4,0.2,0.0006000000000000001,0.07286417611437367
仅盈利,2016-04-06,100,0.009094426563611983,0.26,0.13,0.00039000000000000005,0.008704426563611983
仅盈利,2016-04-13,100,-0.04673094599994499,0.26,0.13,0.00039000000000000005,-0.04712094599994499
仅盈利,2016-04-20,100,0.0041948840907838824,0.38,0.19,0.00057,0.0036248840907838822
仅盈利,2016-04-27,100,0.047059536870787094,0.86,0.43,0.00129,0.045769536870787095
仅盈利,2016-05-05,100,-0.08601807466132763,1.08,0.54,0.0016200000000000001,-0.08763807466132763
仅盈利,2016-05-12,100,-0.008622425098918664,0.08,0.04,0.00012,-0.008742425098918665
仅盈利,2016-05-19,100,0.028803131086019337,0.2,0.1,0.00030000000000000003,0.028503131086019335
仅盈利,2016-05-26,100,0.0729749314801183,0.16,0.08,0.00024,0.0727349314801183
仅盈利,2016-06-02,100,-0.042806351619698556,0.2,0.1,0.00030000000000000003,-0.04310635161969856
仅盈利,2016-06-13,100,0.06346015369251332,0.3,0.15,0.00045,0.06301015369251331
仅盈利,2016-06-20,100,0.008058614737423213,0.04,0.02,6e-05,0.007998614737423214
仅盈利,2016-06-27,100,0.04375086580068345,0.14,0.07,0.00021000000000000004,0.04354086580068345
仅盈利,2016-07-04,100,0.00555574232086982,0.26,0.13,0.00039000000000000005,0.00516574232086982
仅盈利,2016-07-11,100,0.007826999971503648,0.04,0.02,6e-05,0.007766999971503648
仅盈利,2016-07-18,100,-0.012707114385931513,0.1,0.05,0.00015000000000000001,-0.012857114385931514
仅盈利,2016-07-25,100,-0.06624531165766118,0.16,0.08,0.00024,-0.06648531165766118
仅盈利,2016-08-01,100,0.018983062086849557,0.14,0.07,0.00021000000000000004,0.01877306208684956
仅盈利,2016-08-08,100,0.02191413647278432,0.1,0.05,0.00015000000000000001,0.02176413647278432
仅盈利,2016-08-15,100,-0.002519232931862373,0.18,0.09,0.00027,-0.002789232931862373
仅盈利,2016-08-22,100,0.011804697898252583,0.3,0.15,0.00045,0.011354697898252582
仅盈利,2016-08-29,100,-0.0062180146085888625,0.42,0.21,0.00063,-0.006848014608588863
仅盈利,2016-09-05,100,-0.022414620063929677,0.16,0.08,0.00024,-0.022654620063929678
仅盈利,2016-09-12,100,0.021812802649644133,0.06,0.03,8.999999999999999e-05,0.021722802649644133
仅盈利,2016-09-21,100,-0.016019005002700006,0.1,0.05,0.00015000000000000001,-0.016169005002700007
仅盈利,2016-09-28,100,0.03810324166629749,0.08,0.04,0.00012,0.03798324166629749
仅盈利,2016-10-12,100,0.008389551563891753,0.12,0.06,0.00017999999999999998,0.008209551563891753
仅盈利,2016-10-19,100,0.003377577941707548,0.12,0.06,0.00017999999999999998,0.003197577941707548
仅盈利,2016-10-26,100,0.012998741805321946,0.4,0.2,0.0006000000000000001,0.012398741805321946
仅盈利,2016-11-02,100,-0.0015381242660671957,0.46,0.23,0.0006900000000000001,-0.0022281242660671958
仅盈利,2016-11-09,100,0.026333130999071166,0.06,0.03,8.999999999999999e-05,0.026243130999071166
仅盈利,2016-11-16,100,0.005536428121882517,0.06,0.03,8.999999999999999e-05,0.005446428121882517
仅盈利,2016-11-23,100,-0.016690254058016454,0.06,0.03,8.999999999999999e-05,-0.016780254058016454
仅盈利,2016-11-30,100,-0.008613802196429161,0.1,0.05,0.00015000000000000001,-0.008763802196429162
仅盈利,2016-12-07,100,-0.06895786641432551,0.06,0.03,8.999999999999999e-05,-0.06904786641432552
仅盈利,2016-12-14,100,0.02867012835623561,0.08,0.04,0.00012,0.02855012835623561
仅盈利,2016-12-21,100,-0.011304644275926333,0.06,0.03,8.999999999999999e-05,-0.011394644275926333
仅盈利,2016-12-28,100,0.022618518453411864,0.04,0.02,6e-05,0.022558518453411863
仅盈利,2017-01-05,100,-0.025960826482739785,0.08,0.04,0.00012,-0.026080826482739784
仅盈利,2017-01-12,100,-0.052275862591143384,0.08,0.04,0.00012,-0.052395862591143386
仅盈利,2017-01-19,100,0.03208545650797516,0.04,0.02,6e-05,0.03202545650797516
仅盈利,2017-01-26,100,0.025050728047323396,0.08,0.04,0.00012,0.024930728047323398
仅盈利,2017-02-09,100,-0.0037345909899794572,0.04,0.02,6e-05,-0.0037945909899794574
仅盈利,2017-02-16,100,0.017097807286222347,0.08,0.04,0.00012,0.01697780728622235
仅盈利,2017-02-23,100,-0.002294830004781714,0.08,0.04,0.00012,-0.002414830004781714
仅盈利,2017-03-02,100,0.009199355918851036,0.1,0.05,0.00015000000000000001,0.009049355918851035
仅盈利,2017-03-09,100,0.02315624544109095,0.12,0.06,0.00017999999999999998,0.02297624544109095
仅盈利,2017-03-16,100,-0.006687712297207079,0.12,0.06,0.00017999999999999998,-0.006867712297207079
仅盈利,2017-03-23,100,-0.03182244940688245,0.3,0.15,0.00045,-0.032272449406882446
仅盈利,2017-03-30,100,0.008530443163987177,0.26,0.13,0.00039000000000000005,0.008140443163987177
仅盈利,2017-04-10,100,-0.021260129147077568,0.26,0.13,0.00039000000000000005,-0.02165012914707757
仅盈利,2017-04-17,100,-0.057202910236307754,0.14,0.07,0.00021000000000000004,-0.057412910236307756
仅盈利,2017-04-24,100,0.023005570030340906,0.3,0.15,0.00045,0.022555570030340907
仅盈利,2017-05-02,100,-0.021910949699338097,1.16,0.58,0.00174,-0.023650949699338095
仅盈利,2017-05-09,100,0.006480305531330304,0.06,0.03,8.999999999999999e-05,0.006390305531330304
仅盈利,2017-05-16,100,-0.07040171782646064,0.04,0.02,6e-05,-0.07046171782646064
仅盈利,2017-05-23,100,-0.018661224539015434,0.04,0.02,6e-05,-0.018721224539015435
仅盈利,2017-06-01,100,0.06013440770774373,0.04,0.02,6e-05,0.060074407707743735
仅盈利,2017-06-08,100,0.02140272251543745,0.1,0.05,0.00015000000000000001,0.021252722515437448
仅盈利,2017-06-15,100,-0.015487289688713055,0.08,0.04,0.00012,-0.015607289688713055
仅盈利,2017-06-22,100,0.014879468310567315,0.06,0.03,8.999999999999999e-05,0.014789468310567315
仅盈利,2017-06-29,100,0.01943159876277193,0.12,0.06,0.00017999999999999998,0.01925159876277193
仅盈利,2017-07-06,100,-0.021575054079137165,0.1,0.05,0.00015000000000000001,-0.021725054079137166
仅盈利,2017-07-13,100,-0.0360845094416026,0.04,0.02,6e-05,-0.0361445094416026
仅盈利,2017-07-20,100,0.031397679463181255,0.08,0.04,0.00012,0.03127767946318125
仅盈利,2017-07-27,100,-0.0024542776742425576,0.08,0.04,0.00012,-0.0025742776742425574
仅盈利,2017-08-03,100,-0.0022398734496198347,0.14,0.07,0.00021000000000000004,-0.002449873449619835
仅盈利,2017-08-10,100,0.02987896947248463,0.08,0.04,0.00012,0.02975896947248463
仅盈利,2017-08-17,100,-0.014938529628427321,0.2,0.1,0.00030000000000000003,-0.015238529628427321
仅盈利,2017-08-24,100,0.05038174696582857,0.28,0.14,0.00042000000000000007,0.04996174696582857
仅盈利,2017-08-31,100,0.027027342018232793,0.28,0.14,0.00042000000000000007,0.026607342018232793
仅盈利,2017-09-07,100,0.005928882310140865,0.08,0.04,0.00012,0.005808882310140865
仅盈利,2017-09-14,100,-0.0033959646589261008,0.08,0.04,0.00012,-0.0035159646589261006
仅盈利,2017-09-21,100,-0.018443707496552997,0.04,0.02,6e-05,-0.018503707496552998
仅盈利,2017-09-28,100,0.028635833598877183,0.06,0.03,8.999999999999999e-05,0.028545833598877184
仅盈利,2017-10-12,100,-0.02899499445049173,0.1,0.05,0.00015000000000000001,-0.02914499445049173
仅盈利,2017-10-19,100,0.029316314879898178,0.12,0.06,0.00017999999999999998,0.02913631487989818
仅盈利,2017-10-26,100,-0.026789382126908325,0.42,0.21,0.00063,-0.027419382126908323
仅盈利,2017-11-02,100,0.0214519753463679,0.48,0.24,0.0007199999999999999,0.020731975346367903
仅盈利,2017-11-09,100,-0.017894080261557237,0.1,0.05,0.00015000000000000001,-0.018044080261557238
仅盈利,2017-11-16,100,-0.058980752605689746,0.06,0.03,8.999999999999999e-05,-0.059070752605689746
仅盈利,2017-11-23,100,0.004191935212192121,0.14,0.07,0.00021000000000000004,0.0039819352121921205
仅盈利,2017-11-30,100,-0.022195816145602065,0.06,0.03,8.999999999999999e-05,-0.022285816145602065
仅盈利,2017-12-07,100,0.031998589326635726,0.12,0.06,0.00017999999999999998,0.03181858932663573
仅盈利,2017-12-14,100,-0.01818231052820186,0.18,0.09,0.00027,-0.01845231052820186
仅盈利,2017-12-21,100,-0.0003836327635932313,0.12,0.06,0.00017999999999999998,-0.0005636327635932313
仅盈利,2017-12-28,100,0.03133008792444193,0.14,0.07,0.00021000000000000004,0.031120087924441934
仅盈利,2018-01-05,100,-0.001876864480275241,0.1,0.05,0.00015000000000000001,-0.002026864480275241
仅盈利,2018-01-12,100,-0.02223603000491684,0.1,0.05,0.00015000000000000001,-0.022386030004916842
仅盈利,2018-01-19,100,0.01810578326167323,0.08,0.04,0.00012,0.01798578326167323
仅盈利,2018-01-26,100,-0.07135701179931138,0.04,0.02,6e-05,-0.07141701179931138
仅盈利,2018-02-02,100,-0.07185958853558765,0.04,0.02,6e-05,-0.07191958853558765
仅盈利,2018-02-09,100,0.05455831778190058,0.12,0.06,0.00017999999999999998,0.05437831778190058
仅盈利,2018-02-23,100,0.04772372608944998,0.12,0.06,0.00017999999999999998,0.047543726089449984
仅盈利,2018-03-02,100,0.04738333027196731,0.08,0.04,0.00012,0.04726333027196731
仅盈利,2018-03-09,100,-0.015957640362761497,0.1,0.05,0.00015000000000000001,-0.016107640362761497
仅盈利,2018-03-16,100,-0.04764305459083097,0.08,0.04,0.00012,-0.047763054590830974
仅盈利,2018-03-23,100,0.08552504816263767,0.1,0.05,0.00015000000000000001,0.08537504816263768
仅盈利,2018-03-30,100,-0.008704824403061796,0.18,0.09,0.00027,-0.008974824403061795
仅盈利,2018-04-10,100,-0.022790858127512963,0.22,0.11,0.00033,-0.023120858127512963
仅盈利,2018-04-17,100,0.01213246245421078,0.18,0.09,0.00027,0.01186246245421078
仅盈利,2018-04-24,100,-0.008290573488257848,0.42,0.21,0.00063,-0.008920573488257848
仅盈利,2018-05-03,100,0.055452086820867635,0.92,0.46,0.0013800000000000002,0.054072086820867636
仅盈利,2018-05-10,100,-0.0035952417093756883,0.08,0.04,0.00012,-0.003715241709375688
仅盈利,2018-05-17,100,0.016289851354766304,0.16,0.08,0.00024,0.016049851354766304
仅盈利,2018-05-24,100,-0.0390081007476967,0.06,0.03,8.999999999999999e-05,-0.0390981007476967
仅盈利,2018-05-31,100,0.005336410179192409,0.04,0.02,6e-05,0.005276410179192409
仅盈利,2018-06-07,100,-0.02899879432351964,0.08,0.04,0.00012,-0.029118794323519638
仅盈利,2018-06-14,100,-0.08767669745722849,0.04,0.02,6e-05,-0.0877366974572285
仅盈利,2018-06-22,100,0.029430964718522867,0.08,0.04,0.00012,0.029310964718522868
仅盈利,2018-06-29,100,-0.045673718192292594,0.04,0.02,6e-05,-0.04573371819229259
仅盈利,2018-07-06,100,0.04558713207088684,0.04,0.02,6e-05,0.04552713207088684
仅盈利,2018-07-13,100,-0.0048297621804868004,0.08,0.04,0.00012,-0.004949762180486801
仅盈利,2018-07-20,100,-0.0030382391446130085,0.04,0.02,6e-05,-0.0030982391446130087
仅盈利,2018-07-27,100,-0.08020247404638683,0.08,0.04,0.00012,-0.08032247404638683
仅盈利,2018-08-03,100,0.007870776222830007,0.16,0.08,0.00024,0.007630776222830008
仅盈利,2018-08-10,100,-0.05061232082242615,0.12,0.06,0.00017999999999999998,-0.05079232082242615
仅盈利,2018-08-17,100,0.023825271435533226,0.1,0.05,0.00015000000000000001,0.023675271435533225
仅盈利,2018-08-24,100,-0.015272784657206858,0.26,0.13,0.00039000000000000005,-0.015662784657206857
仅盈利,2018-08-31,100,-0.0027043679693873313,0.32,0.16,0.00048,-0.0031843679693873313
仅盈利,2018-09-07,100,-0.01703832406305179,0.06,0.03,8.999999999999999e-05,-0.01712832406305179
仅盈利,2018-09-14,100,0.015764624855861383,0.12,0.06,0.00017999999999999998,0.015584624855861384
仅盈利,2018-09-21,100,-0.05266948163487897,0.06,0.03,8.999999999999999e-05,-0.05275948163487897
仅盈利,2018-10-08,100,-0.07579577419232837,0.08,0.04,0.00012,-0.07591577419232837
仅盈利,2018-10-15,100,0.04005137033238551,0.14,0.07,0.00021000000000000004,0.03984137033238551
仅盈利,2018-10-22,100,-0.04479814609991331,0.08,0.04,0.00012,-0.04491814609991331
仅盈利,2018-10-29,100,0.07751783928930595,0.42,0.21,0.00063,0.07688783928930594
仅盈利,2018-11-05,100,0.008404008655960254,0.38,0.19,0.00057,0.007834008655960255
仅盈利,2018-11-12,100,0.04606407157976298,0.1,0.05,0.00015000000000000001,0.04591407157976298
仅盈利,2018-11-19,100,-0.06385448240021009,0.06,0.03,8.999999999999999e-05,-0.0639444824002101
仅盈利,2018-11-26,100,0.04658523434268963,0.06,0.03,8.999999999999999e-05,0.04649523434268963
仅盈利,2018-12-03,100,-0.031377193772255306,0.04,0.02,6e-05,-0.031437193772255304
仅盈利,2018-12-10,100,-0.0015543410859699236,0.02,0.01,3e-05,-0.0015843410859699236
仅盈利,2018-12-17,100,-0.007833989099888843,0.02,0.01,3e-05,-0.007863989099888844
仅盈利,2018-12-24,100,-0.02784135992279137,0.04,0.02,6e-05,-0.02790135992279137
仅盈利,2019-01-02,100,0.03238173821149326,0.02,0.01,3e-05,0.03235173821149326
仅盈利,2019-01-09,100,0.011736571786373275,0.02,0.01,3e-05,0.011706571786373274
仅盈利,2019-01-16,100,0.0029071372508450277,0.04,0.02,6e-05,0.0028471372508450275
仅盈利,2019-01-23,100,-0.0420171069757209,0.06,0.03,8.999999999999999e-05,-0.0421071069757209
仅盈利,2019-01-30,100,0.07300141073300047,0.06,0.03,8.999999999999999e-05,0.07291141073300046
仅盈利,2019-02-13,100,0.0402495243123022,0.06,0.03,8.999999999999999e-05,0.0401595243123022
仅盈利,2019-02-20,100,0.05521075243539029,0.02,0.01,3e-05,0.055180752435390286
仅盈利,2019-02-27,100,0.06872293153904907,0.06,0.03,8.999999999999999e-05,0.06863293153904906
仅盈利,2019-03-06,100,0.011321812218323832,0.12,0.06,0.00017999999999999998,0.011141812218323832
仅盈利,2019-03-13,100,0.02237173540071981,0.12,0.06,0.00017999999999999998,0.022191735400719812
仅盈利,2019-03-20,100,-0.0194745015575871,0.08,0.04,0.00012,-0.0195945015575871
仅盈利,2019-03-27,100,0.06771861779414222,0.1,0.05,0.00015000000000000001,0.06756861779414222
仅盈利,2019-04-03,100,-0.01946334959865923,0.22,0.11,0.00033,-0.01979334959865923
仅盈利,2019-04-11,100,0.007166780074288417,0.1,0.05,0.00015000000000000001,0.007016780074288417
仅盈利,2019-04-18,100,-0.043637284856270935,0.24,0.12,0.00035999999999999997,-0.043997284856270934
仅盈利,2019-04-25,100,-0.08473690052510427,0.56,0.28,0.0008400000000000001,-0.08557690052510426
仅盈利,2019-05-07,100,0.017302346262725383,1.04,0.52,0.0015600000000000002,0.015742346262725384
仅盈利,2019-05-14,100,0.006330958968733311,0.04,0.02,6e-05,0.006270958968733311
仅盈利,2019-05-21,100,-0.01096859476524572,0.04,0.02,6e-05,-0.011028594765245718
仅盈利,2019-05-28,100,-0.030386536498612476,0.04,0.02,6e-05,-0.030446536498612477
仅盈利,2019-06-04,100,0.017874271155408163,0.04,0.02,6e-05,0.01781427115540816
仅盈利,2019-06-12,100,0.0026388345468806775,0.06,0.03,8.999999999999999e-05,0.0025488345468806777
仅盈利,2019-06-19,100,0.035405828643544676,0.02,0.01,3e-05,0.035375828643544674
仅盈利,2019-06-26,100,0.030538856562641818,0.02,0.01,3e-05,0.03050885656264182
仅盈利,2019-07-03,100,-0.021616753221206292,0.02,0.01,3e-05,-0.02164675322120629
仅盈利,2019-07-10,100,0.01194267173335668,0.02,0.01,3e-05,0.011912671733356679
仅盈利,2019-07-17,100,-0.020307473597367617,0.02,0.01,3e-05,-0.020337473597367615
仅盈利,2019-07-24,100,0.00610063890103508,0.04,0.02,6e-05,0.00604063890103508
仅盈利,2019-07-31,100,-0.05557734319522312,0.04,0.02,6e-05,-0.055637343195223114
仅盈利,2019-08-07,100,0.024876205500801846,0.02,0.01,3e-05,0.024846205500801848
仅盈利,2019-08-14,100,0.047694508304098375,0.14,0.07,0.00021000000000000004,0.04748450830409837
仅盈利,2019-08-21,100,0.005271151609707935,0.16,0.08,0.00024,0.005031151609707935
仅盈利,2019-08-28,100,0.03214627204020139,0.3,0.15,0.00045,0.03169627204020139
仅盈利,2019-09-04,100,0.03430711629687119,0.12,0.06,0.00017999999999999998,0.03412711629687119
仅盈利,2019-09-11,100,0.004559371724704116,0.04,0.02,6e-05,0.004499371724704116
仅盈利,2019-09-19,100,-0.04462065972841711,0.02,0.01,3e-05,-0.044650659728417114
仅盈利,2019-09-26,100,0.02748963023047739,0.04,0.02,6e-05,0.02742963023047739
仅盈利,2019-10-10,100,-0.0006954699292465339,0.02,0.01,3e-05,-0.0007254699292465338
仅盈利,2019-10-17,100,-0.015471832053496011,0.02,0.01,3e-05,-0.015501832053496012
仅盈利,2019-10-24,100,-0.015059856771171188,0.12,0.06,0.00017999999999999998,-0.015239856771171187
仅盈利,2019-10-31,100,0.020017247878633793,0.48,0.24,0.0007199999999999999,0.019297247878633794
仅盈利,2019-11-07,100,-0.020541290024927442,0.04,0.02,6e-05,-0.020601290024927443
仅盈利,2019-11-14,100,0.015065553441580457,0.06,0.03,8.999999999999999e-05,0.014975553441580457
仅盈利,2019-11-21,100,-0.028376662954831752,0.0,0.0,0.0,-0.028376662954831752
仅盈利,2019-11-28,100,0.016883016405668763,0.02,0.01,3e-05,0.016853016405668764
仅盈利,2019-12-05,100,0.008378279221476046,0.1,0.05,0.00015000000000000001,0.008228279221476046
仅盈利,2019-12-12,100,0.04879799062024052,0.02,0.01,3e-05,0.048767990620240516
仅盈利,2019-12-19,100,0.005403583461902178,0.02,0.01,3e-05,0.005373583461902178
仅盈利,2019-12-26,100,0.0302362944517512,0.02,0.01,3e-05,0.0302062944517512
仅盈利,2020-01-03,100,0.03282532248761192,0.04,0.02,6e-05,0.03276532248761192
仅盈利,2020-01-10,100,0.009713661174159663,0.02,0.01,3e-05,0.009683661174159662
仅盈利,2020-01-17,100,-0.11761819385609874,0.04,0.02,6e-05,-0.11767819385609875
仅盈利,2020-02-03,100,0.07880604830812095,0.04,0.02,6e-05,0.07874604830812094
仅盈利,2020-02-10,100,0.04570741683932402,0.04,0.02,6e-05,0.04564741683932402
仅盈利,2020-02-17,100,0.058728208659387764,0.02,0.01,3e-05,0.05869820865938776
仅盈利,2020-02-24,100,-0.03211417304776242,0.08,0.04,0.00012,-0.032234173047762424
仅盈利,2020-03-02,100,-0.012473247553601512,0.1,0.05,0.00015000000000000001,-0.012623247553601512
仅盈利,2020-03-09,100,-0.07999491339715567,0.02,0.01,3e-05,-0.08002491339715567
仅盈利,2020-03-16,100,-0.035885383494536294,0.06,0.03,8.999999999999999e-05,-0.035975383494536294
仅盈利,2020-03-23,100,0.025529849487247,0.12,0.06,0.00017999999999999998,0.025349849487247
仅盈利,2020-03-30,100,0.0535535261167572,0.08,0.04,0.00012,0.053433526116757196
仅盈利,2020-04-07,100,-0.005455335185190595,0.1,0.05,0.00015000000000000001,-0.005605335185190595
仅盈利,2020-04-14,100,-0.0036035195358967965,0.08,0.04,0.00012,-0.0037235195358967963
仅盈利,2020-04-21,100,-0.035627915147089496,0.2,0.1,0.00030000000000000003,-0.0359279151470895
仅盈利,2020-04-28,100,0.046265441672160804,0.8,0.4,0.0012000000000000001,0.045065441672160804
仅盈利,2020-05-08,100,0.0055776170258934965,0.74,0.37,0.00111,0.004467617025893497
仅盈利,2020-05-15,100,-0.026868219641685964,0.06,0.03,8.999999999999999e-05,-0.026958219641685963
仅盈利,2020-05-22,100,0.03337265010725776,0.06,0.03,8.999999999999999e-05,0.03328265010725776
仅盈利,2020-05-29,100,0.04500591605093615,0.02,0.01,3e-05,0.04497591605093615
仅盈利,2020-06-05,100,0.005135484383615085,0.0,0.0,0.0,0.005135484383615085
仅盈利,2020-06-12,100,0.027206617662341337,0.0,0.0,0.0,0.027206617662341337
仅盈利,2020-06-19,100,0.04174078922822723,0.06,0.03,8.999999999999999e-05,0.04165078922822723
仅盈利,2020-06-30,100,0.0689044666221426,0.06,0.03,8.999999999999999e-05,0.06881446662214259
仅盈利,2020-07-07,100,0.07590535756081454,0.02,0.01,3e-05,0.07587535756081454
仅盈利,2020-07-14,100,-0.02805581817404642,0.02,0.01,3e-05,-0.028085818174046418
仅盈利,2020-07-21,100,-0.01753097428736025,0.08,0.04,0.00012,-0.01765097428736025
仅盈利,2020-07-28,100,0.0530559410802058,0.04,0.02,6e-05,0.052995941080205805
仅盈利,2020-08-04,100,-0.016471242869710655,0.06,0.03,8.999999999999999e-05,-0.016561242869710655
仅盈利,2020-08-11,100,0.026489490371406167,0.06,0.03,8.999999999999999e-05,0.026399490371406167
仅盈利,2020-08-18,100,-0.0008893834376181298,0.06,0.03,8.999999999999999e-05,-0.0009793834376181298
仅盈利,2020-08-25,100,0.013964588774826004,0.16,0.08,0.00024,0.013724588774826003
仅盈利,2020-09-01,100,-0.026604688348969025,0.4,0.2,0.0006000000000000001,-0.027204688348969025
仅盈利,2020-09-08,100,-0.030630688644736104,0.0,0.0,0.0,-0.030630688644736104
仅盈利,2020-09-15,100,-0.010067382411463368,0.0,0.0,0.0,-0.010067382411463368
仅盈利,2020-09-22,100,-0.02037079603138292,0.02,0.01,3e-05,-0.02040079603138292
仅盈利,2020-09-29,100,0.05224712324599107,0.02,0.01,3e-05,0.052217123245991065
仅盈利,2020-10-14,100,-0.011342179279770772,0.02,0.01,3e-05,-0.011372179279770772
仅盈利,2020-10-21,100,-0.011952460156953688,0.1,0.05,0.00015000000000000001,-0.012102460156953689
仅盈利,2020-10-28,100,-0.008035885893085468,0.28,0.14,0.00042000000000000007,-0.008455885893085468
仅盈利,2020-11-04,100,-0.0003139755493725815,0.3,0.15,0.00045,-0.0007639755493725816
仅盈利,2020-11-11,100,0.0060646160977620225,0.06,0.03,8.999999999999999e-05,0.005974616097762023
仅盈利,2020-11-18,100,-0.008212339522888776,0.04,0.02,6e-05,-0.008272339522888776
仅盈利,2020-11-25,100,0.017299614507182145,0.04,0.02,6e-05,0.017239614507182144
仅盈利,2020-12-02,100,-0.017903724831139084,0.08,0.04,0.00012,-0.018023724831139083
仅盈利,2020-12-09,100,-0.01998875313288258,0.02,0.01,3e-05,-0.02001875313288258
仅盈利,2020-12-16,100,-0.0161033730850402,0.04,0.02,6e-05,-0.016163373085040202
仅盈利,2020-12-23,100,-0.016737004605636475,0.06,0.03,8.999999999999999e-05,-0.016827004605636475
仅盈利,2020-12-30,100,0.010020196858161108,0.04,0.02,6e-05,0.00996019685816111
仅盈利,2021-01-07,100,-0.01635482718155834,0.02,0.01,3e-05,-0.01638482718155834
仅盈利,2021-01-14,100,0.02733341051124465,0.04,0.02,6e-05,0.02727341051124465
仅盈利,2021-01-21,100,-0.0336188891630447,0.02,0.01,3e-05,-0.033648889163044704
仅盈利,2021-01-28,100,-0.03950853006094575,0.02,0.01,3e-05,-0.03953853006094575
仅盈利,2021-02-04,100,0.04560214413456827,0.08,0.04,0.00012,0.04548214413456827
仅盈利,2021-02-18,100,0.02222181553271938,0.04,0.02,6e-05,0.02216181553271938
仅盈利,2021-02-25,100,0.021493670310902425,0.04,0.02,6e-05,0.021433670310902424
仅盈利,2021-03-04,100,-0.029543474107372472,0.06,0.03,8.999999999999999e-05,-0.029633474107372472
仅盈利,2021-03-11,100,0.018591265477651275,0.1,0.05,0.00015000000000000001,0.018441265477651275
仅盈利,2021-03-18,100,-0.015533315470580154,0.08,0.04,0.00012,-0.015653315470580152
仅盈利,2021-03-25,100,0.016870862390460636,0.14,0.07,0.00021000000000000004,0.016660862390460638
仅盈利,2021-04-01,100,0.015096311915210232,0.24,0.12,0.00035999999999999997,0.014736311915210232
仅盈利,2021-04-09,100,-0.018940085122022037,0.08,0.04,0.00012,-0.019060085122022036
仅盈利,2021-04-16,100,0.000967350977179201,0.16,0.08,0.00024,0.000727350977179201
仅盈利,2021-04-23,100,-0.015767193572763613,0.28,0.14,0.00042000000000000007,-0.016187193572763613
仅盈利,2021-04-30,100,0.007728458747994458,1.2,0.6,0.0018,0.005928458747994457
仅盈利,2021-05-12,100,0.008442876212134931,0.04,0.02,6e-05,0.008382876212134932
仅盈利,2021-05-19,100,0.022168858745287658,0.0,0.0,0.0,0.022168858745287658
仅盈利,2021-05-26,100,0.023337360724810248,0.04,0.02,6e-05,0.023277360724810247
仅盈利,2021-06-02,100,0.007545922066578194,0.04,0.02,6e-05,0.007485922066578194
仅盈利,2021-06-09,100,-0.01335269759023372,0.02,0.01,3e-05,-0.01338269759023372
仅盈利,2021-06-17,100,0.020900944067639517,0.04,0.02,6e-05,0.020840944067639516
仅盈利,2021-06-24,100,-0.0015671581430356397,0.04,0.02,6e-05,-0.0016271581430356396
仅盈利,2021-07-01,100,0.0007672772563027819,0.02,0.01,3e-05,0.0007372772563027819
仅盈利,2021-07-08,100,0.009183045495935441,0.04,0.02,6e-05,0.009123045495935442
仅盈利,2021-07-15,100,0.0016216849773169574,0.04,0.02,6e-05,0.0015616849773169574
仅盈利,2021-07-22,100,-0.05821265731974097,0.06,0.03,8.999999999999999e-05,-0.05830265731974097
仅盈利,2021-07-29,100,0.012304931472843096,0.06,0.03,8.999999999999999e-05,0.012214931472843096
仅盈利,2021-08-05,100,0.040764900095626055,0.1,0.05,0.00015000000000000001,0.04061490009562606
仅盈利,2021-08-12,100,-0.017819481622616973,0.12,0.06,0.00017999999999999998,-0.017999481622616973
仅盈利,2021-08-19,100,0.016179617327480363,0.16,0.08,0.00024,0.015939617327480362
仅盈利,2021-08-26,100,0.0009718547366673624,0.44,0.22,0.00066,0.0003118547366673624
仅盈利,2021-09-02,100,0.0316415205506397,0.36,0.18,0.00054,0.0311015205506397
仅盈利,2021-09-09,100,-0.02405047483899668,0.04,0.02,6e-05,-0.02411047483899668
仅盈利,2021-09-16,100,-0.01729737033803267,0.0,0.0,0.0,-0.01729737033803267
仅盈利,2021-09-27,100,0.009701839712893817,0.06,0.03,8.999999999999999e-05,0.009611839712893817
仅盈利,2021-10-11,100,-0.015417740157023836,0.06,0.03,8.999999999999999e-05,-0.015507740157023836
仅盈利,2021-10-18,100,0.0036913523992516306,0.1,0.05,0.00015000000000000001,0.0035413523992516307
仅盈利,2021-10-25,100,-0.009247664458843797,0.16,0.08,0.00024,-0.009487664458843798
仅盈利,2021-11-01,100,0.018169717018794378,0.52,0.26,0.0007800000000000001,0.017389717018794378
仅盈利,2021-11-08,100,0.042322077888546125,0.02,0.01,3e-05,0.04229207788854612
仅盈利,2021-11-15,100,0.014973376571464194,0.04,0.02,6e-05,0.014913376571464194
仅盈利,2021-11-22,100,0.020678336049501977,0.06,0.03,8.999999999999999e-05,0.020588336049501978
仅盈利,2021-11-29,100,-0.009552915162533617,0.08,0.04,0.00012,-0.009672915162533617
仅盈利,2021-12-06,100,0.03069414234802053,0.04,0.02,6e-05,0.03063414234802053
仅盈利,2021-12-13,100,-0.019360685618419814,0.06,0.03,8.999999999999999e-05,-0.019450685618419814
仅盈利,2021-12-20,100,0.011093155055034378,0.04,0.02,6e-05,0.01103315505503438
仅盈利,2021-12-27,100,0.04188538110331894,0.12,0.06,0.00017999999999999998,0.04170538110331894
仅盈利,2022-01-04,100,-0.023888116736877588,0.06,0.03,8.999999999999999e-05,-0.023978116736877587
仅盈利,2022-01-11,100,-0.0052243362014258036,0.04,0.02,6e-05,-0.005284336201425804
仅盈利,2022-01-18,100,-0.07326424383316855,0.0,0.0,0.0,-0.07326424383316855
仅盈利,2022-01-25,100,0.013047436551084915,0.06,0.03,8.999999999999999e-05,0.012957436551084915
仅盈利,2022-02-08,100,0.0003518410833900576,0.04,0.02,6e-05,0.0002918410833900576
仅盈利,2022-02-15,100,0.003401792878294876,0.04,0.02,6e-05,0.0033417928782948757
仅盈利,2022-02-22,100,0.0083967980643171,0.02,0.01,3e-05,0.0083667980643171
仅盈利,2022-03-01,100,-0.07615743321608415,0.04,0.02,6e-05,-0.07621743321608415
仅盈利,2022-03-08,100,-0.06801490065968786,0.02,0.01,3e-05,-0.06804490065968787
仅盈利,2022-03-15,100,0.06986857266478151,0.04,0.02,6e-05,0.0698085726647815
仅盈利,2022-03-22,100,-0.019834969640000612,0.14,0.07,0.00021000000000000004,-0.02004496964000061
仅盈利,2022-03-29,100,0.0004957091009876691,0.1,0.05,0.00015000000000000001,0.00034570910098766905
仅盈利,2022-04-07,100,-0.031067143645637178,0.18,0.09,0.00027,-0.03133714364563718
仅盈利,2022-04-14,100,-0.05016004179729294,0.12,0.06,0.00017999999999999998,-0.05034004179729294
仅盈利,2022-04-21,100,-0.10301309233855102,0.28,0.14,0.00042000000000000007,-0.10343309233855102
仅盈利,2022-04-28,100,0.08187321649846936,0.66,0.33,0.00099,0.08088321649846936
仅盈利,2022-05-10,100,0.01064066208591528,0.7000000000000001,0.35000000000000003,0.0010500000000000002,0.00959066208591528
仅盈利,2022-05-17,100,-0.0016906063240662162,0.04,0.02,6e-05,-0.0017506063240662162
仅盈利,2022-05-24,100,0.04750883116971247,0.02,0.01,3e-05,0.047478831169712465
仅盈利,2022-05-31,100,0.028813341701665617,0.1,0.05,0.00015000000000000001,0.028663341701665616
仅盈利,2022-06-08,100,0.005145893658858322,0.08,0.04,0.00012,0.005025893658858322
仅盈利,2022-06-15,100,0.016883243385852523,0.02,0.01,3e-05,0.016853243385852524
仅盈利,2022-06-22,100,0.0348559307021596,0.02,0.01,3e-05,0.0348259307021596
仅盈利,2022-06-29,100,0.0033318567169986855,0.0,0.0,0.0,0.0033318567169986855
仅盈利,2022-07-06,100,-0.018019695008539807,0.02,0.01,3e-05,-0.018049695008539805
仅盈利,2022-07-13,100,0.02956478415887487,0.02,0.01,3e-05,0.02953478415887487
仅盈利,2022-07-20,100,-0.0013298354635133947,0.08,0.04,0.00012,-0.0014498354635133948
仅盈利,2022-07-27,100,-0.03436591338710348,0.02,0.01,3e-05,-0.03439591338710348
仅盈利,2022-08-03,100,0.03588447021890395,0.08,0.04,0.00012,0.03576447021890395
仅盈利,2022-08-10,100,0.021106100028345124,0.04,0.02,6e-05,0.021046100028345123
仅盈利,2022-08-17,100,-0.0450522613083514,0.08,0.04,0.00012,-0.045172261308351405
仅盈利,2022-08-24,100,-0.02831811978652222,0.2,0.1,0.00030000000000000003,-0.028618119786522223
仅盈利,2022-08-31,100,0.013191574264434234,0.5,0.25,0.00075,0.012441574264434234
仅盈利,2022-09-07,100,-0.02867080626135137,0.02,0.01,3e-05,-0.02870080626135137
仅盈利,2022-09-15,100,-0.023030429471282535,0.06,0.03,8.999999999999999e-05,-0.023120429471282535
仅盈利,2022-09-22,100,-0.031748396746128546,0.02,0.01,3e-05,-0.03177839674612855
仅盈利,2022-09-29,100,0.005051444000171668,0.08,0.04,0.00012,0.0049314440001716675
仅盈利,2022-10-13,100,0.04849082167547099,0.04,0.02,6e-05,0.04843082167547099
仅盈利,2022-10-20,100,0.006399029387928971,0.12,0.06,0.00017999999999999998,0.006219029387928971
仅盈利,2022-10-27,100,0.01547487205314262,0.32,0.16,0.00048,0.01499487205314262
仅盈利,2022-11-03,100,0.03206144704764829,0.28,0.14,0.00042000000000000007,0.03164144704764829
仅盈利,2022-11-10,100,0.03155154277212427,0.02,0.01,3e-05,0.03152154277212427
仅盈利,2022-11-17,100,-0.024251330798425976,0.04,0.02,6e-05,-0.024311330798425977
仅盈利,2022-11-24,100,0.01050788382319884,0.08,0.04,0.00012,0.01038788382319884
仅盈利,2022-12-01,100,0.010467518461946742,0.02,0.01,3e-05,0.010437518461946741
仅盈利,2022-12-08,100,-0.0060842577026562605,0.04,0.02,6e-05,-0.006144257702656261
仅盈利,2022-12-15,100,-0.04886711997044017,0.02,0.01,3e-05,-0.048897119970440175
仅盈利,2022-12-22,100,0.002141000145223516,0.08,0.04,0.00012,0.002021000145223516
仅盈利,2022-12-29,100,0.03209233395638001,0.02,0.01,3e-05,0.03206233395638001
仅盈利,2023-01-06,100,0.010670562631183685,0.02,0.01,3e-05,0.010640562631183684
仅盈利,2023-01-13,100,0.033519755314484645,0.02,0.01,3e-05,0.03348975531448464
仅盈利,2023-01-20,100,0.0314599530037502,0.0,0.0,0.0,0.0314599530037502
仅盈利,2023-02-03,100,0.009353270318865287,0.02,0.01,3e-05,0.009323270318865286
仅盈利,2023-02-10,100,-0.01214366651360699,0.02,0.01,3e-05,-0.01217366651360699
仅盈利,2023-02-17,100,0.011838695941124362,0.04,0.02,6e-05,0.011778695941124363
仅盈利,2023-02-24,100,0.0017101599469797313,0.04,0.02,6e-05,0.0016501599469797314
仅盈利,2023-03-03,100,-0.02565135084240974,0.06,0.03,8.999999999999999e-05,-0.02574135084240974
仅盈利,2023-03-10,100,-0.006159300277860786,0.06,0.03,8.999999999999999e-05,-0.006249300277860786
仅盈利,2023-03-17,100,0.03126457350668444,0.06,0.03,8.999999999999999e-05,0.03117457350668444
仅盈利,2023-03-24,100,-0.0015737096977169807,0.14,0.07,0.00021000000000000004,-0.0017837096977169808
仅盈利,2023-03-31,100,-0.004975340955893763,0.18,0.09,0.00027,-0.005245340955893764
仅盈利,2023-04-10,100,0.005674083272268891,0.08,0.04,0.00012,0.005554083272268891
仅盈利,2023-04-17,100,-0.049103673966741236,0.14,0.07,0.00021000000000000004,-0.04931367396674124
仅盈利,2023-04-24,100,-0.0019394178287862396,0.36,0.18,0.00054,-0.0024794178287862395
仅盈利,2023-05-04,100,-0.013209913911033567,1.1400000000000001,0.5700000000000001,0.0017100000000000001,-0.014919913911033566
仅盈利,2023-05-11,100,-0.0011104771191688134,0.04,0.02,6e-05,-0.0011704771191688133
仅盈利,2023-05-18,100,-0.00268155445579763,0.02,0.01,3e-05,-0.0027115544557976302
仅盈利,2023-05-25,100,-0.003180974113430657,0.04,0.02,6e-05,-0.003240974113430657
仅盈利,2023-06-01,100,-0.015352338792073166,0.02,0.01,3e-05,-0.015382338792073166
仅盈利,2023-06-08,100,0.024187692592152758,0.0,0.0,0.0,0.024187692592152758
仅盈利,2023-06-15,100,-0.028283471874012447,0.0,0.0,0.0,-0.028283471874012447
仅盈利,2023-06-26,100,0.036795224138347155,0.06,0.03,8.999999999999999e-05,0.036705224138347155
仅盈利,2023-07-03,100,-0.004217858798732088,0.02,0.01,3e-05,-0.004247858798732088
仅盈利,2023-07-10,100,0.0023149720435907827,0.02,0.01,3e-05,0.0022849720435907826
仅盈利,2023-07-17,100,-0.011130924330065555,0.04,0.02,6e-05,-0.011190924330065554
仅盈利,2023-07-24,100,0.015410978882368564,0.0,0.0,0.0,0.015410978882368564
仅盈利,2023-07-31,100,-0.008935869714762294,0.0,0.0,0.0,-0.008935869714762294
仅盈利,2023-08-07,100,-0.021034021032254713,0.04,0.02,6e-05,-0.021094021032254714
仅盈利,2023-08-14,100,-0.026059455549079413,0.04,0.02,6e-05,-0.026119455549079414
仅盈利,2023-08-21,100,-0.0306349692745769,0.16,0.08,0.00024,-0.0308749692745769
仅盈利,2023-08-28,100,0.043273556864352365,0.18,0.09,0.00027,0.043003556864352366
仅盈利,2023-09-04,100,-0.005057949934959337,0.36,0.18,0.00054,-0.005597949934959337
仅盈利,2023-09-11,100,-0.013742377540850712,0.04,0.02,6e-05,-0.01380237754085071
仅盈利,2023-09-18,100,-0.013537675506097278,0.02,0.01,3e-05,-0.013567675506097278
仅盈利,2023-09-25,100,-0.0051324713827289505,0.06,0.03,8.999999999999999e-05,-0.00522247138272895
仅盈利,2023-10-10,100,-0.014763596022281117,0.04,0.02,6e-05,-0.014823596022281116
仅盈利,2023-10-17,100,-0.038200194847983066,0.06,0.03,8.999999999999999e-05,-0.038290194847983065
仅盈利,2023-10-24,100,0.03435320292991077,0.08,0.04,0.00012,0.03423320292991077
仅盈利,2023-10-31,100,0.029288571301306403,0.64,0.32,0.00096,0.028328571301306404
仅盈利,2023-11-07,100,0.01195677454701917,0.04,0.02,6e-05,0.01189677454701917
仅盈利,2023-11-14,100,0.00489449174332627,0.06,0.03,8.999999999999999e-05,0.0048044917433262705
仅盈利,2023-11-21,100,-0.01253673206697247,0.04,0.02,6e-05,-0.012596732066972469
仅盈利,2023-11-28,100,-0.017876417915041274,0.04,0.02,6e-05,-0.017936417915041275
仅盈利,2023-12-05,100,0.014153381211854024,0.04,0.02,6e-05,0.014093381211854024
仅盈利,2023-12-12,100,-0.026489761572699527,0.04,0.02,6e-05,-0.02654976157269953
仅盈利,2023-12-19,100,-0.020027957493187466,0.04,0.02,6e-05,-0.020087957493187467
仅盈利,2023-12-26,100,0.0411823737014341,0.06,0.03,8.999999999999999e-05,0.0410923737014341
仅盈利,2024-01-03,100,-0.03654592898580199,0.0,0.0,0.0,-0.03654592898580199
仅盈利,2024-01-10,100,-0.0174315786805639,0.02,0.01,3e-05,-0.0174615786805639
仅盈利,2024-01-17,100,-0.0504926433581316,0.02,0.01,3e-05,-0.0505226433581316
仅盈利,2024-01-24,100,-0.07419147375894347,0.04,0.02,6e-05,-0.07425147375894348
仅盈利,2024-01-31,100,-0.0709898866584898,0.08,0.04,0.00012,-0.0711098866584898
仅盈利,2024-02-07,100,0.13994180117118168,0.04,0.02,6e-05,0.13988180117118168
仅盈利,2024-02-22,100,0.03357506272044899,0.06,0.03,8.999999999999999e-05,0.03348506272044899
仅盈利,2024-02-29,100,0.000734833343059188,0.04,0.02,6e-05,0.0006748333430591879
仅盈利,2024-03-07,100,0.0323814701388977,0.06,0.03,8.999999999999999e-05,0.0322914701388977
仅盈利,2024-03-14,100,0.037888275694262584,0.04,0.02,6e-05,0.037828275694262586
仅盈利,2024-03-21,100,-0.040127128602753206,0.1,0.05,0.00015000000000000001,-0.040277128602753204
仅盈利,2024-03-28,100,0.011539967500609571,0.18,0.09,0.00027,0.011269967500609572
仅盈利,2024-04-08,100,-0.03329001848621927,0.22,0.11,0.00033,-0.03362001848621927
仅盈利,2024-04-15,100,-0.017662916862157103,0.06,0.03,8.999999999999999e-05,-0.017752916862157103
仅盈利,2024-04-22,100,0.057467905645656396,0.22,0.11,0.00033,0.0571379056456564
仅盈利,2024-04-29,100,0.03169365190825977,0.98,0.49,0.00147,0.03022365190825977
仅盈利,2024-05-09,100,-0.01843384023172218,0.68,0.34,0.00102,-0.01945384023172218
仅盈利,2024-05-16,100,-0.011575542691534681,0.08,0.04,0.00012,-0.011695542691534682
仅盈利,2024-05-23,100,-0.01826145714849369,0.04,0.02,6e-05,-0.018321457148493692
仅盈利,2024-05-30,100,-0.05231137898275479,0.04,0.02,6e-05,-0.05237137898275479
仅盈利,2024-06-06,100,0.02117954333927634,0.02,0.01,3e-05,0.021149543339276343
仅盈利,2024-06-14,100,-0.03157237672019861,0.02,0.01,3e-05,-0.03160237672019861
仅盈利,2024-06-21,100,-0.02088927559568661,0.08,0.04,0.00012,-0.02100927559568661
仅盈利,2024-06-28,100,-0.01721509875467761,0.04,0.02,6e-05,-0.01727509875467761
仅盈利,2024-07-05,100,0.002891964823649846,0.02,0.01,3e-05,0.002861964823649846
仅盈利,2024-07-12,100,-0.009076810618627945,0.02,0.01,3e-05,-0.009106810618627946
仅盈利,2024-07-19,100,-0.019282284847145434,0.02,0.01,3e-05,-0.019312284847145433
仅盈利,2024-07-26,100,0.018964233366100872,0.02,0.01,3e-05,0.018934233366100874
仅盈利,2024-08-02,100,-0.0069410421593396505,0.04,0.02,6e-05,-0.007001042159339651
仅盈利,2024-08-09,100,0.010750903375788044,0.08,0.04,0.00012,0.010630903375788044
仅盈利,2024-08-16,100,-0.05242536404203389,0.08,0.04,0.00012,-0.052545364042033894
仅盈利,2024-08-23,100,0.03037044214446506,0.18,0.09,0.00027,0.03010044214446506
仅盈利,2024-08-30,100,-0.0260788748667171,0.5,0.25,0.00075,-0.0268288748667171
仅盈利,2024-09-06,100,-0.016997973481198036,0.06,0.03,8.999999999999999e-05,-0.017087973481198036
仅盈利,2024-09-13,100,0.05803867384054848,0.02,0.01,3e-05,0.058008673840548475
仅盈利,2024-09-24,100,0.33999531619458273,0.02,0.01,3e-05,0.33996531619458276
仅盈利,2024-10-08,100,-0.13095718328824138,0.04,0.02,6e-05,-0.13101718328824138
仅盈利,2024-10-15,100,0.051255523985332764,0.02,0.01,3e-05,0.05122552398533276
仅盈利,2024-10-22,100,0.012658615081649338,0.04,0.02,6e-05,0.012598615081649339
仅盈利,2024-10-29,100,0.04029972973149229,0.28,0.14,0.00042000000000000007,0.03987972973149229
仅盈利,2024-11-05,100,0.04221044124877429,0.3,0.15,0.00045,0.04176044124877429
仅盈利,2024-11-12,100,-0.04103515640787263,0.06,0.03,8.999999999999999e-05,-0.04112515640787263
仅盈利,2024-11-19,100,-0.01009116371541502,0.04,0.02,6e-05,-0.01015116371541502
仅盈利,2024-11-26,100,0.05196733734734813,0.04,0.02,6e-05,0.051907337347348134
仅盈利,2024-12-03,100,0.014543041482391732,0.02,0.01,3e-05,0.014513041482391732
仅盈利,2024-12-10,100,-0.0200083212977668,0.02,0.01,3e-05,-0.0200383212977668
仅盈利,2024-12-17,100,-0.006069843079435179,0.02,0.01,3e-05,-0.006099843079435179
仅盈利,2024-12-24,100,-0.026700185472759513,0.08,0.04,0.00012,-0.026820185472759512
仅盈利,2024-12-31,100,-0.045284247719798394,0.08,0.04,0.00012,-0.045404247719798396
仅盈利,2025-01-08,100,0.011080693859076477,0.06,0.03,8.999999999999999e-05,0.010990693859076478
仅盈利,2025-01-15,100,0.0042903949156671214,0.02,0.01,3e-05,0.004260394915667122
仅盈利,2025-01-22,100,0.028046534607223342,0.04,0.02,6e-05,0.02798653460722334
仅盈利,2025-02-06,100,0.0157552402757138,0.04,0.02,6e-05,0.015695240275713798
仅盈利,2025-02-13,100,0.025478906702223823,0.02,0.01,3e-05,0.025448906702223825
仅盈利,2025-02-20,100,0.010753908539922849,0.02,0.01,3e-05,0.010723908539922848
仅盈利,2025-02-27,100,0.008411258542812975,0.02,0.01,3e-05,0.008381258542812974
仅盈利,2025-03-06,100,0.00046477065188248125,0.02,0.01,3e-05,0.0004347706518824812
仅盈利,2025-03-13,100,0.015072541934897743,0.06,0.03,8.999999999999999e-05,0.014982541934897743
仅盈利,2025-03-20,100,-0.021176010889517368,0.08,0.04,0.00012,-0.021296010889517367
仅盈利,2025-03-27,100,-0.013974457478892272,0.12,0.06,0.00017999999999999998,-0.014154457478892272
仅盈利,2025-04-03,100,-0.058134238808631764,0.24,0.12,0.00035999999999999997,-0.05849423880863176
仅盈利,2025-04-11,100,0.0007799281787268875,0.1,0.05,0.00015000000000000001,0.0006299281787268875
仅盈利,2025-04-18,100,0.01186938870262395,0.12,0.06,0.00017999999999999998,0.01168938870262395
仅盈利,2025-04-25,100,0.0276299998149738,0.38,0.19,0.00057,0.027059999814973798
仅盈利,2025-05-07,100,0.01691634613054593,1.08,0.54,0.0016200000000000001,0.01529634613054593
仅盈利,2025-05-14,100,0.008481987892865821,0.04,0.02,6e-05,0.008421987892865822
仅盈利,2025-05-21,100,-0.013930479762734996,0.04,0.02,6e-05,-0.013990479762734995
仅盈利,2025-05-28,100,0.03130598700413558,0.04,0.02,6e-05,0.03124598700413558
仅盈利,2025-06-05,100,0.028630447338762993,0.04,0.02,6e-05,0.028570447338762992
仅盈利,2025-06-12,100,-0.03423323427315553,0.08,0.04,0.00012,-0.03435323427315553
仅盈利,2025-06-19,100,0.030145115690098017,0.02,0.01,3e-05,0.030115115690098018
仅盈利,2025-06-26,100,0.02347233426600245,0.02,0.01,3e-05,0.02344233426600245
仅盈利,2025-07-03,100,0.01182429978432185,0.04,0.02,6e-05,0.011764299784321851
仅盈利,2025-07-10,100,0.01906407401542964,0.02,0.01,3e-05,0.01903407401542964
仅盈利,2025-07-17,100,0.021949717563397694,0.06,0.03,8.999999999999999e-05,0.021859717563397694
仅盈利,2025-07-24,100,-0.005278193120984442,0.08,0.04,0.00012,-0.005398193120984442
仅盈利,2025-07-31,100,0.026010871690161384,0.08,0.04,0.00012,0.025890871690161386
仅盈利,2025-08-07,100,0.008875479647663116,0.08,0.04,0.00012,0.008755479647663116
仅盈利,2025-08-14,100,0.04749716362879255,0.1,0.05,0.00015000000000000001,0.04734716362879255
仅盈利,2025-08-21,100,0.017190748201648984,0.24,0.12,0.00035999999999999997,0.016830748201648985
仅盈利,2025-08-28,100,-0.028922118391594243,0.52,0.26,0.0007800000000000001,-0.029702118391594243
仅盈利,2025-09-04,100,0.043441300593172694,0.34,0.17,0.00051,0.0429313005931727
仅盈利,2025-09-11,100,-0.0013180335135013987,0.0,0.0,0.0,-0.0013180335135013987
仅盈利,2025-09-18,100,0.007793687626010206,0.02,0.01,3e-05,0.007763687626010206
仅盈利,2025-09-25,100,0.00175178254707136,0.02,0.01,3e-05,0.0017217825470713598
仅盈利,2025-10-10,100,-0.040139541257977536,0.04,0.02,6e-05,-0.040199541257977534
仅盈利,2025-10-17,100,0.03566027394418879,0.06,0.03,8.999999999999999e-05,0.03557027394418879
仅盈利,2025-10-24,100,0.0004205626862468137,0.1,0.05,0.00015000000000000001,0.0002705626862468137
仅盈利,2025-10-31,100,0.0089512960797443,0.42,0.21,0.00063,0.0083212960797443
仅盈利,2025-11-07,100,0.0001303395383349648,0.04,0.02,6e-05,7.033953833496481e-05
仅盈利,2025-11-14,100,-0.0509691728957492,0.06,0.03,8.999999999999999e-05,-0.0510591728957492
仅盈利,2025-11-21,100,0.04154445310491706,0.04,0.02,6e-05,0.041484453104917066
仅盈利,2025-11-28,100,0.0016949987585127336,0.08,0.04,0.00012,0.0015749987585127335
仅盈利,2025-12-05,100,0.00497518974638996,0.0,0.0,0.0,0.00497518974638996
仅盈利,2025-12-12,100,0.011201118616939792,0.0,0.0,0.0,0.011201118616939792
仅盈利,2025-12-19,100,0.024176131545866876,0.02,0.01,3e-05,0.024146131545866877
仅盈利,2025-12-26,100,0.034444767531520926,0.06,0.03,8.999999999999999e-05,0.034354767531520926
仅盈利,2026-01-06,100,0.04372267891986691,0.04,0.02,6e-05,0.043662678919866915
仅盈利,2026-01-13,100,0.01810421296022413,0.06,0.03,8.999999999999999e-05,0.01801421296022413
仅盈利,2026-01-20,100,0.023986219342576977,0.06,0.03,8.999999999999999e-05,0.023896219342576977
仅盈利,2026-01-27,100,-0.012234393065108016,0.02,0.01,3e-05,-0.012264393065108016
仅盈利,2026-02-03,100,0.0069066768774827545,0.04,0.02,6e-05,0.006846676877482754
仅盈利,2026-02-10,100,0.00636858268462584,0.06,0.03,8.999999999999999e-05,0.00627858268462584
仅盈利,2026-02-25,100,-0.04035305070724103,0.04,0.02,6e-05,-0.04041305070724103
仅盈利,2026-03-04,100,0.03163819780435722,0.08,0.04,0.00012,0.03151819780435722
仅盈利,2026-03-11,100,-0.02816570132022839,0.04,0.02,6e-05,-0.02822570132022839
仅盈利,2026-03-18,100,-0.04915720592529616,0.1,0.05,0.00015000000000000001,-0.04930720592529616
仅盈利,2026-03-25,100,0.007192602353076877,0.06,0.03,8.999999999999999e-05,0.007102602353076877
仅盈利,2026-04-01,100,0.0012738271507360698,0.18,0.09,0.00027,0.0010038271507360698
仅盈利,2026-04-09,100,0.026486380425680616,0.08,0.04,0.00012,0.026366380425680618
仅盈利,2026-04-16,100,-0.0002610281731726083,0.14,0.07,0.00021000000000000004,-0.0004710281731726084
仅盈利,2026-04-23,100,-0.012584178283111074,0.34,0.17,0.00051,-0.013094178283111074
仅盈利,2026-04-30,100,0.05323666094132883,1.1400000000000001,0.5700000000000001,0.0017100000000000001,0.05152666094132883
仅盈利,2026-05-12,100,-0.009860360692349244,0.08,0.04,0.00012,-0.009980360692349245
仅盈利,2026-05-19,100,-0.018298843457308207,0.06,0.03,8.999999999999999e-05,-0.018388843457308207
仅盈利,2026-05-26,100,-0.01987798158739047,0.02,0.01,3e-05,-0.019907981587390468
仅盈利,2026-06-02,100,-0.036835217644831365,0.06,0.03,8.999999999999999e-05,-0.036925217644831365
仅盈利,2026-06-09,100,0.021602169622682715,0.04,0.02,6e-05,0.021542169622682714
仅盈利,2026-06-16,100,-0.0006689878753788814,0.02,0.01,3e-05,-0.0006989878753788813
仅盈利,2026-06-24,100,0.00881546374530271,0.02,0.01,3e-05,0.008785463745302709
仅盈利,2026-07-01,100,-0.044682627459106186,0.04,0.02,6e-05,-0.044742627459106184
仅盈利,2026-07-08,100,-0.010537365273378358,0.06,0.03,8.999999999999999e-05,-0.010627365273378358
仅盈利,2026-07-15,100,-0.0698459517063824,0.08,0.04,0.00012,-0.0699659517063824
仅盈利,2026-07-22,100,0.008450377966429815,0.08,0.04,0.00012,0.008330377966429815
仅规模,2015-01-05,100,-0.033865992254646045,1.0,1.0,0.0015,-0.035365992254646046
仅规模,2015-01-12,100,-0.05231831018518594,0.04,0.02,6e-05,-0.05237831018518594
仅规模,2015-01-19,100,0.08276565015454213,0.06,0.03,8.999999999999999e-05,0.08267565015454212
仅规模,2015-01-26,100,-0.058672197168973365,0.08,0.04,0.00012,-0.05879219716897337
仅规模,2015-02-02,100,-0.02667594858165277,0.06,0.03,8.999999999999999e-05,-0.02676594858165277
仅规模,2015-02-09,100,0.06007108140216931,0.04,0.02,6e-05,0.06001108140216931
仅规模,2015-02-16,100,0.049215569335880345,0.1,0.05,0.00015000000000000001,0.04906556933588035
仅规模,2015-03-02,100,-0.005172003616447244,0.06,0.03,8.999999999999999e-05,-0.005262003616447243
仅规模,2015-03-09,100,0.04190708660614524,0.08,0.04,0.00012,0.04178708660614524
仅规模,2015-03-16,100,0.07714311771784384,0.06,0.03,8.999999999999999e-05,0.07705311771784383
仅规模,2015-03-23,100,0.04916227855232272,0.04,0.02,6e-05,0.04910227855232272
仅规模,2015-03-30,100,0.04313974734066685,0.12,0.06,0.00017999999999999998,0.04295974734066685
仅规模,2015-04-07,100,0.03965395814728323,0.06,0.03,8.999999999999999e-05,0.03956395814728323
仅规模,2015-04-14,100,0.06958451747866165,0.08,0.04,0.00012,0.06946451747866166
仅规模,2015-04-21,100,0.04376233971699283,0.12,0.06,0.00017999999999999998,0.04358233971699283
仅规模,2015-04-28,100,-0.048582876214252224,0.28,0.14,0.00042000000000000007,-0.04900287621425222
仅规模,2015-05-06,100,0.04487257750395583,0.22,0.11,0.00033,0.044542577503955835
仅规模,2015-05-13,100,0.011831135813665265,0.06,0.03,8.999999999999999e-05,0.011741135813665265
仅规模,2015-05-20,100,0.12231115703838503,0.06,0.03,8.999999999999999e-05,0.12222115703838503
仅规模,2015-05-27,100,0.0017542142768800072,0.1,0.05,0.00015000000000000001,0.0016042142768800073
仅规模,2015-06-03,100,0.03601400603502213,0.04,0.02,6e-05,0.035954006035022135
仅规模,2015-06-10,100,-0.028209026351459218,0.08,0.04,0.00012,-0.028329026351459216
仅规模,2015-06-17,100,-0.08039196262943595,0.1,0.05,0.00015000000000000001,-0.08054196262943594
仅规模,2015-06-25,100,-0.16157695212433637,0.08,0.04,0.00012,-0.16169695212433638
仅规模,2015-07-02,100,-0.09237973303287816,0.08,0.04,0.00012,-0.09249973303287816
仅规模,2015-07-09,100,0.07245594063898846,0.36,0.18,0.00054,0.07191594063898846
仅规模,2015-07-16,100,0.11669005525891273,0.32,0.16,0.00048,0.11621005525891273
仅规模,2015-07-23,100,-0.11077258936398277,0.16,0.08,0.00024,-0.11101258936398277
仅规模,2015-07-30,100,0.008717835441579827,0.12,0.06,0.00017999999999999998,0.008537835441579827
仅规模,2015-08-06,100,0.10173592445483363,0.06,0.03,8.999999999999999e-05,0.10164592445483363
仅规模,2015-08-13,100,-0.0944002463577764,0.14,0.07,0.00021000000000000004,-0.0946102463577764
仅规模,2015-08-20,100,-0.18696449853302,0.22,0.11,0.00033,-0.18729449853302
仅规模,2015-08-27,100,0.017366967016199254,0.22,0.11,0.00033,0.017036967016199254
仅规模,2015-09-07,100,-0.0014410611827858778,0.2,0.1,0.00030000000000000003,-0.001741061182785878
仅规模,2015-09-14,100,0.029227611784764625,0.06,0.03,8.999999999999999e-05,0.029137611784764626
仅规模,2015-09-21,100,-0.03541077167464033,0.06,0.03,8.999999999999999e-05,-0.03550077167464033
仅规模,2015-09-28,100,0.07216931915757673,0.04,0.02,6e-05,0.07210931915757672
仅规模,2015-10-12,100,0.027355592374283456,0.12,0.06,0.00017999999999999998,0.027175592374283457
仅规模,2015-10-19,100,0.011006874717240262,0.06,0.03,8.999999999999999e-05,0.010916874717240262
仅规模,2015-10-26,100,-0.044565514010954994,0.14,0.07,0.00021000000000000004,-0.044775514010954996
仅规模,2015-11-02,100,0.09535745788065614,0.14,0.07,0.00021000000000000004,0.09514745788065614
仅规模,2015-11-09,100,-0.009531267628625061,0.1,0.05,0.00015000000000000001,-0.009681267628625062
仅规模,2015-11-16,100,-0.0013716221470933764,0.04,0.02,6e-05,-0.0014316221470933763
仅规模,2015-11-23,100,-0.056684857932430124,0.06,0.03,8.999999999999999e-05,-0.056774857932430124
仅规模,2015-11-30,100,0.027627156199255074,0.08,0.04,0.00012,0.027507156199255076
仅规模,2015-12-07,100,-0.007777466051852105,0.04,0.02,6e-05,-0.007837466051852105
仅规模,2015-12-14,100,0.04264064025769663,0.06,0.03,8.999999999999999e-05,0.04255064025769663
仅规模,2015-12-21,100,-0.03582569619883219,0.1,0.05,0.00015000000000000001,-0.03597569619883219
仅规模,2015-12-28,100,-0.08240471719755002,0.04,0.02,6e-05,-0.08246471719755002
仅规模,2016-01-05,100,-0.07022341973919534,0.06,0.03,8.999999999999999e-05,-0.07031341973919535
仅规模,2016-01-12,100,-0.0053298804183607,0.04,0.02,6e-05,-0.0053898804183607
仅规模,2016-01-19,100,-0.09329701802500229,0.02,0.01,3e-05,-0.09332701802500229
仅规模,2016-01-26,100,0.0019018464208999009,0.06,0.03,8.999999999999999e-05,0.0018118464208999009
仅规模,2016-02-02,100,0.03483641193010177,0.04,0.02,6e-05,0.034776411930101774
仅规模,2016-02-16,100,0.027396598331480653,0.04,0.02,6e-05,0.027336598331480652
仅规模,2016-02-23,100,-0.04926908952712322,0.04,0.02,6e-05,-0.04932908952712322
仅规模,2016-03-01,100,0.06872518514545323,0.06,0.03,8.999999999999999e-05,0.06863518514545322
仅规模,2016-03-08,100,-0.020653222397733245,0.06,0.03,8.999999999999999e-05,-0.020743222397733244
仅规模,2016-03-15,100,0.044642595718139624,0.06,0.03,8.999999999999999e-05,0.044552595718139625
仅规模,2016-03-22,100,-0.034541322571233095,0.02,0.01,3e-05,-0.0345713225712331
仅规模,2016-03-29,100,0.04846004605854556,0.06,0.03,8.999999999999999e-05,0.04837004605854556
仅规模,2016-04-06,100,0.0017387108802710593,0.08,0.04,0.00012,0.0016187108802710592
仅规模,2016-04-13,100,-0.0413859077875125,0.06,0.03,8.999999999999999e-05,-0.0414759077875125
仅规模,2016-04-20,100,-0.007881999840248805,0.06,0.03,8.999999999999999e-05,-0.007971999840248805
仅规模,2016-04-27,100,0.01948627175069937,0.18,0.09,0.00027,0.01921627175069937
仅规模,2016-05-05,100,-0.04383652405069133,0.18,0.09,0.00027,-0.04410652405069133
仅规模,2016-05-12,100,-0.01740457292097566,0.04,0.02,6e-05,-0.01746457292097566
仅规模,2016-05-19,100,0.0005700517576156283,0.06,0.03,8.999999999999999e-05,0.00048005175761562833
仅规模,2016-05-26,100,0.03395066863559922,0.08,0.04,0.00012,0.03383066863559922
仅规模,2016-06-02,100,-0.035095785584879316,0.06,0.03,8.999999999999999e-05,-0.035185785584879316
仅规模,2016-06-13,100,0.019018999105198626,0.1,0.05,0.00015000000000000001,0.018868999105198625
仅规模,2016-06-20,100,-0.0017561796656861207,0.08,0.04,0.00012,-0.0018761796656861208
仅规模,2016-06-27,100,0.03660329738847971,0.06,0.03,8.999999999999999e-05,0.03651329738847971
仅规模,2016-07-04,100,0.012531482520497097,0.06,0.03,8.999999999999999e-05,0.012441482520497097
仅规模,2016-07-11,100,0.02230305792014244,0.06,0.03,8.999999999999999e-05,0.02221305792014244
仅规模,2016-07-18,100,-0.013840496973757811,0.06,0.03,8.999999999999999e-05,-0.013930496973757811
仅规模,2016-07-25,100,-0.010881488984574807,0.06,0.03,8.999999999999999e-05,-0.010971488984574807
仅规模,2016-08-01,100,0.023109742766395876,0.08,0.04,0.00012,0.022989742766395878
仅规模,2016-08-08,100,0.03333951977625189,0.12,0.06,0.00017999999999999998,0.03315951977625189
仅规模,2016-08-15,100,-0.012671239262847698,0.08,0.04,0.00012,-0.012791239262847698
仅规模,2016-08-22,100,-0.007452107437766271,0.1,0.05,0.00015000000000000001,-0.007602107437766271
仅规模,2016-08-29,100,-0.00520491426132056,0.16,0.08,0.00024,-0.00544491426132056
仅规模,2016-09-05,100,-0.01332054994962014,0.12,0.06,0.00017999999999999998,-0.01350054994962014
仅规模,2016-09-12,100,-0.002800400970849334,0.06,0.03,8.999999999999999e-05,-0.0028904009708493337
仅规模,2016-09-21,100,-0.0125066826089384,0.06,0.03,8.999999999999999e-05,-0.0125966826089384
仅规模,2016-09-28,100,0.02475551372832969,0.06,0.03,8.999999999999999e-05,0.02466551372832969
仅规模,2016-10-12,100,0.014296806333867523,0.06,0.03,8.999999999999999e-05,0.014206806333867523
仅规模,2016-10-19,100,0.011492832260157088,0.08,0.04,0.00012,0.011372832260157088
仅规模,2016-10-26,100,-0.012664934001061185,0.14,0.07,0.00021000000000000004,-0.012874934001061185
仅规模,2016-11-02,100,0.00892903462801257,0.14,0.07,0.00021000000000000004,0.00871903462801257
仅规模,2016-11-09,100,0.031384817073950445,0.08,0.04,0.00012,0.03126481707395044
仅规模,2016-11-16,100,0.00853021060841539,0.04,0.02,6e-05,0.008470210608415392
仅规模,2016-11-23,100,0.021176739724191308,0.1,0.05,0.00015000000000000001,0.021026739724191307
仅规模,2016-11-30,100,-0.017414621160723728,0.04,0.02,6e-05,-0.01747462116072373
仅规模,2016-12-07,100,-0.033502802134148336,0.04,0.02,6e-05,-0.033562802134148334
仅规模,2016-12-14,100,0.005106392241832362,0.08,0.04,0.00012,0.0049863922418323615
仅规模,2016-12-21,100,-0.011240486728174497,0.04,0.02,6e-05,-0.011300486728174497
仅规模,2016-12-28,100,0.02410280999085189,0.06,0.03,8.999999999999999e-05,0.02401280999085189
仅规模,2017-01-05,100,-0.01347796561965246,0.08,0.04,0.00012,-0.01359796561965246
仅规模,2017-01-12,100,0.0001999768584140471,0.06,0.03,8.999999999999999e-05,0.00010997685841404711
仅规模,2017-01-19,100,0.01768838259160472,0.04,0.02,6e-05,0.017628382591604718
仅规模,2017-01-26,100,0.008363023056538396,0.04,0.02,6e-05,0.008303023056538397
仅规模,2017-02-09,100,0.024338699975258712,0.02,0.01,3e-05,0.024308699975258714
仅规模,2017-02-16,100,0.009456721117924494,0.02,0.01,3e-05,0.009426721117924494
仅规模,2017-02-23,100,-0.010312188084268765,0.02,0.01,3e-05,-0.010342188084268766
仅规模,2017-03-02,100,-0.004326471525124479,0.06,0.03,8.999999999999999e-05,-0.0044164715251244786
仅规模,2017-03-09,100,0.016219192439551996,0.04,0.02,6e-05,0.016159192439551995
仅规模,2017-03-16,100,0.008960023089162543,0.08,0.04,0.00012,0.008840023089162543
仅规模,2017-03-23,100,-0.0077213884722129025,0.08,0.04,0.00012,-0.007841388472212902
仅规模,2017-03-30,100,0.02923406122022333,0.08,0.04,0.00012,0.029114061220223333
仅规模,2017-04-10,100,-0.0044383283676117016,0.14,0.07,0.00021000000000000004,-0.004648328367611702
仅规模,2017-04-17,100,-0.020725301837795414,0.08,0.04,0.00012,-0.020845301837795413
仅规模,2017-04-24,100,0.0020343886872585615,0.12,0.06,0.00017999999999999998,0.0018543886872585615
仅规模,2017-05-02,100,-0.024513655749739627,0.18,0.09,0.00027,-0.024783655749739626
仅规模,2017-05-09,100,0.018452526858203356,0.04,0.02,6e-05,0.018392526858203355
仅规模,2017-05-16,100,-0.004478257530324402,0.02,0.01,3e-05,-0.0045082575303244015
仅规模,2017-05-23,100,0.010297814192938563,0.04,0.02,6e-05,0.010237814192938564
仅规模,2017-06-01,100,0.027319029635542037,0.02,0.01,3e-05,0.02728902963554204
仅规模,2017-06-08,100,-0.0031981014603161308,0.08,0.04,0.00012,-0.0033181014603161306
仅规模,2017-06-15,100,0.010815052186326994,0.06,0.03,8.999999999999999e-05,0.010725052186326994
仅规模,2017-06-22,100,0.02484600418203404,0.04,0.02,6e-05,0.024786004182034038
仅规模,2017-06-29,100,0.0018936299088332842,0.02,0.01,3e-05,0.0018636299088332841
仅规模,2017-07-06,100,-0.0006993142929006146,0.04,0.02,6e-05,-0.0007593142929006147
仅规模,2017-07-13,100,0.017282748254257407,0.04,0.02,6e-05,0.017222748254257406
仅规模,2017-07-20,100,-0.0074850410141737685,0.08,0.04,0.00012,-0.007605041014173769
仅规模,2017-07-27,100,0.007908682896057092,0.06,0.03,8.999999999999999e-05,0.007818682896057092
仅规模,2017-08-03,100,0.0030548132314958255,0.08,0.04,0.00012,0.0029348132314958256
仅规模,2017-08-10,100,0.004258901500822513,0.06,0.03,8.999999999999999e-05,0.004168901500822513
仅规模,2017-08-17,100,-0.007539738763461585,0.08,0.04,0.00012,-0.007659738763461585
仅规模,2017-08-24,100,0.02115757930389173,0.12,0.06,0.00017999999999999998,0.02097757930389173
仅规模,2017-08-31,100,0.004602403081902299,0.22,0.11,0.00033,0.0042724030819022984
仅规模,2017-09-07,100,0.005492722468963737,0.12,0.06,0.00017999999999999998,0.005312722468963737
仅规模,2017-09-14,100,-0.0005186516032309374,0.08,0.04,0.00012,-0.0006386516032309374
仅规模,2017-09-21,100,-0.0034519701717033347,0.08,0.04,0.00012,-0.0035719701717033345
仅规模,2017-09-28,100,0.020259327218424373,0.06,0.03,8.999999999999999e-05,0.020169327218424373
仅规模,2017-10-12,100,0.0011079386449003837,0.06,0.03,8.999999999999999e-05,0.0010179386449003837
仅规模,2017-10-19,100,0.02788069102044827,0.06,0.03,8.999999999999999e-05,0.02779069102044827
仅规模,2017-10-26,100,-0.001257174530867984,0.06,0.03,8.999999999999999e-05,-0.001347174530867984
仅规模,2017-11-02,100,0.0290157765865045,0.12,0.06,0.00017999999999999998,0.0288357765865045
仅规模,2017-11-09,100,0.0005998306625133676,0.0,0.0,0.0,0.0005998306625133676
仅规模,2017-11-16,100,-0.018985843233231058,0.06,0.03,8.999999999999999e-05,-0.019075843233231058
仅规模,2017-11-23,100,-0.017672352279932295,0.08,0.04,0.00012,-0.017792352279932293
仅规模,2017-11-30,100,-0.009940057213560045,0.04,0.02,6e-05,-0.010000057213560044
仅规模,2017-12-07,100,0.01931919822259911,0.06,0.03,8.999999999999999e-05,0.01922919822259911
仅规模,2017-12-14,100,0.004816623430230731,0.06,0.03,8.999999999999999e-05,0.004726623430230731
仅规模,2017-12-21,100,-0.004004879693500423,0.04,0.02,6e-05,-0.004064879693500423
仅规模,2017-12-28,100,0.04324408027053089,0.08,0.04,0.00012,0.043124080270530885
仅规模,2018-01-05,100,0.00998841212401124,0.04,0.02,6e-05,0.009928412124011242
仅规模,2018-01-12,100,0.0009364241226222336,0.06,0.03,8.999999999999999e-05,0.0008464241226222336
仅规模,2018-01-19,100,0.02242454819769426,0.06,0.03,8.999999999999999e-05,0.02233454819769426
仅规模,2018-01-26,100,-0.031730600045429457,0.04,0.02,6e-05,-0.031790600045429454
仅规模,2018-02-02,100,-0.10518053648131814,0.1,0.05,0.00015000000000000001,-0.10533053648131814
仅规模,2018-02-09,100,0.06407334959757016,0.1,0.05,0.00015000000000000001,0.06392334959757016
仅规模,2018-02-23,100,0.0027425750948567016,0.06,0.03,8.999999999999999e-05,0.002652575094856702
仅规模,2018-03-02,100,0.022337600371907584,0.02,0.01,3e-05,0.022307600371907585
仅规模,2018-03-09,100,-0.014540636523235837,0.02,0.01,3e-05,-0.014570636523235838
仅规模,2018-03-16,100,-0.04682906077613455,0.02,0.01,3e-05,-0.04685906077613455
仅规模,2018-03-23,100,0.008193141252425415,0.06,0.03,8.999999999999999e-05,0.008103141252425415
仅规模,2018-03-30,100,0.0027977984088936427,0.06,0.03,8.999999999999999e-05,0.002707798408893643
仅规模,2018-04-10,100,-0.03941038303758676,0.04,0.02,6e-05,-0.03947038303758676
仅规模,2018-04-17,100,0.020763827188859905,0.06,0.03,8.999999999999999e-05,0.020673827188859906
仅规模,2018-04-24,100,-0.004830487331923292,0.12,0.06,0.00017999999999999998,-0.005010487331923292
仅规模,2018-05-03,100,0.029675059825896185,0.2,0.1,0.00030000000000000003,0.029375059825896183
仅规模,2018-05-10,100,0.0009050966502715141,0.04,0.02,6e-05,0.0008450966502715141
仅规模,2018-05-17,100,-0.0013991884349371909,0.04,0.02,6e-05,-0.0014591884349371908
仅规模,2018-05-24,100,-0.008542881248645676,0.04,0.02,6e-05,-0.008602881248645675
仅规模,2018-05-31,100,0.00114030686402122,0.08,0.04,0.00012,0.00102030686402122
仅规模,2018-06-07,100,-0.018089817081494375,0.06,0.03,8.999999999999999e-05,-0.018179817081494375
仅规模,2018-06-14,100,-0.053855655733709436,0.08,0.04,0.00012,-0.05397565573370944
仅规模,2018-06-22,100,-0.009473163673422515,0.1,0.05,0.00015000000000000001,-0.009623163673422516
仅规模,2018-06-29,100,-0.04662929503265234,0.04,0.02,6e-05,-0.04668929503265234
仅规模,2018-07-06,100,0.047790877002787745,0.02,0.01,3e-05,0.04776087700278774
仅规模,2018-07-13,100,0.0021925942074056716,0.04,0.02,6e-05,0.0021325942074056714
仅规模,2018-07-20,100,0.015587816007244055,0.02,0.01,3e-05,0.015557816007244055
仅规模,2018-07-27,100,-0.054432036566284855,0.04,0.02,6e-05,-0.05449203656628485
仅规模,2018-08-03,100,0.02643570286581497,0.02,0.01,3e-05,0.02640570286581497
仅规模,2018-08-10,100,-0.04934742507837439,0.04,0.02,6e-05,-0.04940742507837439
仅规模,2018-08-17,100,0.01666005044416076,0.12,0.06,0.00017999999999999998,0.01648005044416076
仅规模,2018-08-24,100,0.009739101785093414,0.14,0.07,0.00021000000000000004,0.009529101785093414
仅规模,2018-08-31,100,-0.01574348398416521,0.14,0.07,0.00021000000000000004,-0.01595348398416521
仅规模,2018-09-07,100,-0.01024322090485295,0.02,0.01,3e-05,-0.01027322090485295
仅规模,2018-09-14,100,0.04242272368068316,0.02,0.01,3e-05,0.042392723680683156
仅规模,2018-09-21,100,-0.033149033169235655,0.04,0.02,6e-05,-0.03320903316923565
仅规模,2018-10-08,100,-0.05745662112333484,0.0,0.0,0.0,-0.05745662112333484
仅规模,2018-10-15,100,0.0283201846462706,0.0,0.0,0.0,0.0283201846462706
仅规模,2018-10-22,100,-0.060719490261797064,0.04,0.02,6e-05,-0.06077949026179706
仅规模,2018-10-29,100,0.06176858073060054,0.1,0.05,0.00015000000000000001,0.061618580730600545
仅规模,2018-11-05,100,-0.0038532820476515485,0.14,0.07,0.00021000000000000004,-0.004063282047651548
仅规模,2018-11-12,100,0.023286844461991595,0.06,0.03,8.999999999999999e-05,0.023196844461991595
仅规模,2018-11-19,100,-0.0522279845709423,0.02,0.01,3e-05,-0.0522579845709423
仅规模,2018-11-26,100,0.0442689919500338,0.06,0.03,8.999999999999999e-05,0.0441789919500338
仅规模,2018-12-03,100,-0.02682020689843551,0.02,0.01,3e-05,-0.026850206898435508
仅规模,2018-12-10,100,0.005251399684625094,0.02,0.01,3e-05,0.005221399684625094
仅规模,2018-12-17,100,-0.021858867688801256,0.02,0.01,3e-05,-0.021888867688801255
仅规模,2018-12-24,100,-0.02280876059181602,0.02,0.01,3e-05,-0.02283876059181602
仅规模,2019-01-02,100,0.026214610411943597,0.02,0.01,3e-05,0.026184610411943598
仅规模,2019-01-09,100,0.012878634473574442,0.02,0.01,3e-05,0.012848634473574441
仅规模,2019-01-16,100,0.002541845741678679,0.02,0.01,3e-05,0.002511845741678679
仅规模,2019-01-23,100,-0.0010247993892219232,0.02,0.01,3e-05,-0.0010547993892219233
仅规模,2019-01-30,100,0.07816033001417204,0.02,0.01,3e-05,0.07813033001417204
仅规模,2019-02-13,100,0.029994364578465504,0.0,0.0,0.0,0.029994364578465504
仅规模,2019-02-20,100,0.047007029333368616,0.04,0.02,6e-05,0.04694702933336862
仅规模,2019-02-27,100,0.05661475736001085,0.06,0.03,8.999999999999999e-05,0.05652475736001085
仅规模,2019-03-06,100,-0.025418950565267825,0.02,0.01,3e-05,-0.025448950565267824
仅规模,2019-03-13,100,0.02577900661933511,0.06,0.03,8.999999999999999e-05,0.02568900661933511
仅规模,2019-03-20,100,-0.021789642700343316,0.02,0.01,3e-05,-0.021819642700343315
仅规模,2019-03-27,100,0.07702875053758192,0.02,0.01,3e-05,0.07699875053758191
仅规模,2019-04-03,100,-0.011430286972716313,0.12,0.06,0.00017999999999999998,-0.011610286972716313
仅规模,2019-04-11,100,0.01464655416139621,0.04,0.02,6e-05,0.01458655416139621
仅规模,2019-04-18,100,-0.04221472330126546,0.08,0.04,0.00012,-0.04233472330126546
仅规模,2019-04-25,100,-0.07163808879235996,0.14,0.07,0.00021000000000000004,-0.07184808879235996
仅规模,2019-05-07,100,-0.019775738446760484,0.2,0.1,0.00030000000000000003,-0.020075738446760485
仅规模,2019-05-14,100,0.00739047341317088,0.04,0.02,6e-05,0.00733047341317088
仅规模,2019-05-21,100,0.0013890309017844926,0.04,0.02,6e-05,0.0013290309017844927
仅规模,2019-05-28,100,-0.0187285754775406,0.06,0.03,8.999999999999999e-05,-0.0188185754775406
仅规模,2019-06-04,100,0.02131342623872645,0.04,0.02,6e-05,0.02125342623872645
仅规模,2019-06-12,100,-0.0018923980328701727,0.04,0.02,6e-05,-0.0019523980328701727
仅规模,2019-06-19,100,0.019870758465640348,0.04,0.02,6e-05,0.019810758465640347
仅规模,2019-06-26,100,0.025122103121167038,0.04,0.02,6e-05,0.025062103121167037
仅规模,2019-07-03,100,-0.03159341336177576,0.04,0.02,6e-05,-0.03165341336177576
仅规模,2019-07-10,100,0.014346296455599393,0.04,0.02,6e-05,0.014286296455599394
仅规模,2019-07-17,100,0.0024209797741270777,0.02,0.01,3e-05,0.0023909797741270777
仅规模,2019-07-24,100,0.005282415764748789,0.02,0.01,3e-05,0.005252415764748789
仅规模,2019-07-31,100,-0.05596133070224446,0.06,0.03,8.999999999999999e-05,-0.05605133070224446
仅规模,2019-08-07,100,0.012134103069572542,0.04,0.02,6e-05,0.012074103069572543
仅规模,2019-08-14,100,0.03064472749652015,0.06,0.03,8.999999999999999e-05,0.03055472749652015
仅规模,2019-08-21,100,0.009345889185192193,0.08,0.04,0.00012,0.009225889185192192
仅规模,2019-08-28,100,0.023224743089166756,0.12,0.06,0.00017999999999999998,0.023044743089166757
仅规模,2019-09-04,100,0.016787324047898046,0.16,0.08,0.00024,0.016547324047898045
仅规模,2019-09-11,100,-0.004470853809423418,0.02,0.01,3e-05,-0.004500853809423418
仅规模,2019-09-19,100,-0.03460138268100746,0.02,0.01,3e-05,-0.03463138268100746
仅规模,2019-09-26,100,0.013516003045810566,0.02,0.01,3e-05,0.013486003045810565
仅规模,2019-10-10,100,0.005735820554398917,0.02,0.01,3e-05,0.005705820554398918
仅规模,2019-10-17,100,-0.013835328629800183,0.02,0.01,3e-05,-0.013865328629800184
仅规模,2019-10-24,100,0.006006678945868702,0.08,0.04,0.00012,0.005886678945868701
仅规模,2019-10-31,100,0.023883712216981486,0.06,0.03,8.999999999999999e-05,0.023793712216981486
仅规模,2019-11-07,100,-0.02332166862375977,0.02,0.01,3e-05,-0.02335166862375977
仅规模,2019-11-14,100,0.0002581193471009746,0.02,0.01,3e-05,0.0002281193471009746
仅规模,2019-11-21,100,0.0015409697109010235,0.02,0.01,3e-05,0.0015109697109010234
仅规模,2019-11-28,100,0.010820270343462229,0.02,0.01,3e-05,0.010790270343462229
仅规模,2019-12-05,100,0.00662100473919884,0.0,0.0,0.0,0.00662100473919884
仅规模,2019-12-12,100,0.03315430363237966,0.02,0.01,3e-05,0.033124303632379656
仅规模,2019-12-19,100,0.0008036979443830094,0.04,0.02,6e-05,0.0007436979443830094
仅规模,2019-12-26,100,0.033971352306247586,0.0,0.0,0.0,0.033971352306247586
仅规模,2020-01-03,100,0.006471708450704662,0.04,0.02,6e-05,0.006411708450704661
仅规模,2020-01-10,100,-0.003348641909920593,0.06,0.03,8.999999999999999e-05,-0.003438641909920593
仅规模,2020-01-17,100,-0.10907526928736776,0.02,0.01,3e-05,-0.10910526928736776
仅规模,2020-02-03,100,0.08230748998478397,0.0,0.0,0.0,0.08230748998478397
仅规模,2020-02-10,100,0.044099114465249264,0.02,0.01,3e-05,0.04406911446524926
仅规模,2020-02-17,100,0.017677023457009024,0.04,0.02,6e-05,0.017617023457009023
仅规模,2020-02-24,100,-0.0053387402110301975,0.02,0.01,3e-05,-0.005368740211030197
仅规模,2020-03-02,100,-0.0210474322517631,0.02,0.01,3e-05,-0.0210774322517631
仅规模,2020-03-09,100,-0.06947222220812964,0.02,0.01,3e-05,-0.06950222220812964
仅规模,2020-03-16,100,-0.047346151134130994,0.04,0.02,6e-05,-0.04740615113413099
仅规模,2020-03-23,100,0.03286867633012399,0.04,0.02,6e-05,0.03280867633012399
仅规模,2020-03-30,100,0.04072302648033375,0.06,0.03,8.999999999999999e-05,0.04063302648033375
仅规模,2020-04-07,100,0.0007617485851356043,0.02,0.01,3e-05,0.0007317485851356043
仅规模,2020-04-14,100,0.000614856199926761,0.04,0.02,6e-05,0.000554856199926761
仅规模,2020-04-21,100,-0.008952061104511006,0.06,0.03,8.999999999999999e-05,-0.009042061104511006
仅规模,2020-04-28,100,0.036979456760494786,0.16,0.08,0.00024,0.03673945676049479
仅规模,2020-05-08,100,-0.014878978302938453,0.18,0.09,0.00027,-0.015148978302938453
仅规模,2020-05-15,100,-0.025931220462585745,0.02,0.01,3e-05,-0.025961220462585744
仅规模,2020-05-22,100,0.004864916336510962,0.0,0.0,0.0,0.004864916336510962
仅规模,2020-05-29,100,0.03555617948686225,0.04,0.02,6e-05,0.035496179486862255
仅规模,2020-06-05,100,0.004024126366591595,0.04,0.02,6e-05,0.003964126366591595
仅规模,2020-06-12,100,0.028836597444845093,0.02,0.01,3e-05,0.028806597444845095
仅规模,2020-06-19,100,0.01150290083046123,0.0,0.0,0.0,0.01150290083046123
仅规模,2020-06-30,100,0.11232234491823617,0.02,0.01,3e-05,0.11229234491823617
仅规模,2020-07-07,100,0.03652661944755086,0.02,0.01,3e-05,0.03649661944755086
仅规模,2020-07-14,100,-0.012102659947469854,0.02,0.01,3e-05,-0.012132659947469855
仅规模,2020-07-21,100,-0.025177728861250012,0.02,0.01,3e-05,-0.02520772886125001
仅规模,2020-07-28,100,0.05254775302493235,0.04,0.02,6e-05,0.05248775302493235
仅规模,2020-08-04,100,-0.01743839828024892,0.04,0.02,6e-05,-0.01749839828024892
仅规模,2020-08-11,100,0.02333304289665554,0.02,0.01,3e-05,0.02330304289665554
仅规模,2020-08-18,100,-0.007676911188496498,0.02,0.01,3e-05,-0.007706911188496497
仅规模,2020-08-25,100,0.013214842094604938,0.2,0.1,0.00030000000000000003,0.012914842094604938
仅规模,2020-09-01,100,-0.03088763829032107,0.18,0.09,0.00027,-0.03115763829032107
仅规模,2020-09-08,100,-0.008118866908936338,0.0,0.0,0.0,-0.008118866908936338
仅规模,2020-09-15,100,-0.01084415855253826,0.0,0.0,0.0,-0.01084415855253826
仅规模,2020-09-22,100,-0.014382995446377023,0.0,0.0,0.0,-0.014382995446377023
仅规模,2020-09-29,100,0.044881732469754604,0.0,0.0,0.0,0.044881732469754604
仅规模,2020-10-14,100,-0.012274975856673382,0.0,0.0,0.0,-0.012274975856673382
仅规模,2020-10-21,100,-0.0010313239435800537,0.02,0.01,3e-05,-0.0010613239435800538
仅规模,2020-10-28,100,0.016058504777458633,0.12,0.06,0.00017999999999999998,0.015878504777458634
仅规模,2020-11-04,100,0.027386010653890257,0.12,0.06,0.00017999999999999998,0.027206010653890257
仅规模,2020-11-11,100,0.0011933581397052685,0.04,0.02,6e-05,0.0011333581397052685
仅规模,2020-11-18,100,0.00799033815169544,0.02,0.01,3e-05,0.00796033815169544
仅规模,2020-11-25,100,0.02149785033879608,0.0,0.0,0.0,0.02149785033879608
仅规模,2020-12-02,100,-0.028168169297369393,0.02,0.01,3e-05,-0.02819816929736939
仅规模,2020-12-09,100,-0.0006009466730441592,0.02,0.01,3e-05,-0.0006309466730441592
仅规模,2020-12-16,100,0.013642123197415637,0.02,0.01,3e-05,0.013612123197415636
仅规模,2020-12-23,100,0.009827321242582338,0.02,0.01,3e-05,0.009797321242582337
仅规模,2020-12-30,100,0.0802454999961144,0.02,0.01,3e-05,0.0802154999961144
仅规模,2021-01-07,100,0.0149795208216789,0.02,0.01,3e-05,0.0149495208216789
仅规模,2021-01-14,100,0.009356710746883747,0.04,0.02,6e-05,0.009296710746883747
仅规模,2021-01-21,100,-0.03950964929394156,0.08,0.04,0.00012,-0.03962964929394156
仅规模,2021-01-28,100,0.0017671468667261937,0.02,0.01,3e-05,0.0017371468667261936
仅规模,2021-02-04,100,0.05841600053075986,0.04,0.02,6e-05,0.058356000530759865
仅规模,2021-02-18,100,-0.016267494046427543,0.04,0.02,6e-05,-0.016327494046427544
仅规模,2021-02-25,100,-0.033762296149931634,0.0,0.0,0.0,-0.033762296149931634
仅规模,2021-03-04,100,-0.028832510681117363,0.04,0.02,6e-05,-0.028892510681117364
仅规模,2021-03-11,100,0.007623467923459688,0.02,0.01,3e-05,0.0075934679234596885
仅规模,2021-03-18,100,-0.041772895771305885,0.04,0.02,6e-05,-0.04183289577130588
仅规模,2021-03-25,100,0.03893294096168451,0.06,0.03,8.999999999999999e-05,0.03884294096168451
仅规模,2021-04-01,100,-0.010839362017549642,0.08,0.04,0.00012,-0.010959362017549643
仅规模,2021-04-09,100,-0.009543034924473913,0.04,0.02,6e-05,-0.009603034924473912
仅规模,2021-04-16,100,0.014153930280993742,0.04,0.02,6e-05,0.014093930280993743
仅规模,2021-04-23,100,-0.003300852619684215,0.08,0.04,0.00012,-0.003420852619684215
仅规模,2021-04-30,100,-0.00490040607510865,0.16,0.08,0.00024,-0.0051404060751086495
仅规模,2021-05-12,100,0.01256056285629329,0.0,0.0,0.0,0.01256056285629329
仅规模,2021-05-19,100,0.014047647570204658,0.0,0.0,0.0,0.014047647570204658
仅规模,2021-05-26,100,0.0031595518410892686,0.0,0.0,0.0,0.0031595518410892686
仅规模,2021-06-02,100,-0.011582829981850378,0.0,0.0,0.0,-0.011582829981850378
仅规模,2021-06-09,100,-0.02066052308177545,0.0,0.0,0.0,-0.02066052308177545
仅规模,2021-06-17,100,0.02222345368263854,0.0,0.0,0.0,0.02222345368263854
仅规模,2021-06-24,100,0.011043507059022748,0.0,0.0,0.0,0.011043507059022748
仅规模,2021-07-01,100,-0.019335494629304367,0.02,0.01,3e-05,-0.019365494629304366
仅规模,2021-07-08,100,0.009386522347672953,0.02,0.01,3e-05,0.009356522347672952
仅规模,2021-07-15,100,-0.0005838383895237754,0.02,0.01,3e-05,-0.0006138383895237753
仅规模,2021-07-22,100,-0.05074923073403266,0.02,0.01,3e-05,-0.05077923073403266
仅规模,2021-07-29,100,0.034579124524919604,0.04,0.02,6e-05,0.034519124524919606
仅规模,2021-08-05,100,0.0165319831694419,0.04,0.02,6e-05,0.0164719831694419
仅规模,2021-08-12,100,-0.01707435058081536,0.04,0.02,6e-05,-0.01713435058081536
仅规模,2021-08-19,100,0.005524500659904868,0.08,0.04,0.00012,0.005404500659904867
仅规模,2021-08-26,100,0.042278370617471014,0.18,0.09,0.00027,0.042008370617471015
仅规模,2021-09-02,100,0.04388858113961395,0.14,0.07,0.00021000000000000004,0.043678581139613946
仅规模,2021-09-09,100,-0.03507837587916323,0.02,0.01,3e-05,-0.03510837587916323
仅规模,2021-09-16,100,0.0031662541781188646,0.04,0.02,6e-05,0.0031062541781188644
仅规模,2021-09-27,100,-0.0006692008517609082,0.04,0.02,6e-05,-0.0007292008517609083
仅规模,2021-10-11,100,-0.01211349931355325,0.04,0.02,6e-05,-0.01217349931355325
仅规模,2021-10-18,100,0.006283566057653776,0.04,0.02,6e-05,0.006223566057653776
仅规模,2021-10-25,100,-0.024278053959993412,0.02,0.01,3e-05,-0.02430805395999341
仅规模,2021-11-01,100,-0.017615754990813044,0.1,0.05,0.00015000000000000001,-0.017765754990813044
仅规模,2021-11-08,100,0.013583842153888309,0.04,0.02,6e-05,0.01352384215388831
仅规模,2021-11-15,100,0.009445524238901996,0.04,0.02,6e-05,0.009385524238901996
仅规模,2021-11-22,100,-0.017379876513929457,0.02,0.01,3e-05,-0.017409876513929456
仅规模,2021-11-29,100,0.021375548783992223,0.06,0.03,8.999999999999999e-05,0.021285548783992223
仅规模,2021-12-06,100,0.03606101204651074,0.0,0.0,0.0,0.03606101204651074
仅规模,2021-12-13,100,-0.026250927293585705,0.02,0.01,3e-05,-0.026280927293585703
仅规模,2021-12-20,100,0.02215015006006923,0.02,0.01,3e-05,0.022120150060069232
仅规模,2021-12-27,100,0.006268197283208226,0.02,0.01,3e-05,0.006238197283208226
仅规模,2022-01-04,100,-0.010997050782325293,0.02,0.01,3e-05,-0.011027050782325293
仅规模,2022-01-11,100,-0.002788293566309221,0.02,0.01,3e-05,-0.0028182935663092212
仅规模,2022-01-18,100,-0.04405307944717319,0.0,0.0,0.0,-0.04405307944717319
仅规模,2022-01-25,100,0.01131042332861408,0.02,0.01,3e-05,0.01128042332861408
仅规模,2022-02-08,100,-0.0078473735418116,0.04,0.02,6e-05,-0.0079073735418116
仅规模,2022-02-15,100,0.0022781777735042786,0.02,0.01,3e-05,0.0022481777735042785
仅规模,2022-02-22,100,0.0021065472810516093,0.02,0.01,3e-05,0.0020765472810516093
仅规模,2022-03-01,100,-0.05990193032149462,0.02,0.01,3e-05,-0.059931930321494624
仅规模,2022-03-08,100,-0.0778200158587319,0.0,0.0,0.0,-0.0778200158587319
仅规模,2022-03-15,100,0.07306404650895688,0.0,0.0,0.0,0.07306404650895688
仅规模,2022-03-22,100,-0.01806620208981692,0.02,0.01,3e-05,-0.01809620208981692
仅规模,2022-03-29,100,0.014247120199637782,0.02,0.01,3e-05,0.014217120199637782
仅规模,2022-04-07,100,0.0035147990565822605,0.04,0.02,6e-05,0.0034547990565822603
仅规模,2022-04-14,100,-0.05306237727674938,0.02,0.01,3e-05,-0.05309237727674938
仅规模,2022-04-21,100,-0.013844586034877357,0.04,0.02,6e-05,-0.013904586034877356
仅规模,2022-04-28,100,0.010853710933539032,0.12,0.06,0.00017999999999999998,0.010673710933539032
仅规模,2022-05-10,100,0.013446693458258174,0.2,0.1,0.00030000000000000003,0.013146693458258174
仅规模,2022-05-17,100,-0.013718432214855476,0.02,0.01,3e-05,-0.013748432214855477
仅规模,2022-05-24,100,0.04060084271395963,0.02,0.01,3e-05,0.04057084271395963
仅规模,2022-05-31,100,0.0164661846870576,0.04,0.02,6e-05,0.0164061846870576
仅规模,2022-06-08,100,0.013498162403225154,0.0,0.0,0.0,0.013498162403225154
仅规模,2022-06-15,100,-0.009368965520065317,0.02,0.01,3e-05,-0.009398965520065318
仅规模,2022-06-22,100,0.02918664647755392,0.02,0.01,3e-05,0.02915664647755392
仅规模,2022-06-29,100,0.003567797524600368,0.02,0.01,3e-05,0.003537797524600368
仅规模,2022-07-06,100,-0.004504141329479005,0.02,0.01,3e-05,-0.004534141329479005
仅规模,2022-07-13,100,-0.0020208660188433215,0.04,0.02,6e-05,-0.0020808660188433217
仅规模,2022-07-20,100,-0.01597700739173499,0.04,0.02,6e-05,-0.01603700739173499
仅规模,2022-07-27,100,-0.0433259594709647,0.02,0.01,3e-05,-0.043355959470964704
仅规模,2022-08-03,100,0.020317133411339405,0.02,0.01,3e-05,0.020287133411339406
仅规模,2022-08-10,100,0.02830416287096371,0.04,0.02,6e-05,0.02824416287096371
仅规模,2022-08-17,100,-0.021538671132116907,0.04,0.02,6e-05,-0.021598671132116908
仅规模,2022-08-24,100,-0.002918677851728896,0.12,0.06,0.00017999999999999998,-0.003098677851728896
仅规模,2022-08-31,100,0.01390119484389722,0.12,0.06,0.00017999999999999998,0.01372119484389722
仅规模,2022-09-07,100,-0.007777391029911331,0.02,0.01,3e-05,-0.007807391029911331
仅规模,2022-09-15,100,-0.045852405083657344,0.02,0.01,3e-05,-0.045882405083657346
仅规模,2022-09-22,100,-0.0248301619873497,0.0,0.0,0.0,-0.0248301619873497
仅规模,2022-09-29,100,0.002861028278697133,0.02,0.01,3e-05,0.002831028278697133
仅规模,2022-10-13,100,0.0028118160817580153,0.0,0.0,0.0,0.0028118160817580153
仅规模,2022-10-20,100,-0.015473355258002872,0.02,0.01,3e-05,-0.015503355258002872
仅规模,2022-10-27,100,-0.008432629089858925,0.08,0.04,0.00012,-0.008552629089858925
仅规模,2022-11-03,100,0.012117027886033093,0.1,0.05,0.00015000000000000001,0.011967027886033092
仅规模,2022-11-10,100,0.03379827748823719,0.02,0.01,3e-05,0.033768277488237186
仅规模,2022-11-17,100,-0.0024427740107488094,0.02,0.01,3e-05,-0.0024727740107488095
仅规模,2022-11-24,100,0.035118626707018076,0.02,0.01,3e-05,0.035088626707018074
仅规模,2022-12-01,100,0.011835277207014383,0.02,0.01,3e-05,0.011805277207014383
仅规模,2022-12-08,100,-0.01410316833987344,0.02,0.01,3e-05,-0.01413316833987344
仅规模,2022-12-15,100,-0.03503143854908827,0.02,0.01,3e-05,-0.035061438549088275
仅规模,2022-12-22,100,0.000978541722254569,0.02,0.01,3e-05,0.000948541722254569
仅规模,2022-12-29,100,0.031193772682681038,0.02,0.01,3e-05,0.03116377268268104
仅规模,2023-01-06,100,0.011001758919463927,0.02,0.01,3e-05,0.010971758919463927
仅规模,2023-01-13,100,0.027936251998590966,0.04,0.02,6e-05,0.027876251998590965
仅规模,2023-01-20,100,0.0023884177802918093,0.02,0.01,3e-05,0.0023584177802918093
仅规模,2023-02-03,100,-0.0008825809110107629,0.02,0.01,3e-05,-0.0009125809110107629
仅规模,2023-02-10,100,-0.004442527035895923,0.04,0.02,6e-05,-0.0045025270358959235
仅规模,2023-02-17,100,0.020777803986001545,0.04,0.02,6e-05,0.020717803986001544
仅规模,2023-02-24,100,0.030749749771440404,0.02,0.01,3e-05,0.030719749771440406
仅规模,2023-03-03,100,-0.04105562542734585,0.04,0.02,6e-05,-0.04111562542734585
仅规模,2023-03-10,100,0.017369365716056764,0.02,0.01,3e-05,0.017339365716056765
仅规模,2023-03-17,100,0.011651568150144896,0.02,0.01,3e-05,0.011621568150144895
仅规模,2023-03-24,100,0.001977110018945809,0.02,0.01,3e-05,0.001947110018945809
仅规模,2023-03-31,100,0.0233964339547388,0.04,0.02,6e-05,0.0233364339547388
仅规模,2023-04-10,100,0.015229231774096788,0.02,0.01,3e-05,0.015199231774096787
仅规模,2023-04-17,100,-0.034043184145768686,0.02,0.01,3e-05,-0.03407318414576869
仅规模,2023-04-24,100,0.005711621584577762,0.06,0.03,8.999999999999999e-05,0.005621621584577762
仅规模,2023-05-04,100,-0.012736851146684889,0.1,0.05,0.00015000000000000001,-0.01288685114668489
仅规模,2023-05-11,100,-0.015268650962139096,0.0,0.0,0.0,-0.015268650962139096
仅规模,2023-05-18,100,-0.02742487486174426,0.04,0.02,6e-05,-0.027484874861744262
仅规模,2023-05-25,100,0.00817603093410506,0.02,0.01,3e-05,0.00814603093410506
仅规模,2023-06-01,100,0.004215037710602394,0.02,0.01,3e-05,0.004185037710602395
仅规模,2023-06-08,100,0.02096897820955286,0.0,0.0,0.0,0.02096897820955286
仅规模,2023-06-15,100,-0.024997233342828308,0.0,0.0,0.0,-0.024997233342828308
仅规模,2023-06-26,100,0.027161201788677324,0.04,0.02,6e-05,0.027101201788677323
仅规模,2023-07-03,100,-0.007216911557186856,0.04,0.02,6e-05,-0.007276911557186856
仅规模,2023-07-10,100,0.01234738359735895,0.04,0.02,6e-05,0.012287383597358951
仅规模,2023-07-17,100,-0.012342427020777778,0.02,0.01,3e-05,-0.012372427020777779
仅规模,2023-07-24,100,0.044933696066668055,0.02,0.01,3e-05,0.04490369606666805
仅规模,2023-07-31,100,-0.007760090241256777,0.02,0.01,3e-05,-0.007790090241256776
仅规模,2023-08-07,100,-0.027669883295992626,0.02,0.01,3e-05,-0.027699883295992624
仅规模,2023-08-14,100,-0.03107175579965174,0.02,0.01,3e-05,-0.03110175579965174
仅规模,2023-08-21,100,0.0008534981210354775,0.04,0.02,6e-05,0.0007934981210354774
仅规模,2023-08-28,100,0.026317605528407815,0.06,0.03,8.999999999999999e-05,0.026227605528407815
仅规模,2023-09-04,100,-0.017143641628461655,0.1,0.05,0.00015000000000000001,-0.017293641628461656
仅规模,2023-09-11,100,-0.009372770368385179,0.02,0.01,3e-05,-0.00940277036838518
仅规模,2023-09-18,100,-0.003642616627998466,0.02,0.01,3e-05,-0.0036726166279984662
仅规模,2023-09-25,100,-0.016979248307727613,0.0,0.0,0.0,-0.016979248307727613
仅规模,2023-10-10,100,-0.004297460286119559,0.04,0.02,6e-05,-0.004357460286119559
仅规模,2023-10-17,100,-0.050220329577516584,0.0,0.0,0.0,-0.050220329577516584
仅规模,2023-10-24,100,0.028144546535214574,0.02,0.01,3e-05,0.028114546535214575
仅规模,2023-10-31,100,0.004476618461751426,0.02,0.01,3e-05,0.004446618461751426
仅规模,2023-11-07,100,-0.003112255301667047,0.0,0.0,0.0,-0.003112255301667047
仅规模,2023-11-14,100,0.0014965790366776321,0.02,0.01,3e-05,0.001466579036677632
仅规模,2023-11-21,100,-0.01048643266571747,0.0,0.0,0.0,-0.01048643266571747
仅规模,2023-11-28,100,-0.032410278829091685,0.0,0.0,0.0,-0.032410278829091685
仅规模,2023-12-05,100,0.01278845625601676,0.02,0.01,3e-05,0.01275845625601676
仅规模,2023-12-12,100,-0.027718036339525326,0.0,0.0,0.0,-0.027718036339525326
仅规模,2023-12-19,100,0.0009764120475613413,0.0,0.0,0.0,0.0009764120475613413
仅规模,2023-12-26,100,0.026197453812091806,0.0,0.0,0.0,0.026197453812091806
仅规模,2024-01-03,100,-0.026477298876761996,0.0,0.0,0.0,-0.026477298876761996
仅规模,2024-01-10,100,-0.013076598157783456,0.0,0.0,0.0,-0.013076598157783456
仅规模,2024-01-17,100,0.010675137320799898,0.0,0.0,0.0,0.010675137320799898
仅规模,2024-01-24,100,-0.0014363789323232755,0.02,0.01,3e-05,-0.0014663789323232756
仅规模,2024-01-31,100,0.04127151668656166,0.0,0.0,0.0,0.04127151668656166
仅规模,2024-02-07,100,0.04192430304207811,0.02,0.01,3e-05,0.041894303042078106
仅规模,2024-02-22,100,0.007748093220442776,0.02,0.01,3e-05,0.0077180932204427765
仅规模,2024-02-29,100,0.011051427464985903,0.0,0.0,0.0,0.011051427464985903
仅规模,2024-03-07,100,0.0018770707304314694,0.02,0.01,3e-05,0.0018470707304314694
仅规模,2024-03-14,100,0.006587832314478943,0.0,0.0,0.0,0.006587832314478943
仅规模,2024-03-21,100,-0.010853547917181206,0.02,0.01,3e-05,-0.010883547917181206
仅规模,2024-03-28,100,0.01646862777825568,0.04,0.02,6e-05,0.01640862777825568
仅规模,2024-04-08,100,0.006136590858362106,0.04,0.02,6e-05,0.006076590858362106
仅规模,2024-04-15,100,-0.00327796148190709,0.0,0.0,0.0,-0.00327796148190709
仅规模,2024-04-22,100,0.013730629403742567,0.04,0.02,6e-05,0.013670629403742567
仅规模,2024-04-29,100,0.013528707261167602,0.16,0.08,0.00024,0.013288707261167602
仅规模,2024-05-09,100,0.0008559430417379422,0.18,0.09,0.00027,0.0005859430417379421
仅规模,2024-05-16,100,-0.0027823576441538623,0.0,0.0,0.0,-0.0027823576441538623
仅规模,2024-05-23,100,-0.006670377182893705,0.02,0.01,3e-05,-0.006700377182893705
仅规模,2024-05-30,100,0.0009537549227705344,0.0,0.0,0.0,0.0009537549227705344
仅规模,2024-06-06,100,-0.01292310516436383,0.02,0.01,3e-05,-0.012953105164363831
仅规模,2024-06-14,100,-0.009404528695401641,0.02,0.01,3e-05,-0.009434528695401642
仅规模,2024-06-21,100,-0.0020089372527017134,0.0,0.0,0.0,-0.0020089372527017134
仅规模,2024-06-28,100,-0.00805775811440822,0.02,0.01,3e-05,-0.008087758114408221
仅规模,2024-07-05,100,0.006512274871033869,0.02,0.01,3e-05,0.00648227487103387
仅规模,2024-07-12,100,0.012835378277401865,0.0,0.0,0.0,0.012835378277401865
仅规模,2024-07-19,100,-0.032568667384488055,0.02,0.01,3e-05,-0.03259866738448806
仅规模,2024-07-26,100,-0.006525257264633963,0.0,0.0,0.0,-0.006525257264633963
仅规模,2024-08-02,100,-0.012564870466837061,0.0,0.0,0.0,-0.012564870466837061
仅规模,2024-08-09,100,-0.0021473228710758873,0.02,0.01,3e-05,-0.0021773228710758874
仅规模,2024-08-16,100,-0.011509773237825342,0.02,0.01,3e-05,-0.011539773237825342
仅规模,2024-08-23,100,0.0006884168170420246,0.06,0.03,8.999999999999999e-05,0.0005984168170420246
仅规模,2024-08-30,100,-0.03214427557335814,0.12,0.06,0.00017999999999999998,-0.03232427557335814
仅规模,2024-09-06,100,-0.02159266855171755,0.08,0.04,0.00012,-0.021712668551717548
仅规模,2024-09-13,100,0.06119398978681781,0.0,0.0,0.0,0.06119398978681781
仅规模,2024-09-24,100,0.24829660449421648,0.02,0.01,3e-05,0.24826660449421648
仅规模,2024-10-08,100,-0.09563652984442078,0.06,0.03,8.999999999999999e-05,-0.09572652984442079
仅规模,2024-10-15,100,0.022029105147027436,0.04,0.02,6e-05,0.021969105147027435
仅规模,2024-10-22,100,0.001974659840831363,0.04,0.02,6e-05,0.001914659840831363
仅规模,2024-10-29,100,0.03479407462630646,0.06,0.03,8.999999999999999e-05,0.03470407462630646
仅规模,2024-11-05,100,0.008918770740738565,0.06,0.03,8.999999999999999e-05,0.008828770740738566
仅规模,2024-11-12,100,-0.024155448423534988,0.02,0.01,3e-05,-0.024185448423534987
仅规模,2024-11-19,100,-0.03405950794723438,0.02,0.01,3e-05,-0.03408950794723438
仅规模,2024-11-26,100,0.033158993903249175,0.02,0.01,3e-05,0.03312899390324917
仅规模,2024-12-03,100,0.002781516107161155,0.0,0.0,0.0,0.002781516107161155
仅规模,2024-12-10,100,-0.014807365714201517,0.0,0.0,0.0,-0.014807365714201517
仅规模,2024-12-17,100,0.01327593830288804,0.02,0.01,3e-05,0.01324593830288804
仅规模,2024-12-24,100,-0.011007385181059206,0.02,0.01,3e-05,-0.011037385181059206
仅规模,2024-12-31,100,-0.04131832716092112,0.02,0.01,3e-05,-0.04134832716092112
仅规模,2025-01-08,100,-0.003884727830704988,0.0,0.0,0.0,-0.003884727830704988
仅规模,2025-01-15,100,0.002199175804400244,0.02,0.01,3e-05,0.002169175804400244
仅规模,2025-01-22,100,0.01989382398990724,0.0,0.0,0.0,0.01989382398990724
仅规模,2025-02-06,100,0.022977303552973366,0.02,0.01,3e-05,0.022947303552973367
仅规模,2025-02-13,100,0.007089944059538262,0.02,0.01,3e-05,0.007059944059538263
仅规模,2025-02-20,100,0.007211955933640665,0.02,0.01,3e-05,0.007181955933640665
仅规模,2025-02-27,100,-0.001987339985515264,0.02,0.01,3e-05,-0.002017339985515264
仅规模,2025-03-06,100,-0.0139325989499307,0.02,0.01,3e-05,-0.0139625989499307
仅规模,2025-03-13,100,0.011425080579435332,0.0,0.0,0.0,0.011425080579435332
仅规模,2025-03-20,100,-0.006058252001900007,0.02,0.01,3e-05,-0.006088252001900007
仅规模,2025-03-27,100,-0.02203218334702455,0.04,0.02,6e-05,-0.02209218334702455
仅规模,2025-04-03,100,-0.03016434315139379,0.02,0.01,3e-05,-0.03019434315139379
仅规模,2025-04-11,100,0.003102864166908337,0.0,0.0,0.0,0.003102864166908337
仅规模,2025-04-18,100,0.004930237126642998,0.04,0.02,6e-05,0.004870237126642998
仅规模,2025-04-25,100,0.015658497925340728,0.12,0.06,0.00017999999999999998,0.015478497925340728
仅规模,2025-05-07,100,0.019361078776524536,0.12,0.06,0.00017999999999999998,0.019181078776524536
仅规模,2025-05-14,100,-0.0062343297386312215,0.0,0.0,0.0,-0.0062343297386312215
仅规模,2025-05-21,100,-0.02249720297946478,0.0,0.0,0.0,-0.02249720297946478
仅规模,2025-05-28,100,0.008229146402596397,0.0,0.0,0.0,0.008229146402596397
仅规模,2025-06-05,100,0.002840791864229929,0.0,0.0,0.0,0.002840791864229929
仅规模,2025-06-12,100,-0.016381580366555806,0.0,0.0,0.0,-0.016381580366555806
仅规模,2025-06-19,100,0.015958543856695227,0.02,0.01,3e-05,0.01592854385669523
仅规模,2025-06-26,100,0.019797195193623197,0.0,0.0,0.0,0.019797195193623197
仅规模,2025-07-03,100,0.010896684014116137,0.02,0.01,3e-05,0.010866684014116137
仅规模,2025-07-10,100,0.007709465814625175,0.02,0.01,3e-05,0.007679465814625175
仅规模,2025-07-17,100,0.04831204760003583,0.02,0.01,3e-05,0.04828204760003583
仅规模,2025-07-24,100,-0.02558726590464311,0.04,0.02,6e-05,-0.02564726590464311
仅规模,2025-07-31,100,0.005827828514454118,0.06,0.03,8.999999999999999e-05,0.005737828514454119
仅规模,2025-08-07,100,0.014898825019364507,0.04,0.02,6e-05,0.014838825019364508
仅规模,2025-08-14,100,0.0344978691029206,0.06,0.03,8.999999999999999e-05,0.0344078691029206
仅规模,2025-08-21,100,0.024541818905526407,0.14,0.07,0.00021000000000000004,0.02433181890552641
仅规模,2025-08-28,100,-0.022149117706147345,0.14,0.07,0.00021000000000000004,-0.022359117706147343
仅规模,2025-09-04,100,0.035334548953661615,0.08,0.04,0.00012,0.03521454895366161
仅规模,2025-09-11,100,-0.002588414987109433,0.06,0.03,8.999999999999999e-05,-0.002678414987109433
仅规模,2025-09-18,100,0.011519991753698968,0.04,0.02,6e-05,0.011459991753698969
仅规模,2025-09-25,100,0.023030338292411984,0.02,0.01,3e-05,0.023000338292411986
仅规模,2025-10-10,100,-0.033613944445155794,0.04,0.02,6e-05,-0.03367394444515579
仅规模,2025-10-17,100,0.022982165015732282,0.0,0.0,0.0,0.022982165015732282
仅规模,2025-10-24,100,0.003968882105986301,0.08,0.04,0.00012,0.0038488821059863014
仅规模,2025-10-31,100,0.012213989417269087,0.1,0.05,0.00015000000000000001,0.012063989417269086
仅规模,2025-11-07,100,-0.009247007562603153,0.04,0.02,6e-05,-0.009307007562603152
仅规模,2025-11-14,100,-0.04159265184932399,0.04,0.02,6e-05,-0.041652651849323985
仅规模,2025-11-21,100,0.012514046259830148,0.02,0.01,3e-05,0.012484046259830147
仅规模,2025-11-28,100,0.010487885943992636,0.02,0.01,3e-05,0.010457885943992636
仅规模,2025-12-05,100,-0.005530466337661418,0.08,0.04,0.00012,-0.005650466337661419
仅规模,2025-12-12,100,-0.00619428429894197,0.02,0.01,3e-05,-0.006224284298941969
仅规模,2025-12-19,100,0.019926508768753126,0.04,0.02,6e-05,0.019866508768753125
仅规模,2025-12-26,100,0.030996636848254173,0.02,0.01,3e-05,0.030966636848254174
仅规模,2026-01-06,100,0.005261586965286502,0.02,0.01,3e-05,0.0052315869652865025
仅规模,2026-01-13,100,0.004925411690488935,0.04,0.02,6e-05,0.004865411690488935
仅规模,2026-01-20,100,-0.010748521018848078,0.04,0.02,6e-05,-0.010808521018848077
仅规模,2026-01-27,100,-0.012082565272287394,0.04,0.02,6e-05,-0.012142565272287393
仅规模,2026-02-03,100,0.016376795137687826,0.02,0.01,3e-05,0.016346795137687827
仅规模,2026-02-10,100,0.011577214286367876,0.04,0.02,6e-05,0.011517214286367877
仅规模,2026-02-25,100,-0.011043911983440928,0.06,0.03,8.999999999999999e-05,-0.011133911983440927
仅规模,2026-03-04,100,0.02712516758462594,0.02,0.01,3e-05,0.02709516758462594
仅规模,2026-03-11,100,-0.021052585046094707,0.02,0.01,3e-05,-0.021082585046094705
仅规模,2026-03-18,100,-0.031244708932762016,0.02,0.01,3e-05,-0.03127470893276202
仅规模,2026-03-25,100,-0.005836093302910108,0.06,0.03,8.999999999999999e-05,-0.005926093302910108
仅规模,2026-04-01,100,0.007969444562349836,0.04,0.02,6e-05,0.007909444562349837
仅规模,2026-04-09,100,0.01788840711262786,0.0,0.0,0.0,0.01788840711262786
仅规模,2026-04-16,100,0.004202578717153463,0.02,0.01,3e-05,0.004172578717153463
仅规模,2026-04-23,100,0.004551570876724776,0.06,0.03,8.999999999999999e-05,0.004461570876724776
仅规模,2026-04-30,100,0.021391600142705205,0.14,0.07,0.00021000000000000004,0.021181600142705207
仅规模,2026-05-12,100,-0.020813860364389834,0.04,0.02,6e-05,-0.020873860364389835
仅规模,2026-05-19,100,-0.017227667459214994,0.02,0.01,3e-05,-0.017257667459214993
仅规模,2026-05-26,100,-0.003858794810705787,0.02,0.01,3e-05,-0.003888794810705787
仅规模,2026-06-02,100,-0.03167777446819737,0.02,0.01,3e-05,-0.03170777446819737
仅规模,2026-06-09,100,-0.0022279939071994416,0.02,0.01,3e-05,-0.0022579939071994417
仅规模,2026-06-16,100,-0.012546085293040531,0.04,0.02,6e-05,-0.01260608529304053
仅规模,2026-06-24,100,-0.005342727875996121,0.02,0.01,3e-05,-0.005372727875996121
仅规模,2026-07-01,100,-0.00915970877790927,0.02,0.01,3e-05,-0.009189708777909271
仅规模,2026-07-08,100,0.014430891608568782,0.02,0.01,3e-05,0.014400891608568781
仅规模,2026-07-15,100,0.015340893499384486,0.02,0.01,3e-05,0.015310893499384486
仅规模,2026-07-22,100,-0.003302853026737841,0.0,0.0,0.0,-0.003302853026737841
仅质量,2015-01-05,100,-0.029935820163389318,1.0,1.0,0.0015,-0.03143582016338932
仅质量,2015-01-12,100,-0.00430981827491226,0.02,0.01,3e-05,-0.004339818274912259
仅质量,2015-01-19,100,0.09226706507149547,0.06,0.03,8.999999999999999e-05,0.09217706507149546
仅质量,2015-01-26,100,-0.014560895073351642,0.08,0.04,0.00012,-0.014680895073351642
仅质量,2015-02-02,100,-0.0033047244994451764,0.12,0.06,0.00017999999999999998,-0.0034847244994451764
仅质量,2015-02-09,100,0.07016217192545965,0.08,0.04,0.00012,0.07004217192545965
仅质量,2015-02-16,100,0.04362412027752758,0.02,0.01,3e-05,0.04359412027752758
仅质量,2015-03-02,100,0.01650029822563529,0.02,0.01,3e-05,0.01647029822563529
仅质量,2015-03-09,100,0.07206797102295286,0.04,0.02,6e-05,0.07200797102295285
仅质量,2015-03-16,100,0.07992705388736468,0.08,0.04,0.00012,0.07980705388736468
仅质量,2015-03-23,100,0.028282914722646955,0.12,0.06,0.00017999999999999998,0.028102914722646956
仅质量,2015-03-30,100,0.08633888072607634,0.14,0.07,0.00021000000000000004,0.08612888072607634
仅质量,2015-04-07,100,0.0372073100725168,0.12,0.06,0.00017999999999999998,0.0370273100725168
仅质量,2015-04-14,100,-0.006152669764400404,0.12,0.06,0.00017999999999999998,-0.006332669764400403
仅质量,2015-04-21,100,0.006052101711023534,0.2,0.1,0.00030000000000000003,0.005752101711023534
仅质量,2015-04-28,100,-0.007493586132309064,0.68,0.34,0.00102,-0.008513586132309063
仅质量,2015-05-06,100,0.10229616243246795,0.68,0.34,0.00102,0.10127616243246795
仅质量,2015-05-13,100,0.0549916169855749,0.04,0.02,6e-05,0.0549316169855749
仅质量,2015-05-20,100,0.12702342891333995,0.06,0.03,8.999999999999999e-05,0.12693342891333995
仅质量,2015-05-27,100,0.04387475278196854,0.06,0.03,8.999999999999999e-05,0.04378475278196854
仅质量,2015-06-03,100,0.025654794749047877,0.1,0.05,0.00015000000000000001,0.025504794749047877
仅质量,2015-06-10,100,-0.002258241615668812,0.06,0.03,8.999999999999999e-05,-0.002348241615668812
仅质量,2015-06-17,100,-0.12338407552173822,0.1,0.05,0.00015000000000000001,-0.12353407552173822
仅质量,2015-06-25,100,-0.23409615433819078,0.08,0.04,0.00012,-0.2342161543381908
仅质量,2015-07-02,100,-0.1862121022350881,0.12,0.06,0.00017999999999999998,-0.18639210223508812
仅质量,2015-07-09,100,0.12163715516730285,0.76,0.38,0.00114,0.12049715516730285
仅质量,2015-07-16,100,0.18270975361080455,0.64,0.32,0.00096,0.18174975361080456
仅质量,2015-07-23,100,-0.12613983351112154,0.16,0.08,0.00024,-0.12637983351112153
仅质量,2015-07-30,100,-0.009343403562993109,0.12,0.06,0.00017999999999999998,-0.009523403562993108
仅质量,2015-08-06,100,0.14241824120011246,0.1,0.05,0.00015000000000000001,0.14226824120011244
仅质量,2015-08-13,100,-0.053861894790729004,0.12,0.06,0.00017999999999999998,-0.054041894790729
仅质量,2015-08-20,100,-0.2255460050734549,0.22,0.11,0.00033,-0.2258760050734549
仅质量,2015-08-27,100,-0.05082604535703955,0.26,0.13,0.00039000000000000005,-0.05121604535703955
仅质量,2015-09-07,100,0.005029496899717797,0.24,0.12,0.00035999999999999997,0.004669496899717797
仅质量,2015-09-14,100,0.06262697668150585,0.04,0.02,6e-05,0.06256697668150585
仅质量,2015-09-21,100,0.0015540413076880566,0.08,0.04,0.00012,0.0014340413076880565
仅质量,2015-09-28,100,0.09768999402356263,0.08,0.04,0.00012,0.09756999402356263
仅质量,2015-10-12,100,0.06105046693990271,0.08,0.04,0.00012,0.06093046693990271
仅质量,2015-10-19,100,0.03670649610117482,0.08,0.04,0.00012,0.036586496101174815
仅质量,2015-10-26,100,-0.023014681989845222,0.18,0.09,0.00027,-0.02328468198984522
仅质量,2015-11-02,100,0.10161532188904535,0.3,0.15,0.00045,0.10116532188904534
仅质量,2015-11-09,100,0.014018083731386745,0.14,0.07,0.00021000000000000004,0.013808083731386745
仅质量,2015-11-16,100,0.007082088493639145,0.12,0.06,0.00017999999999999998,0.006902088493639145
仅质量,2015-11-23,100,-0.025867948643876374,0.08,0.04,0.00012,-0.025987948643876373
仅质量,2015-11-30,100,0.045250785754021666,0.08,0.04,0.00012,0.045130785754021664
仅质量,2015-12-07,100,-0.008097695969888984,0.06,0.03,8.999999999999999e-05,-0.008187695969888983
仅质量,2015-12-14,100,0.06713081079272631,0.08,0.04,0.00012,0.06701081079272632
仅质量,2015-12-21,100,-0.024945820990810556,0.06,0.03,8.999999999999999e-05,-0.025035820990810555
仅质量,2015-12-28,100,-0.11292752204004693,0.02,0.01,3e-05,-0.11295752204004693
仅质量,2016-01-05,100,-0.10791014243441782,0.04,0.02,6e-05,-0.10797014243441783
仅质量,2016-01-12,100,0.02532909528487862,0.08,0.04,0.00012,0.02520909528487862
仅质量,2016-01-19,100,-0.09886714990067967,0.1,0.05,0.00015000000000000001,-0.09901714990067967
仅质量,2016-01-26,100,0.013581044878569542,0.06,0.03,8.999999999999999e-05,0.013491044878569542
仅质量,2016-02-02,100,0.06269956090420553,0.06,0.03,8.999999999999999e-05,0.06260956090420552
仅质量,2016-02-16,100,0.034444386312276185,0.06,0.03,8.999999999999999e-05,0.034354386312276185
仅质量,2016-02-23,100,-0.09411654703830909,0.08,0.04,0.00012,-0.09423654703830908
仅质量,2016-03-01,100,0.05723865760004864,0.12,0.06,0.00017999999999999998,0.05705865760004864
仅质量,2016-03-08,100,-0.01782527625606789,0.04,0.02,6e-05,-0.01788527625606789
仅质量,2016-03-15,100,0.07710100605202305,0.12,0.06,0.00017999999999999998,0.07692100605202305
仅质量,2016-03-22,100,-0.024011829333922412,0.16,0.08,0.00024,-0.024251829333922413
仅质量,2016-03-29,100,0.07529918360989328,0.18,0.09,0.00027,0.07502918360989327
仅质量,2016-04-06,100,0.004416382496276695,0.08,0.04,0.00012,0.004296382496276695
仅质量,2016-04-13,100,-0.04418411271497977,0.24,0.12,0.00035999999999999997,-0.04454411271497977
仅质量,2016-04-20,100,0.010565893387527812,0.24,0.12,0.00035999999999999997,0.010205893387527813
仅质量,2016-04-27,100,0.02610185079525461,0.46,0.23,0.0006900000000000001,0.025411850795254612
仅质量,2016-05-05,100,-0.09404254340296958,0.7000000000000001,0.35000000000000003,0.0010500000000000002,-0.09509254340296958
仅质量,2016-05-12,100,-0.019267230208707256,0.04,0.02,6e-05,-0.019327230208707257
仅质量,2016-05-19,100,0.015315301059244883,0.08,0.04,0.00012,0.015195301059244883
仅质量,2016-05-26,100,0.05497926256236257,0.04,0.02,6e-05,0.05491926256236257
仅质量,2016-06-02,100,-0.028281658743221173,0.06,0.03,8.999999999999999e-05,-0.028371658743221173
仅质量,2016-06-13,100,0.036607425388410796,0.1,0.05,0.00015000000000000001,0.0364574253884108
仅质量,2016-06-20,100,0.011592816706867397,0.08,0.04,0.00012,0.011472816706867396
仅质量,2016-06-27,100,0.037319426965161134,0.04,0.02,6e-05,0.03725942696516114
仅质量,2016-07-04,100,0.009742691194058349,0.08,0.04,0.00012,0.009622691194058348
仅质量,2016-07-11,100,0.02087318645284908,0.02,0.01,3e-05,0.02084318645284908
仅质量,2016-07-18,100,-0.0014783094909631201,0.04,0.02,6e-05,-0.00153830949096312
仅质量,2016-07-25,100,-0.03859146194133401,0.06,0.03,8.999999999999999e-05,-0.03868146194133401
仅质量,2016-08-01,100,0.028087683092994517,0.18,0.09,0.00027,0.027817683092994518
仅质量,2016-08-08,100,0.03151154677148865,0.06,0.03,8.999999999999999e-05,0.03142154677148865
仅质量,2016-08-15,100,0.007511981250119132,0.12,0.06,0.00017999999999999998,0.0073319812501191324
仅质量,2016-08-22,100,-0.006164930484180626,0.12,0.06,0.00017999999999999998,-0.006344930484180626
仅质量,2016-08-29,100,-0.0014525435531145625,0.24,0.12,0.00035999999999999997,-0.0018125435531145626
仅质量,2016-09-05,100,-0.0177917515651785,0.16,0.08,0.00024,-0.0180317515651785
仅质量,2016-09-12,100,0.017921325997964685,0.08,0.04,0.00012,0.017801325997964686
仅质量,2016-09-21,100,-0.01076464799867424,0.04,0.02,6e-05,-0.010824647998674239
仅质量,2016-09-28,100,0.03322140001271782,0.1,0.05,0.00015000000000000001,0.03307140001271782
仅质量,2016-10-12,100,0.010258781686609365,0.06,0.03,8.999999999999999e-05,0.010168781686609365
仅质量,2016-10-19,100,0.010735606294103448,0.06,0.03,8.999999999999999e-05,0.010645606294103448
仅质量,2016-10-26,100,-0.00590442211353498,0.14,0.07,0.00021000000000000004,-0.0061144221135349805
仅质量,2016-11-02,100,0.010740427905486292,0.22,0.11,0.00033,0.010410427905486292
仅质量,2016-11-09,100,0.03219604672049046,0.08,0.04,0.00012,0.032076046720490456
仅质量,2016-11-16,100,0.006409601746206081,0.06,0.03,8.999999999999999e-05,0.0063196017462060815
仅质量,2016-11-23,100,-0.010926706488873297,0.02,0.01,3e-05,-0.010956706488873298
仅质量,2016-11-30,100,-0.0017025854712435851,0.06,0.03,8.999999999999999e-05,-0.0017925854712435851
仅质量,2016-12-07,100,-0.04149038822438514,0.04,0.02,6e-05,-0.041550388224385136
仅质量,2016-12-14,100,0.021451322895170107,0.06,0.03,8.999999999999999e-05,0.021361322895170107
仅质量,2016-12-21,100,-0.011509066174736998,0.06,0.03,8.999999999999999e-05,-0.011599066174736997
仅质量,2016-12-28,100,0.03160313590733655,0.04,0.02,6e-05,0.03154313590733655
仅质量,2017-01-05,100,-0.025912693655457817,0.06,0.03,8.999999999999999e-05,-0.026002693655457817
仅质量,2017-01-12,100,-0.042142593392209104,0.04,0.02,6e-05,-0.0422025933922091
仅质量,2017-01-19,100,0.022053155735861352,0.02,0.01,3e-05,0.022023155735861354
仅质量,2017-01-26,100,0.027291601770259195,0.04,0.02,6e-05,0.027231601770259194
仅质量,2017-02-09,100,0.005263550909457556,0.04,0.02,6e-05,0.005203550909457556
仅质量,2017-02-16,100,0.009984834929453618,0.02,0.01,3e-05,0.009954834929453617
仅质量,2017-02-23,100,-0.011213632828006314,0.08,0.04,0.00012,-0.011333632828006314
仅质量,2017-03-02,100,0.000615267521203201,0.04,0.02,6e-05,0.000555267521203201
仅质量,2017-03-09,100,0.008710763974494272,0.04,0.02,6e-05,0.008650763974494272
仅质量,2017-03-16,100,-0.010138376011753887,0.08,0.04,0.00012,-0.010258376011753887
仅质量,2017-03-23,100,-0.032137858986644695,0.1,0.05,0.00015000000000000001,-0.03228785898664469
仅质量,2017-03-30,100,0.015858425468634307,0.1,0.05,0.00015000000000000001,0.015708425468634307
仅质量,2017-04-10,100,-0.02216486691223461,0.08,0.04,0.00012,-0.022284866912234608
仅质量,2017-04-17,100,-0.05658629426816342,0.08,0.04,0.00012,-0.05670629426816342
仅质量,2017-04-24,100,0.018412663193856305,0.3,0.15,0.00045,0.017962663193856306
仅质量,2017-05-02,100,-0.041987396497330465,0.62,0.31,0.00093,-0.042917396497330465
仅质量,2017-05-09,100,-0.009866744649181192,0.06,0.03,8.999999999999999e-05,-0.009956744649181191
仅质量,2017-05-16,100,-0.045147528204500686,0.1,0.05,0.00015000000000000001,-0.045297528204500684
仅质量,2017-05-23,100,-0.012907770716530867,0.06,0.03,8.999999999999999e-05,-0.012997770716530866
仅质量,2017-06-01,100,0.05511085230450654,0.12,0.06,0.00017999999999999998,0.05493085230450654
仅质量,2017-06-08,100,0.017797702093233676,0.12,0.06,0.00017999999999999998,0.017617702093233677
仅质量,2017-06-15,100,-0.018393418042239675,0.14,0.07,0.00021000000000000004,-0.018603418042239674
仅质量,2017-06-22,100,0.018715195876083182,0.04,0.02,6e-05,0.01865519587608318
仅质量,2017-06-29,100,0.007693513773037603,0.02,0.01,3e-05,0.007663513773037603
仅质量,2017-07-06,100,-0.005010581011917478,0.06,0.03,8.999999999999999e-05,-0.005100581011917478
仅质量,2017-07-13,100,-0.020661357054472015,0.08,0.04,0.00012,-0.020781357054472014
仅质量,2017-07-20,100,0.028983876600508794,0.04,0.02,6e-05,0.028923876600508793
仅质量,2017-07-27,100,0.0013660138457608462,0.08,0.04,0.00012,0.0012460138457608461
仅质量,2017-08-03,100,0.0034027761450466064,0.22,0.11,0.00033,0.0030727761450466064
仅质量,2017-08-10,100,0.01215191457954139,0.2,0.1,0.00030000000000000003,0.01185191457954139
仅质量,2017-08-17,100,-0.00636166731111156,0.08,0.04,0.00012,-0.00648166731111156
仅质量,2017-08-24,100,0.027955163553712536,0.26,0.13,0.00039000000000000005,0.027565163553712534
仅质量,2017-08-31,100,0.010229491203249896,0.36,0.18,0.00054,0.009689491203249896
仅质量,2017-09-07,100,0.011882349989453174,0.06,0.03,8.999999999999999e-05,0.011792349989453174
仅质量,2017-09-14,100,0.004371592803060669,0.04,0.02,6e-05,0.004311592803060669
仅质量,2017-09-21,100,-0.02101326791906494,0.02,0.01,3e-05,-0.02104326791906494
仅质量,2017-09-28,100,0.024543236415446586,0.02,0.01,3e-05,0.024513236415446588
仅质量,2017-10-12,100,-0.032234877260785694,0.04,0.02,6e-05,-0.03229487726078569
仅质量,2017-10-19,100,0.021880620513355334,0.04,0.02,6e-05,0.021820620513355333
仅质量,2017-10-26,100,-0.030720647052043148,0.16,0.08,0.00024,-0.03096064705204315
仅质量,2017-11-02,100,0.006830328031951711,0.3,0.15,0.00045,0.0063803280319517115
仅质量,2017-11-09,100,-0.009135475578565332,0.1,0.05,0.00015000000000000001,-0.009285475578565332
仅质量,2017-11-16,100,-0.04906212780787848,0.02,0.01,3e-05,-0.049092127807878486
仅质量,2017-11-23,100,0.006997950531069802,0.0,0.0,0.0,0.006997950531069802
仅质量,2017-11-30,100,-0.0168489360666553,0.1,0.05,0.00015000000000000001,-0.016998936066655302
仅质量,2017-12-07,100,0.025744848966392512,0.08,0.04,0.00012,0.025624848966392513
仅质量,2017-12-14,100,-0.011242447234500028,0.04,0.02,6e-05,-0.011302447234500027
仅质量,2017-12-21,100,-0.010792486257095587,0.04,0.02,6e-05,-0.010852486257095586
仅质量,2017-12-28,100,0.04331005499623435,0.02,0.01,3e-05,0.04328005499623435
仅质量,2018-01-05,100,-0.003938624017305571,0.02,0.01,3e-05,-0.003968624017305571
仅质量,2018-01-12,100,-0.020909489340424407,0.02,0.01,3e-05,-0.020939489340424406
仅质量,2018-01-19,100,0.02655656263615153,0.1,0.05,0.00015000000000000001,0.02640656263615153
仅质量,2018-01-26,100,-0.06711289685711268,0.06,0.03,8.999999999999999e-05,-0.06720289685711268
仅质量,2018-02-02,100,-0.08873127012402979,0.08,0.04,0.00012,-0.08885127012402978
仅质量,2018-02-09,100,0.06031020108216428,0.04,0.02,6e-05,0.060250201082164286
仅质量,2018-02-23,100,0.028305837003215997,0.04,0.02,6e-05,0.028245837003215996
仅质量,2018-03-02,100,0.030034373505228976,0.08,0.04,0.00012,0.029914373505228978
仅质量,2018-03-09,100,-0.006533466400302972,0.16,0.08,0.00024,-0.006773466400302972
仅质量,2018-03-16,100,-0.046865439720561924,0.0,0.0,0.0,-0.046865439720561924
仅质量,2018-03-23,100,0.0348172837883,0.1,0.05,0.00015000000000000001,0.0346672837883
仅质量,2018-03-30,100,0.0013912555961978757,0.12,0.06,0.00017999999999999998,0.0012112555961978756
仅质量,2018-04-10,100,-0.031193444087155967,0.18,0.09,0.00027,-0.03146344408715597
仅质量,2018-04-17,100,0.003278258730195419,0.08,0.04,0.00012,0.003158258730195419
仅质量,2018-04-24,100,-0.00015020699669694216,0.28,0.14,0.00042000000000000007,-0.0005702069966969422
仅质量,2018-05-03,100,0.040113201951201646,0.62,0.31,0.00093,0.039183201951201646
仅质量,2018-05-10,100,-0.015396222655289228,0.06,0.03,8.999999999999999e-05,-0.015486222655289228
仅质量,2018-05-17,100,0.0014660608075586757,0.04,0.02,6e-05,0.0014060608075586757
仅质量,2018-05-24,100,-0.02968498379019689,0.08,0.04,0.00012,-0.029804983790196887
仅质量,2018-05-31,100,0.005927752816752525,0.08,0.04,0.00012,0.005807752816752524
仅质量,2018-06-07,100,-0.02797590635518169,0.02,0.01,3e-05,-0.02800590635518169
仅质量,2018-06-14,100,-0.09109233361465256,0.08,0.04,0.00012,-0.09121233361465256
仅质量,2018-06-22,100,0.004201222272150934,0.1,0.05,0.00015000000000000001,0.004051222272150934
仅质量,2018-06-29,100,-0.045354426480752864,0.08,0.04,0.00012,-0.045474426480752866
仅质量,2018-07-06,100,0.030126943678343236,0.04,0.02,6e-05,0.030066943678343235
仅质量,2018-07-13,100,-0.004762283887829622,0.04,0.02,6e-05,-0.0048222838878296224
仅质量,2018-07-20,100,0.03507218394744555,0.08,0.04,0.00012,0.03495218394744555
仅质量,2018-07-27,100,-0.0682503544207462,0.04,0.02,6e-05,-0.0683103544207462
仅质量,2018-08-03,100,0.026534664139828936,0.08,0.04,0.00012,0.026414664139828938
仅质量,2018-08-10,100,-0.047147587296373646,0.16,0.08,0.00024,-0.04738758729637364
仅质量,2018-08-17,100,0.005375880144776988,0.14,0.07,0.00021000000000000004,0.005165880144776988
仅质量,2018-08-24,100,-0.011390729438015754,0.22,0.11,0.00033,-0.011720729438015755
仅质量,2018-08-31,100,-0.009583344890208085,0.3,0.15,0.00045,-0.010033344890208086
仅质量,2018-09-07,100,-0.017142851109000996,0.0,0.0,0.0,-0.017142851109000996
仅质量,2018-09-14,100,0.04386733504431391,0.02,0.01,3e-05,0.043837335044313905
仅质量,2018-09-21,100,-0.03751085192397762,0.02,0.01,3e-05,-0.037540851923977624
仅质量,2018-10-08,100,-0.07629936546535526,0.06,0.03,8.999999999999999e-05,-0.07638936546535527
仅质量,2018-10-15,100,0.02488586896350851,0.08,0.04,0.00012,0.024765868963508512
仅质量,2018-10-22,100,-0.033235238323463506,0.2,0.1,0.00030000000000000003,-0.03353523832346351
仅质量,2018-10-29,100,0.06685180226244969,0.22,0.11,0.00033,0.06652180226244969
仅质量,2018-11-05,100,0.014794060298463006,0.14,0.07,0.00021000000000000004,0.014584060298463005
仅质量,2018-11-12,100,0.04966609591725419,0.02,0.01,3e-05,0.04963609591725419
仅质量,2018-11-19,100,-0.0645416707448527,0.02,0.01,3e-05,-0.0645716707448527
仅质量,2018-11-26,100,0.02937913676023167,0.02,0.01,3e-05,0.02934913676023167
仅质量,2018-12-03,100,-0.01785874335232251,0.0,0.0,0.0,-0.01785874335232251
仅质量,2018-12-10,100,-0.0016013383600518216,0.0,0.0,0.0,-0.0016013383600518216
仅质量,2018-12-17,100,-0.015033507378379676,0.0,0.0,0.0,-0.015033507378379676
仅质量,2018-12-24,100,-0.02482025542775653,0.0,0.0,0.0,-0.02482025542775653
仅质量,2019-01-02,100,0.038814339745968825,0.02,0.01,3e-05,0.03878433974596882
仅质量,2019-01-09,100,0.011907231866115904,0.0,0.0,0.0,0.011907231866115904
仅质量,2019-01-16,100,-0.0037104620625747742,0.0,0.0,0.0,-0.0037104620625747742
仅质量,2019-01-23,100,-0.030667389526289873,0.02,0.01,3e-05,-0.03069738952628987
仅质量,2019-01-30,100,0.05907750644295973,0.02,0.01,3e-05,0.05904750644295973
仅质量,2019-02-13,100,0.04345235049810928,0.04,0.02,6e-05,0.04339235049810928
仅质量,2019-02-20,100,0.07151639342818553,0.02,0.01,3e-05,0.07148639342818552
仅质量,2019-02-27,100,0.07400269120612134,0.02,0.01,3e-05,0.07397269120612134
仅质量,2019-03-06,100,-0.008514798409045468,0.02,0.01,3e-05,-0.008544798409045469
仅质量,2019-03-13,100,0.031211025279031204,0.04,0.02,6e-05,0.031151025279031203
仅质量,2019-03-20,100,-0.014056757411170915,0.08,0.04,0.00012,-0.014176757411170915
仅质量,2019-03-27,100,0.0718041040414432,0.2,0.1,0.00030000000000000003,0.07150410404144321
仅质量,2019-04-03,100,-0.009186257245330358,0.1,0.05,0.00015000000000000001,-0.009336257245330359
仅质量,2019-04-11,100,0.008406624341181418,0.12,0.06,0.00017999999999999998,0.008226624341181418
仅质量,2019-04-18,100,-0.039633325998341504,0.16,0.08,0.00024,-0.0398733259983415
仅质量,2019-04-25,100,-0.07720403967281073,0.3,0.15,0.00045,-0.07765403967281073
仅质量,2019-05-07,100,0.0026824621628037705,0.58,0.29,0.00087,0.0018124621628037704
仅质量,2019-05-14,100,0.0038420342991903056,0.06,0.03,8.999999999999999e-05,0.003752034299190306
仅质量,2019-05-21,100,-0.004552420368128671,0.06,0.03,8.999999999999999e-05,-0.004642420368128671
仅质量,2019-05-28,100,-0.023943079617626144,0.02,0.01,3e-05,-0.023973079617626143
仅质量,2019-06-04,100,0.02543205817007814,0.0,0.0,0.0,0.02543205817007814
仅质量,2019-06-12,100,-0.0004065563708124742,0.0,0.0,0.0,-0.0004065563708124742
仅质量,2019-06-19,100,0.01983068659449496,0.0,0.0,0.0,0.01983068659449496
仅质量,2019-06-26,100,0.011123110751584899,0.06,0.03,8.999999999999999e-05,0.011033110751584899
仅质量,2019-07-03,100,-0.03639098868136112,0.06,0.03,8.999999999999999e-05,-0.03648098868136112
仅质量,2019-07-10,100,0.01863826155263574,0.0,0.0,0.0,0.01863826155263574
仅质量,2019-07-17,100,-0.007214544144710173,0.02,0.01,3e-05,-0.007244544144710173
仅质量,2019-07-24,100,-0.0019800928041991215,0.0,0.0,0.0,-0.0019800928041991215
仅质量,2019-07-31,100,-0.06354026256046096,0.04,0.02,6e-05,-0.06360026256046096
仅质量,2019-08-07,100,0.011064498722050887,0.0,0.0,0.0,0.011064498722050887
仅质量,2019-08-14,100,0.043378341240212635,0.08,0.04,0.00012,0.04325834124021263
仅质量,2019-08-21,100,0.01597378738315824,0.16,0.08,0.00024,0.01573378738315824
仅质量,2019-08-28,100,0.0158778176821935,0.22,0.11,0.00033,0.015547817682193498
仅质量,2019-09-04,100,0.01918905440949155,0.28,0.14,0.00042000000000000007,0.01876905440949155
仅质量,2019-09-11,100,0.00226892363276202,0.0,0.0,0.0,0.00226892363276202
仅质量,2019-09-19,100,-0.03762160043373495,0.0,0.0,0.0,-0.03762160043373495
仅质量,2019-09-26,100,0.013299794900489785,0.02,0.01,3e-05,0.013269794900489785
仅质量,2019-10-10,100,0.008762150866872962,0.02,0.01,3e-05,0.008732150866872962
仅质量,2019-10-17,100,-0.012310353142262243,0.0,0.0,0.0,-0.012310353142262243
仅质量,2019-10-24,100,-0.009465151844652792,0.08,0.04,0.00012,-0.009585151844652792
仅质量,2019-10-31,100,0.008589067910170693,0.28,0.14,0.00042000000000000007,0.008169067910170693
仅质量,2019-11-07,100,-0.02302368855787581,0.0,0.0,0.0,-0.02302368855787581
仅质量,2019-11-14,100,0.008534139948655355,0.0,0.0,0.0,0.008534139948655355
仅质量,2019-11-21,100,-0.012829901106168851,0.0,0.0,0.0,-0.012829901106168851
仅质量,2019-11-28,100,0.011123741507229883,0.0,0.0,0.0,0.011123741507229883
仅质量,2019-12-05,100,0.010155226126533919,0.02,0.01,3e-05,0.010125226126533918
仅质量,2019-12-12,100,0.04732724717371113,0.0,0.0,0.0,0.04732724717371113
仅质量,2019-12-19,100,-0.007056826646072397,0.0,0.0,0.0,-0.007056826646072397
仅质量,2019-12-26,100,0.027283537555526385,0.02,0.01,3e-05,0.027253537555526387
仅质量,2020-01-03,100,0.008575451696897569,0.02,0.01,3e-05,0.008545451696897568
仅质量,2020-01-10,100,-0.011157018895641788,0.0,0.0,0.0,-0.011157018895641788
仅质量,2020-01-17,100,-0.13389078746143743,0.0,0.0,0.0,-0.13389078746143743
仅质量,2020-02-03,100,0.06779532445154347,0.0,0.0,0.0,0.06779532445154347
仅质量,2020-02-10,100,0.0380016850987065,0.0,0.0,0.0,0.0380016850987065
仅质量,2020-02-17,100,0.02991980260216316,0.0,0.0,0.0,0.02991980260216316
仅质量,2020-02-24,100,-0.01156228513574641,0.0,0.0,0.0,-0.01156228513574641
仅质量,2020-03-02,100,0.0022207960413501314,0.02,0.01,3e-05,0.0021907960413501313
仅质量,2020-03-09,100,-0.05188773247334288,0.0,0.0,0.0,-0.05188773247334288
仅质量,2020-03-16,100,-0.03783690431500645,0.02,0.01,3e-05,-0.03786690431500645
仅质量,2020-03-23,100,0.01704752273859264,0.1,0.05,0.00015000000000000001,0.01689752273859264
仅质量,2020-03-30,100,0.04837077148525085,0.08,0.04,0.00012,0.04825077148525085
仅质量,2020-04-07,100,0.004590424498734785,0.04,0.02,6e-05,0.004530424498734785
仅质量,2020-04-14,100,-0.005480060023720245,0.02,0.01,3e-05,-0.005510060023720244
仅质量,2020-04-21,100,-0.016272244088163114,0.1,0.05,0.00015000000000000001,-0.016422244088163115
仅质量,2020-04-28,100,0.03260105032975425,0.52,0.26,0.0007800000000000001,0.03182105032975425
仅质量,2020-05-08,100,-0.00021226554470438308,0.6,0.3,0.0009,-0.001112265544704383
仅质量,2020-05-15,100,-0.020381597048899906,0.02,0.01,3e-05,-0.020411597048899905
仅质量,2020-05-22,100,0.03188308903420736,0.0,0.0,0.0,0.03188308903420736
仅质量,2020-05-29,100,0.03468159412668832,0.0,0.0,0.0,0.03468159412668832
仅质量,2020-06-05,100,-0.0009687587224816318,0.02,0.01,3e-05,-0.0009987587224816318
仅质量,2020-06-12,100,0.022726857013876767,0.0,0.0,0.0,0.022726857013876767
仅质量,2020-06-19,100,-0.0037928386285259763,0.0,0.0,0.0,-0.0037928386285259763
仅质量,2020-06-30,100,0.09426048627497434,0.02,0.01,3e-05,0.09423048627497434
仅质量,2020-07-07,100,0.061530792483089014,0.0,0.0,0.0,0.061530792483089014
仅质量,2020-07-14,100,-0.027079849293156048,0.0,0.0,0.0,-0.027079849293156048
仅质量,2020-07-21,100,-0.02429692908069102,0.0,0.0,0.0,-0.02429692908069102
仅质量,2020-07-28,100,0.04986011962891994,0.0,0.0,0.0,0.04986011962891994
仅质量,2020-08-04,100,-0.024043486338881412,0.04,0.02,6e-05,-0.024103486338881413
仅质量,2020-08-11,100,0.03601520701410676,0.06,0.03,8.999999999999999e-05,0.03592520701410676
仅质量,2020-08-18,100,-0.018813168260919246,0.1,0.05,0.00015000000000000001,-0.018963168260919247
仅质量,2020-08-25,100,0.002068763487925965,0.16,0.08,0.00024,0.0018287634879259652
仅质量,2020-09-01,100,-0.011472969997013235,0.3,0.15,0.00045,-0.011922969997013236
仅质量,2020-09-08,100,-0.02323084667085977,0.02,0.01,3e-05,-0.02326084667085977
仅质量,2020-09-15,100,-0.008321260225466193,0.02,0.01,3e-05,-0.008351260225466194
仅质量,2020-09-22,100,-0.024931401820818596,0.02,0.01,3e-05,-0.024961401820818595
仅质量,2020-09-29,100,0.047663053660212264,0.02,0.01,3e-05,0.04763305366021226
仅质量,2020-10-14,100,-0.009134957965430361,0.0,0.0,0.0,-0.009134957965430361
仅质量,2020-10-21,100,-0.01987860974146863,0.06,0.03,8.999999999999999e-05,-0.01996860974146863
仅质量,2020-10-28,100,-0.011244193735120745,0.16,0.08,0.00024,-0.011484193735120746
仅质量,2020-11-04,100,0.02635567513965181,0.26,0.13,0.00039000000000000005,0.025965675139651808
仅质量,2020-11-11,100,0.017783374627998744,0.02,0.01,3e-05,0.017753374627998746
仅质量,2020-11-18,100,-0.00807406500814273,0.02,0.01,3e-05,-0.00810406500814273
仅质量,2020-11-25,100,0.003902907814910722,0.02,0.01,3e-05,0.003872907814910722
仅质量,2020-12-02,100,-0.029080341621913225,0.0,0.0,0.0,-0.029080341621913225
仅质量,2020-12-09,100,-0.023179974532135505,0.0,0.0,0.0,-0.023179974532135505
仅质量,2020-12-16,100,0.00141774723752231,0.02,0.01,3e-05,0.00138774723752231
仅质量,2020-12-23,100,-0.009381456362925651,0.02,0.01,3e-05,-0.009411456362925652
仅质量,2020-12-30,100,-0.007390396787154054,0.0,0.0,0.0,-0.007390396787154054
仅质量,2021-01-07,100,-0.018492187375804138,0.0,0.0,0.0,-0.018492187375804138
仅质量,2021-01-14,100,0.021763376064756326,0.0,0.0,0.0,0.021763376064756326
仅质量,2021-01-21,100,-0.035078241247822634,0.0,0.0,0.0,-0.035078241247822634
仅质量,2021-01-28,100,-0.0356514418528437,0.0,0.0,0.0,-0.0356514418528437
仅质量,2021-02-04,100,0.06338486862796866,0.0,0.0,0.0,0.06338486862796866
仅质量,2021-02-18,100,0.020529801324994157,0.0,0.0,0.0,0.020529801324994157
仅质量,2021-02-25,100,-0.0010071980910227008,0.0,0.0,0.0,-0.0010071980910227008
仅质量,2021-03-04,100,-0.015429698273291445,0.02,0.01,3e-05,-0.015459698273291446
仅质量,2021-03-11,100,0.015037065965821026,0.04,0.02,6e-05,0.014977065965821027
仅质量,2021-03-18,100,-0.02262208356135008,0.06,0.03,8.999999999999999e-05,-0.02271208356135008
仅质量,2021-03-25,100,0.01249991437410662,0.04,0.02,6e-05,0.01243991437410662
仅质量,2021-04-01,100,0.013856007172437486,0.18,0.09,0.00027,0.013586007172437487
仅质量,2021-04-09,100,0.002403270211182096,0.04,0.02,6e-05,0.002343270211182096
仅质量,2021-04-16,100,-0.007575539495791752,0.08,0.04,0.00012,-0.007695539495791753
仅质量,2021-04-23,100,-0.013852049345319637,0.2,0.1,0.00030000000000000003,-0.014152049345319637
仅质量,2021-04-30,100,0.03581717064662251,0.66,0.33,0.00099,0.03482717064662251
仅质量,2021-05-12,100,-0.006297485303613796,0.02,0.01,3e-05,-0.0063274853036137954
仅质量,2021-05-19,100,0.01792601883888768,0.02,0.01,3e-05,0.01789601883888768
仅质量,2021-05-26,100,0.013493925228769812,0.0,0.0,0.0,0.013493925228769812
仅质量,2021-06-02,100,0.001945896335791283,0.0,0.0,0.0,0.001945896335791283
仅质量,2021-06-09,100,-0.022387031024343945,0.0,0.0,0.0,-0.022387031024343945
仅质量,2021-06-17,100,0.007550596670775821,0.02,0.01,3e-05,0.007520596670775821
仅质量,2021-06-24,100,-0.005478964488619978,0.02,0.01,3e-05,-0.005508964488619978
仅质量,2021-07-01,100,-0.002037691546015836,0.04,0.02,6e-05,-0.0020976915460158363
仅质量,2021-07-08,100,0.019653980414519344,0.0,0.0,0.0,0.019653980414519344
仅质量,2021-07-15,100,0.0006116446493866579,0.0,0.0,0.0,0.0006116446493866579
仅质量,2021-07-22,100,-0.06878155322958039,0.02,0.01,3e-05,-0.0688115532295804
仅质量,2021-07-29,100,0.005456164926154016,0.04,0.02,6e-05,0.005396164926154016
仅质量,2021-08-05,100,0.035636720126231446,0.04,0.02,6e-05,0.03557672012623145
仅质量,2021-08-12,100,-0.012263055190251978,0.08,0.04,0.00012,-0.012383055190251978
仅质量,2021-08-19,100,0.022348796691330327,0.12,0.06,0.00017999999999999998,0.022168796691330327
仅质量,2021-08-26,100,0.01564249607365338,0.32,0.16,0.00048,0.015162496073653381
仅质量,2021-09-02,100,0.07531566461698938,0.18,0.09,0.00027,0.07504566461698937
仅质量,2021-09-09,100,-0.0056496776719471755,0.02,0.01,3e-05,-0.005679677671947175
仅质量,2021-09-16,100,-0.03487802630292401,0.02,0.01,3e-05,-0.034908026302924014
仅质量,2021-09-27,100,0.011929411651625928,0.04,0.02,6e-05,0.011869411651625928
仅质量,2021-10-11,100,-0.013955166352695907,0.02,0.01,3e-05,-0.013985166352695907
仅质量,2021-10-18,100,-0.002067969651290614,0.04,0.02,6e-05,-0.0021279696512906143
仅质量,2021-10-25,100,-0.020646286766396883,0.1,0.05,0.00015000000000000001,-0.020796286766396884
仅质量,2021-11-01,100,-0.010069892753244993,0.3,0.15,0.00045,-0.010519892753244994
仅质量,2021-11-08,100,0.029858873838612784,0.0,0.0,0.0,0.029858873838612784
仅质量,2021-11-15,100,0.014350579266742795,0.0,0.0,0.0,0.014350579266742795
仅质量,2021-11-22,100,-0.0019329751422164176,0.0,0.0,0.0,-0.0019329751422164176
仅质量,2021-11-29,100,0.021863802440261867,0.0,0.0,0.0,0.021863802440261867
仅质量,2021-12-06,100,0.046325273877191854,0.0,0.0,0.0,0.046325273877191854
仅质量,2021-12-13,100,0.002531102511507607,0.02,0.01,3e-05,0.002501102511507607
仅质量,2021-12-20,100,0.005530108014909577,0.02,0.01,3e-05,0.005500108014909577
仅质量,2021-12-27,100,0.027586280660349783,0.0,0.0,0.0,0.027586280660349783
仅质量,2022-01-04,100,-0.016733123225518908,0.0,0.0,0.0,-0.016733123225518908
仅质量,2022-01-11,100,-0.012814900262076554,0.0,0.0,0.0,-0.012814900262076554
仅质量,2022-01-18,100,-0.053256551827061696,0.0,0.0,0.0,-0.053256551827061696
仅质量,2022-01-25,100,0.025693469511549622,0.0,0.0,0.0,0.025693469511549622
仅质量,2022-02-08,100,0.011507373253412423,0.02,0.01,3e-05,0.011477373253412422
仅质量,2022-02-15,100,0.033034450826317986,0.0,0.0,0.0,0.033034450826317986
仅质量,2022-02-22,100,0.0007362644874759905,0.0,0.0,0.0,0.0007362644874759905
仅质量,2022-03-01,100,-0.051735305529118765,0.02,0.01,3e-05,-0.05176530552911877
仅质量,2022-03-08,100,-0.07818303090067108,0.04,0.02,6e-05,-0.07824303090067108
仅质量,2022-03-15,100,0.07969442685351341,0.04,0.02,6e-05,0.07963442685351341
仅质量,2022-03-22,100,-0.016694935348325335,0.06,0.03,8.999999999999999e-05,-0.016784935348325335
仅质量,2022-03-29,100,0.018757323743722326,0.12,0.06,0.00017999999999999998,0.018577323743722327
仅质量,2022-04-07,100,0.010040999542146718,0.1,0.05,0.00015000000000000001,0.009890999542146717
仅质量,2022-04-14,100,-0.0620642048952623,0.14,0.07,0.00021000000000000004,-0.0622742048952623
仅质量,2022-04-21,100,-0.0791506236625742,0.16,0.08,0.00024,-0.0793906236625742
仅质量,2022-04-28,100,0.08412548701125494,0.56,0.28,0.0008400000000000001,0.08328548701125495
仅质量,2022-05-10,100,0.011591419696780101,0.68,0.34,0.00102,0.010571419696780101
仅质量,2022-05-17,100,-0.008670420660636337,0.0,0.0,0.0,-0.008670420660636337
仅质量,2022-05-24,100,0.06289315914646747,0.0,0.0,0.0,0.06289315914646747
仅质量,2022-05-31,100,0.014780835408351886,0.02,0.01,3e-05,0.014750835408351886
仅质量,2022-06-08,100,0.011989050203486782,0.0,0.0,0.0,0.011989050203486782
仅质量,2022-06-15,100,-0.011791715015491932,0.0,0.0,0.0,-0.011791715015491932
仅质量,2022-06-22,100,0.021149139913442846,0.02,0.01,3e-05,0.021119139913442848
仅质量,2022-06-29,100,-0.007815719108265751,0.02,0.01,3e-05,-0.007845719108265752
仅质量,2022-07-06,100,-0.005132400962231538,0.0,0.0,0.0,-0.005132400962231538
仅质量,2022-07-13,100,0.01139769832694789,0.02,0.01,3e-05,0.01136769832694789
仅质量,2022-07-20,100,-0.008549569817859958,0.02,0.01,3e-05,-0.008579569817859959
仅质量,2022-07-27,100,-0.054014222231612605,0.02,0.01,3e-05,-0.05404422223161261
仅质量,2022-08-03,100,0.03355356938766436,0.08,0.04,0.00012,0.033433569387664355
仅质量,2022-08-10,100,0.03150043505028588,0.06,0.03,8.999999999999999e-05,0.03141043505028588
仅质量,2022-08-17,100,-0.022937362048127696,0.04,0.02,6e-05,-0.022997362048127697
仅质量,2022-08-24,100,-0.005275092578203547,0.2,0.1,0.00030000000000000003,-0.005575092578203547
仅质量,2022-08-31,100,0.014368038075409609,0.28,0.14,0.00042000000000000007,0.013948038075409609
仅质量,2022-09-07,100,-0.00534402393623303,0.0,0.0,0.0,-0.00534402393623303
仅质量,2022-09-15,100,-0.02799489495057295,0.0,0.0,0.0,-0.02799489495057295
仅质量,2022-09-22,100,-0.04802977302131288,0.0,0.0,0.0,-0.04802977302131288
仅质量,2022-09-29,100,0.00591361437733615,0.0,0.0,0.0,0.00591361437733615
仅质量,2022-10-13,100,0.011323171143449893,0.02,0.01,3e-05,0.011293171143449892
仅质量,2022-10-20,100,-0.016852230788330317,0.06,0.03,8.999999999999999e-05,-0.016942230788330317
仅质量,2022-10-27,100,0.01039665476870504,0.18,0.09,0.00027,0.010126654768705041
仅质量,2022-11-03,100,0.04051520931536261,0.18,0.09,0.00027,0.04024520931536261
仅质量,2022-11-10,100,0.03668626236744021,0.02,0.01,3e-05,0.036656262367440205
仅质量,2022-11-17,100,-0.021786207628447612,0.02,0.01,3e-05,-0.02181620762844761
仅质量,2022-11-24,100,0.035346708168801914,0.02,0.01,3e-05,0.03531670816880191
仅质量,2022-12-01,100,0.018532569864670216,0.0,0.0,0.0,0.018532569864670216
仅质量,2022-12-08,100,-0.0075866376701102,0.0,0.0,0.0,-0.0075866376701102
仅质量,2022-12-15,100,-0.029122600696406528,0.0,0.0,0.0,-0.029122600696406528
仅质量,2022-12-22,100,0.0006421034590655006,0.0,0.0,0.0,0.0006421034590655006
仅质量,2022-12-29,100,0.02702203290852995,0.0,0.0,0.0,0.02702203290852995
仅质量,2023-01-06,100,0.007390008488012407,0.0,0.0,0.0,0.007390008488012407
仅质量,2023-01-13,100,0.025128801885365773,0.02,0.01,3e-05,0.025098801885365774
仅质量,2023-01-20,100,0.0197961498696861,0.02,0.01,3e-05,0.0197661498696861
仅质量,2023-02-03,100,0.008341053923005251,0.02,0.01,3e-05,0.008311053923005251
仅质量,2023-02-10,100,-0.014381657395937475,0.0,0.0,0.0,-0.014381657395937475
仅质量,2023-02-17,100,0.010860452698926002,0.0,0.0,0.0,0.010860452698926002
仅质量,2023-02-24,100,0.012811307749303037,0.02,0.01,3e-05,0.012781307749303037
仅质量,2023-03-03,100,-0.029969148900434645,0.02,0.01,3e-05,-0.029999148900434643
仅质量,2023-03-10,100,0.002599562053243446,0.02,0.01,3e-05,0.0025695620532434457
仅质量,2023-03-17,100,0.014681151268725916,0.0,0.0,0.0,0.014681151268725916
仅质量,2023-03-24,100,-0.002539496888377074,0.06,0.03,8.999999999999999e-05,-0.002629496888377074
仅质量,2023-03-31,100,-0.009001462523143287,0.18,0.09,0.00027,-0.009271462523143287
仅质量,2023-04-10,100,0.01705429797709517,0.06,0.03,8.999999999999999e-05,0.016964297977095172
仅质量,2023-04-17,100,-0.04024268229333497,0.04,0.02,6e-05,-0.04030268229333497
仅质量,2023-04-24,100,0.02587844833056309,0.28,0.14,0.00042000000000000007,0.02545844833056309
仅质量,2023-05-04,100,0.006266662534888533,0.52,0.26,0.0007800000000000001,0.0054866625348885326
仅质量,2023-05-11,100,-0.01461904589364021,0.02,0.01,3e-05,-0.01464904589364021
仅质量,2023-05-18,100,-0.029842935513268453,0.0,0.0,0.0,-0.029842935513268453
仅质量,2023-05-25,100,0.008407508638240156,0.02,0.01,3e-05,0.008377508638240156
仅质量,2023-06-01,100,0.016133067648374716,0.0,0.0,0.0,0.016133067648374716
仅质量,2023-06-08,100,0.015112361543831887,0.02,0.01,3e-05,0.015082361543831886
仅质量,2023-06-15,100,-0.05379233576285259,0.02,0.01,3e-05,-0.05382233576285259
仅质量,2023-06-26,100,0.0386058558016132,0.04,0.02,6e-05,0.0385458558016132
仅质量,2023-07-03,100,-0.0019975398403313583,0.0,0.0,0.0,-0.0019975398403313583
仅质量,2023-07-10,100,0.003968578513773632,0.0,0.0,0.0,0.003968578513773632
仅质量,2023-07-17,100,0.006854960274272379,0.0,0.0,0.0,0.006854960274272379
仅质量,2023-07-24,100,0.05561754877910571,0.06,0.03,8.999999999999999e-05,0.05552754877910571
仅质量,2023-07-31,100,-0.016599436071970706,0.02,0.01,3e-05,-0.016629436071970705
仅质量,2023-08-07,100,-0.020648209997108716,0.0,0.0,0.0,-0.020648209997108716
仅质量,2023-08-14,100,-0.018913187520412864,0.04,0.02,6e-05,-0.018973187520412865
仅质量,2023-08-21,100,-0.004587333707700483,0.1,0.05,0.00015000000000000001,-0.004737333707700483
仅质量,2023-08-28,100,0.033033976136219056,0.24,0.12,0.00035999999999999997,0.03267397613621906
仅质量,2023-09-04,100,-0.023319730474846544,0.24,0.12,0.00035999999999999997,-0.023679730474846544
仅质量,2023-09-11,100,-0.0019554126050160547,0.0,0.0,0.0,-0.0019554126050160547
仅质量,2023-09-18,100,-0.02206477636083778,0.0,0.0,0.0,-0.02206477636083778
仅质量,2023-09-25,100,-0.017775881138694532,0.0,0.0,0.0,-0.017775881138694532
仅质量,2023-10-10,100,-0.009475580800095128,0.0,0.0,0.0,-0.009475580800095128
仅质量,2023-10-17,100,-0.027635401040361076,0.0,0.0,0.0,-0.027635401040361076
仅质量,2023-10-24,100,0.04220716168410608,0.1,0.05,0.00015000000000000001,0.04205716168410608
仅质量,2023-10-31,100,0.015413467063736794,0.26,0.13,0.00039000000000000005,0.015023467063736794
仅质量,2023-11-07,100,0.008337585059679317,0.0,0.0,0.0,0.008337585059679317
仅质量,2023-11-14,100,0.014509742815330906,0.02,0.01,3e-05,0.014479742815330906
仅质量,2023-11-21,100,-0.008369671518005984,0.0,0.0,0.0,-0.008369671518005984
仅质量,2023-11-28,100,-0.0117173827739339,0.0,0.0,0.0,-0.0117173827739339
仅质量,2023-12-05,100,0.01346948380616368,0.0,0.0,0.0,0.01346948380616368
仅质量,2023-12-12,100,-0.024887035778423078,0.0,0.0,0.0,-0.024887035778423078
仅质量,2023-12-19,100,-0.0388988164347981,0.0,0.0,0.0,-0.0388988164347981
仅质量,2023-12-26,100,0.03527269600427607,0.0,0.0,0.0,0.03527269600427607
仅质量,2024-01-03,100,-0.028166046380504028,0.0,0.0,0.0,-0.028166046380504028
仅质量,2024-01-10,100,-0.017757263970255385,0.0,0.0,0.0,-0.017757263970255385
仅质量,2024-01-17,100,-0.037448147181446775,0.0,0.0,0.0,-0.037448147181446775
仅质量,2024-01-24,100,-0.04146445244779536,0.0,0.0,0.0,-0.04146445244779536
仅质量,2024-01-31,100,-0.0789627091667287,0.0,0.0,0.0,-0.0789627091667287
仅质量,2024-02-07,100,0.12104440121143774,0.0,0.0,0.0,0.12104440121143774
仅质量,2024-02-22,100,0.02199092201525283,0.0,0.0,0.0,0.02199092201525283
仅质量,2024-02-29,100,-0.008182638295404611,0.0,0.0,0.0,-0.008182638295404611
仅质量,2024-03-07,100,0.0332762236089685,0.0,0.0,0.0,0.0332762236089685
仅质量,2024-03-14,100,0.03668344711524092,0.04,0.02,6e-05,0.036623447115240924
仅质量,2024-03-21,100,-0.03317847462555206,0.02,0.01,3e-05,-0.03320847462555206
仅质量,2024-03-28,100,0.019748984197543486,0.08,0.04,0.00012,0.019628984197543487
仅质量,2024-04-08,100,-0.0246009896600325,0.24,0.12,0.00035999999999999997,-0.0249609896600325
仅质量,2024-04-15,100,-0.02354007284578505,0.08,0.04,0.00012,-0.023660072845785047
仅质量,2024-04-22,100,0.0513931882530697,0.1,0.05,0.00015000000000000001,0.051243188253069706
仅质量,2024-04-29,100,0.016618357930096663,0.74,0.37,0.00111,0.015508357930096663
仅质量,2024-05-09,100,0.0023688830524237047,0.6,0.3,0.0009,0.0014688830524237047
仅质量,2024-05-16,100,-0.01784735528774938,0.1,0.05,0.00015000000000000001,-0.01799735528774938
仅质量,2024-05-23,100,-0.018758946669868354,0.02,0.01,3e-05,-0.018788946669868353
仅质量,2024-05-30,100,-0.05845528688964917,0.02,0.01,3e-05,-0.05848528688964917
仅质量,2024-06-06,100,0.021674212628864445,0.04,0.02,6e-05,0.021614212628864444
仅质量,2024-06-14,100,-0.03248212689362628,0.04,0.02,6e-05,-0.032542126893626275
仅质量,2024-06-21,100,-0.021989213411794228,0.04,0.02,6e-05,-0.02204921341179423
仅质量,2024-06-28,100,0.001831070036835617,0.04,0.02,6e-05,0.001771070036835617
仅质量,2024-07-05,100,0.0017699981138148445,0.04,0.02,6e-05,0.0017099981138148446
仅质量,2024-07-12,100,-0.012434092732715406,0.02,0.01,3e-05,-0.012464092732715407
仅质量,2024-07-19,100,-0.015653233164968746,0.04,0.02,6e-05,-0.015713233164968747
仅质量,2024-07-26,100,0.03216564156422753,0.04,0.02,6e-05,0.03210564156422753
仅质量,2024-08-02,100,-0.0007500658208401189,0.06,0.03,8.999999999999999e-05,-0.0008400658208401189
仅质量,2024-08-09,100,-0.009320112372712562,0.04,0.02,6e-05,-0.009380112372712562
仅质量,2024-08-16,100,-0.03903674003239902,0.1,0.05,0.00015000000000000001,-0.03918674003239902
仅质量,2024-08-23,100,0.029986203294339916,0.12,0.06,0.00017999999999999998,0.029806203294339917
仅质量,2024-08-30,100,-0.02176795509142835,0.3,0.15,0.00045,-0.02221795509142835
仅质量,2024-09-06,100,-0.007354006789205594,0.1,0.05,0.00015000000000000001,-0.007504006789205594
仅质量,2024-09-13,100,0.06996965074977862,0.02,0.01,3e-05,0.06993965074977862
仅质量,2024-09-24,100,0.2720054653516627,0.02,0.01,3e-05,0.2719754653516627
仅质量,2024-10-08,100,-0.10056260972728863,0.04,0.02,6e-05,-0.10062260972728863
仅质量,2024-10-15,100,0.04901712750974738,0.02,0.01,3e-05,0.048987127509747375
仅质量,2024-10-22,100,0.02531241219941264,0.06,0.03,8.999999999999999e-05,0.02522241219941264
仅质量,2024-10-29,100,0.032706163194898746,0.2,0.1,0.00030000000000000003,0.032406163194898745
仅质量,2024-11-05,100,0.03322417024255106,0.16,0.08,0.00024,0.03298417024255106
仅质量,2024-11-12,100,-0.028441811562861005,0.02,0.01,3e-05,-0.028471811562861004
仅质量,2024-11-19,100,-0.0024495701135643175,0.02,0.01,3e-05,-0.0024795701135643176
仅质量,2024-11-26,100,0.05300773849509703,0.0,0.0,0.0,0.05300773849509703
仅质量,2024-12-03,100,0.017079741973810438,0.0,0.0,0.0,0.017079741973810438
仅质量,2024-12-10,100,-0.019671861831829455,0.02,0.01,3e-05,-0.019701861831829454
仅质量,2024-12-17,100,-0.028058185990882913,0.02,0.01,3e-05,-0.028088185990882912
仅质量,2024-12-24,100,-0.02515394919076613,0.02,0.01,3e-05,-0.02518394919076613
仅质量,2024-12-31,100,-0.04315878904877797,0.02,0.01,3e-05,-0.04318878904877797
仅质量,2025-01-08,100,0.02274623960904447,0.04,0.02,6e-05,0.022686239609044468
仅质量,2025-01-15,100,-0.003776801315346224,0.02,0.01,3e-05,-0.0038068013153462242
仅质量,2025-01-22,100,0.025771809043729492,0.04,0.02,6e-05,0.02571180904372949
仅质量,2025-02-06,100,0.0426153731913398,0.0,0.0,0.0,0.0426153731913398
仅质量,2025-02-13,100,-0.00912951863591067,0.0,0.0,0.0,-0.00912951863591067
仅质量,2025-02-20,100,0.010991372509564954,0.0,0.0,0.0,0.010991372509564954
仅质量,2025-02-27,100,0.003309182995766933,0.02,0.01,3e-05,0.0032791829957669327
仅质量,2025-03-06,100,0.006700941677558001,0.02,0.01,3e-05,0.006670941677558002
仅质量,2025-03-13,100,0.017100938883849285,0.02,0.01,3e-05,0.017070938883849286
仅质量,2025-03-20,100,-0.017353659536360595,0.08,0.04,0.00012,-0.017473659536360594
仅质量,2025-03-27,100,-0.011677773058501699,0.06,0.03,8.999999999999999e-05,-0.011767773058501699
仅质量,2025-04-03,100,-0.040845763176731394,0.2,0.1,0.00030000000000000003,-0.041145763176731395
仅质量,2025-04-11,100,0.010805847729605017,0.04,0.02,6e-05,0.010745847729605018
仅质量,2025-04-18,100,0.014155736592379418,0.12,0.06,0.00017999999999999998,0.013975736592379419
仅质量,2025-04-25,100,0.013070094756532553,0.38,0.19,0.00057,0.012500094756532553
仅质量,2025-05-07,100,0.014803368343296455,0.64,0.32,0.00096,0.013843368343296454
仅质量,2025-05-14,100,0.009758741819480842,0.02,0.01,3e-05,0.009728741819480842
仅质量,2025-05-21,100,-0.02165085649013947,0.02,0.01,3e-05,-0.02168085649013947
仅质量,2025-05-28,100,0.012380161140053985,0.02,0.01,3e-05,0.012350161140053984
仅质量,2025-06-05,100,0.017624891211571573,0.0,0.0,0.0,0.017624891211571573
仅质量,2025-06-12,100,-0.029511872472783408,0.02,0.01,3e-05,-0.029541872472783406
仅质量,2025-06-19,100,0.033744225325822705,0.04,0.02,6e-05,0.03368422532582271
仅质量,2025-06-26,100,0.020173784245384928,0.0,0.0,0.0,0.020173784245384928
仅质量,2025-07-03,100,0.020463704276332973,0.02,0.01,3e-05,0.020433704276332974
仅质量,2025-07-10,100,0.002258087126233189,0.0,0.0,0.0,0.002258087126233189
仅质量,2025-07-17,100,0.04498479794974248,0.02,0.01,3e-05,0.04495479794974248
仅质量,2025-07-24,100,-0.026101249233627177,0.0,0.0,0.0,-0.026101249233627177
仅质量,2025-07-31,100,0.028080835375456355,0.06,0.03,8.999999999999999e-05,0.027990835375456356
仅质量,2025-08-07,100,-0.0008395058823935053,0.02,0.01,3e-05,-0.0008695058823935053
仅质量,2025-08-14,100,0.04525651688315662,0.08,0.04,0.00012,0.04513651688315662
仅质量,2025-08-21,100,-0.0019212292938672437,0.08,0.04,0.00012,-0.0020412292938672438
仅质量,2025-08-28,100,-0.02055133497266307,0.38,0.19,0.00057,-0.02112133497266307
仅质量,2025-09-04,100,0.040716387425160414,0.3,0.15,0.00045,0.040266387425160415
仅质量,2025-09-11,100,-0.016464747298470212,0.02,0.01,3e-05,-0.01649474729847021
仅质量,2025-09-18,100,0.003776611364616965,0.0,0.0,0.0,0.003776611364616965
仅质量,2025-09-25,100,0.026296872440916733,0.0,0.0,0.0,0.026296872440916733
仅质量,2025-10-10,100,-0.023923456405544875,0.0,0.0,0.0,-0.023923456405544875
仅质量,2025-10-17,100,0.01505884079313231,0.0,0.0,0.0,0.01505884079313231
仅质量,2025-10-24,100,0.015315293160222952,0.04,0.02,6e-05,0.015255293160222953
仅质量,2025-10-31,100,0.014548689961949794,0.18,0.09,0.00027,0.014278689961949795
仅质量,2025-11-07,100,0.026261800044285816,0.02,0.01,3e-05,0.026231800044285818
仅质量,2025-11-14,100,-0.045451619121102044,0.0,0.0,0.0,-0.045451619121102044
仅质量,2025-11-21,100,0.031977498014832906,0.04,0.02,6e-05,0.03191749801483291
仅质量,2025-11-28,100,0.004883412181354856,0.0,0.0,0.0,0.004883412181354856
仅质量,2025-12-05,100,-0.020716118842490826,0.0,0.0,0.0,-0.020716118842490826
仅质量,2025-12-12,100,0.01489078277410053,0.02,0.01,3e-05,0.01486078277410053
仅质量,2025-12-19,100,0.0147329410707162,0.02,0.01,3e-05,0.0147029410707162
仅质量,2025-12-26,100,0.03464273725797705,0.0,0.0,0.0,0.03464273725797705
仅质量,2026-01-06,100,0.04258180793361751,0.02,0.01,3e-05,0.04255180793361751
仅质量,2026-01-13,100,0.01645387807812614,0.04,0.02,6e-05,0.016393878078126138
仅质量,2026-01-20,100,0.025209817018498212,0.04,0.02,6e-05,0.02514981701849821
仅质量,2026-01-27,100,0.002825057353849478,0.02,0.01,3e-05,0.002795057353849478
仅质量,2026-02-03,100,0.005423775013574785,0.04,0.02,6e-05,0.005363775013574785
仅质量,2026-02-10,100,0.010080707471357968,0.0,0.0,0.0,0.010080707471357968
仅质量,2026-02-25,100,-0.02417342545920339,0.02,0.01,3e-05,-0.024203425459203388
仅质量,2026-03-04,100,0.02251486623212466,0.0,0.0,0.0,0.02251486623212466
仅质量,2026-03-11,100,-0.022745063052133245,0.04,0.02,6e-05,-0.022805063052133246
仅质量,2026-03-18,100,-0.04435977827507859,0.04,0.02,6e-05,-0.044419778275078585
仅质量,2026-03-25,100,0.0011811833599571719,0.08,0.04,0.00012,0.0010611833599571718
仅质量,2026-04-01,100,0.004872908175407911,0.12,0.06,0.00017999999999999998,0.004692908175407911
仅质量,2026-04-09,100,0.02655984863701974,0.08,0.04,0.00012,0.02643984863701974
仅质量,2026-04-16,100,0.0035671108707541086,0.06,0.03,8.999999999999999e-05,0.003477110870754109
仅质量,2026-04-23,100,0.005095275727558941,0.18,0.09,0.00027,0.004825275727558941
仅质量,2026-04-30,100,0.01977103568405247,0.44,0.22,0.00066,0.01911103568405247
仅质量,2026-05-12,100,-0.03450751391049185,0.0,0.0,0.0,-0.03450751391049185
仅质量,2026-05-19,100,-0.030080861799220638,0.02,0.01,3e-05,-0.030110861799220637
仅质量,2026-05-26,100,-0.017262494650645995,0.02,0.01,3e-05,-0.017292494650645994
仅质量,2026-06-02,100,-0.06462302611846693,0.0,0.0,0.0,-0.06462302611846693
仅质量,2026-06-09,100,0.005860126562207317,0.0,0.0,0.0,0.005860126562207317
仅质量,2026-06-16,100,-0.03407888594831579,0.0,0.0,0.0,-0.03407888594831579
仅质量,2026-06-24,100,-0.02651858450866107,0.02,0.01,3e-05,-0.026548584508661068
仅质量,2026-07-01,100,-0.02285569379916523,0.02,0.01,3e-05,-0.02288569379916523
仅质量,2026-07-08,100,0.019105089867336996,0.0,0.0,0.0,0.019105089867336996
仅质量,2026-07-15,100,-0.014604868573351065,0.0,0.0,0.0,-0.014604868573351065
仅质量,2026-07-22,100,0.030784979741946616,0.0,0.0,0.0,0.030784979741946616
随机100,2015-01-05,100,-0.019212929341144987,1.0,1.0,0.0015,-0.02071292934114499
随机100,2015-01-12,100,-0.006854304785285767,1.86,0.93,0.0027900000000000004,-0.009644304785285768
随机100,2015-01-19,100,0.09216068612352434,1.9000000000000001,0.9500000000000001,0.00285,0.08931068612352433
随机100,2015-01-26,100,-0.0305468742140644,1.92,0.96,0.0028799999999999997,-0.0334268742140644
随机100,2015-02-02,100,-0.016658084736455706,1.86,0.93,0.0027900000000000004,-0.019448084736455706
随机100,2015-02-09,100,0.06889992241192582,1.9000000000000001,0.9500000000000001,0.00285,0.06604992241192581
随机100,2015-02-16,100,0.045693053503293245,1.86,0.93,0.0027900000000000004,0.042903053503293244
随机100,2015-03-02,100,0.02351363622010498,1.92,0.96,0.0028799999999999997,0.02063363622010498
随机100,2015-03-09,100,0.04981302353829045,1.92,0.96,0.0028799999999999997,0.04693302353829045
随机100,2015-03-16,100,0.08065340161147201,1.8800000000000001,0.9400000000000001,0.00282,0.07783340161147201
随机100,2015-03-23,100,0.02200608830502452,1.86,0.93,0.0027900000000000004,0.01921608830502452
随机100,2015-03-30,100,0.10907498508705592,1.92,0.96,0.0028799999999999997,0.10619498508705592
随机100,2015-04-07,100,0.03533194490428516,1.8800000000000001,0.9400000000000001,0.00282,0.032511944904285155
随机100,2015-04-14,100,-0.004546907903978778,1.96,0.98,0.00294,-0.007486907903978778
随机100,2015-04-21,100,0.005182539565601616,1.9000000000000001,0.9500000000000001,0.00285,0.0023325395656016157
随机100,2015-04-28,100,-0.004495679257319842,1.84,0.92,0.0027600000000000003,-0.007255679257319843
随机100,2015-05-06,100,0.09940207866598694,1.8,0.9,0.0027,0.09670207866598694
随机100,2015-05-13,100,0.10020311858195609,1.8800000000000001,0.9400000000000001,0.00282,0.09738311858195609
随机100,2015-05-20,100,0.13593869142524143,1.9000000000000001,0.9500000000000001,0.00285,0.13308869142524143
随机100,2015-05-27,100,0.049656221608771735,1.9000000000000001,0.9500000000000001,0.00285,0.046806221608771736
随机100,2015-06-03,100,0.020828556325836436,1.92,0.96,0.0028799999999999997,0.017948556325836435
随机100,2015-06-10,100,-0.0007420760448455621,1.82,0.91,0.0027300000000000002,-0.0034720760448455623
随机100,2015-06-17,100,-0.11685738760280495,1.8800000000000001,0.9400000000000001,0.00282,-0.11967738760280495
随机100,2015-06-25,100,-0.2450007652899581,1.8800000000000001,0.9400000000000001,0.00282,-0.24782076528995808
随机100,2015-07-02,100,-0.18885459615364497,1.9000000000000001,0.9500000000000001,0.00285,-0.19170459615364496
随机100,2015-07-09,100,0.14655610970817393,1.96,0.98,0.00294,0.14361610970817393
随机100,2015-07-16,100,0.18920428472794865,1.82,0.91,0.0027300000000000002,0.18647428472794864
随机100,2015-07-23,100,-0.1430456314364339,1.9000000000000001,0.9500000000000001,0.00285,-0.1458956314364339
随机100,2015-07-30,100,-0.0059058377249542075,1.8800000000000001,0.9400000000000001,0.00282,-0.008725837724954208
随机100,2015-08-06,100,0.14765032258602803,1.86,0.93,0.0027900000000000004,0.14486032258602805
随机100,2015-08-13,100,-0.05696748229644606,1.94,0.97,0.00291,-0.059877482296446065
随机100,2015-08-20,100,-0.23353608749614435,1.9000000000000001,0.9500000000000001,0.00285,-0.23638608749614434
随机100,2015-08-27,100,-0.046373285315452636,1.92,0.96,0.0028799999999999997,-0.04925328531545264
随机100,2015-09-07,100,0.005656578131757286,1.9000000000000001,0.9500000000000001,0.00285,0.002806578131757286
随机100,2015-09-14,100,0.06890102249671255,1.84,0.92,0.0027600000000000003,0.06614102249671255
随机100,2015-09-21,100,-0.008568959517267284,1.86,0.93,0.0027900000000000004,-0.011358959517267285
随机100,2015-09-28,100,0.10629609663490863,1.94,0.97,0.00291,0.10338609663490864
随机100,2015-10-12,100,0.07389981635937705,1.84,0.92,0.0027600000000000003,0.07113981635937705
随机100,2015-10-19,100,0.03031644524804038,1.82,0.91,0.0027300000000000002,0.02758644524804038
随机100,2015-10-26,100,-0.03291618719972085,1.9000000000000001,0.9500000000000001,0.00285,-0.03576618719972085
随机100,2015-11-02,100,0.1139588115772926,1.84,0.92,0.0027600000000000003,0.1111988115772926
随机100,2015-11-09,100,0.0235247093625023,1.9000000000000001,0.9500000000000001,0.00285,0.0206747093625023
随机100,2015-11-16,100,0.015138035187518344,1.96,0.98,0.00294,0.012198035187518344
随机100,2015-11-23,100,-0.03416339244703402,1.8800000000000001,0.9400000000000001,0.00282,-0.036983392447034025
随机100,2015-11-30,100,0.045964655515748624,1.96,0.98,0.00294,0.043024655515748626
随机100,2015-12-07,100,-0.018162801888720322,1.78,0.89,0.00267,-0.02083280188872032
随机100,2015-12-14,100,0.06357116714503841,1.92,0.96,0.0028799999999999997,0.06069116714503841
随机100,2015-12-21,100,-0.006174983451057398,1.9000000000000001,0.9500000000000001,0.00285,-0.009024983451057398
随机100,2015-12-28,100,-0.09554627198663435,1.9000000000000001,0.9500000000000001,0.00285,-0.09839627198663435
随机100,2016-01-05,100,-0.1299976673312076,1.92,0.96,0.0028799999999999997,-0.1328776673312076
随机100,2016-01-12,100,0.02288830351819019,1.9000000000000001,0.9500000000000001,0.00285,0.020038303518190193
随机100,2016-01-19,100,-0.10082992759482666,1.92,0.96,0.0028799999999999997,-0.10370992759482665
随机100,2016-01-26,100,0.0002942310316664953,1.9000000000000001,0.9500000000000001,0.00285,-0.002555768968333505
随机100,2016-02-02,100,0.07131217929629213,1.94,0.97,0.00291,0.06840217929629214
随机100,2016-02-16,100,0.03903970498331466,1.92,0.96,0.0028799999999999997,0.03615970498331466
随机100,2016-02-23,100,-0.1138736501291539,1.94,0.97,0.00291,-0.1167836501291539
随机100,2016-03-01,100,0.05178710946745399,1.8800000000000001,0.9400000000000001,0.00282,0.04896710946745399
随机100,2016-03-08,100,-0.019323250047114174,1.9000000000000001,0.9500000000000001,0.00285,-0.022173250047114172
随机100,2016-03-15,100,0.09594180736631705,1.8800000000000001,0.9400000000000001,0.00282,0.09312180736631705
随机100,2016-03-22,100,-0.028709279962961177,1.9000000000000001,0.9500000000000001,0.00285,-0.03155927996296118
随机100,2016-03-29,100,0.08347623807109483,1.94,0.97,0.00291,0.08056623807109484
随机100,2016-04-06,100,0.010320521683836032,1.82,0.91,0.0027300000000000002,0.007590521683836032
随机100,2016-04-13,100,-0.03815978071499605,1.8800000000000001,0.9400000000000001,0.00282,-0.040979780714996056
随机100,2016-04-20,100,0.0030502722585060995,1.94,0.97,0.00291,0.00014027225850609965
随机100,2016-04-27,100,0.032655045378928105,1.94,0.97,0.00291,0.029745045378928105
随机100,2016-05-05,100,-0.10122657511503468,1.94,0.97,0.00291,-0.10413657511503467
随机100,2016-05-12,100,0.001203218637123472,1.9000000000000001,0.9500000000000001,0.00285,-0.001646781362876528
随机100,2016-05-19,100,0.02143237233389025,1.92,0.96,0.0028799999999999997,0.01855237233389025
随机100,2016-05-26,100,0.05458307279171721,1.94,0.97,0.00291,0.051673072791717206
随机100,2016-06-02,100,-0.04130847483670685,1.96,0.98,0.00294,-0.044248474836706846
随机100,2016-06-13,100,0.049920594970221395,1.8800000000000001,0.9400000000000001,0.00282,0.04710059497022139
随机100,2016-06-20,100,0.020255515758582598,1.96,0.98,0.00294,0.017315515758582596
随机100,2016-06-27,100,0.028348133180573862,1.92,0.96,0.0028799999999999997,0.025468133180573862
随机100,2016-07-04,100,0.007793429780752355,1.94,0.97,0.00291,0.004883429780752355
随机100,2016-07-11,100,0.018767396163514513,1.9000000000000001,0.9500000000000001,0.00285,0.015917396163514515
随机100,2016-07-18,100,0.003584647183625562,1.86,0.93,0.0027900000000000004,0.0007946471836255617
随机100,2016-07-25,100,-0.05864946750594956,1.94,0.97,0.00291,-0.06155946750594956
随机100,2016-08-01,100,0.03060231458035757,1.8800000000000001,0.9400000000000001,0.00282,0.02778231458035757
随机100,2016-08-08,100,0.02639410907718398,1.94,0.97,0.00291,0.02348410907718398
随机100,2016-08-15,100,0.0044380364151413235,1.82,0.91,0.0027300000000000002,0.0017080364151413232
随机100,2016-08-22,100,0.005937713086676069,1.84,0.92,0.0027600000000000003,0.0031777130866760686
随机100,2016-08-29,100,0.002291596855774558,1.94,0.97,0.00291,-0.0006184031442254419
随机100,2016-09-05,100,-0.02090601392493577,1.9000000000000001,0.9500000000000001,0.00285,-0.023756013924935773
随机100,2016-09-12,100,0.017193079696592038,1.9000000000000001,0.9500000000000001,0.00285,0.014343079696592037
随机100,2016-09-21,100,-0.0109246258536353,1.9000000000000001,0.9500000000000001,0.00285,-0.0137746258536353
随机100,2016-09-28,100,0.04092610249460238,1.86,0.93,0.0027900000000000004,0.03813610249460238
随机100,2016-10-12,100,0.01336895961090796,1.8800000000000001,0.9400000000000001,0.00282,0.01054895961090796
随机100,2016-10-19,100,0.006058758062691943,1.94,0.97,0.00291,0.003148758062691943
随机100,2016-10-26,100,-0.001614522044621044,1.94,0.97,0.00291,-0.004524522044621044
随机100,2016-11-02,100,0.0118675812034938,1.92,0.96,0.0028799999999999997,0.0089875812034938
随机100,2016-11-09,100,0.02625270173574489,1.96,0.98,0.00294,0.023312701735744887
随机100,2016-11-16,100,0.0037510655968259975,1.94,0.97,0.00291,0.0008410655968259977
随机100,2016-11-23,100,-0.009417762933284297,1.96,0.98,0.00294,-0.012357762933284297
随机100,2016-11-30,100,-0.003088339903558929,1.9000000000000001,0.9500000000000001,0.00285,-0.005938339903558929
随机100,2016-12-07,100,-0.05090795380966309,1.86,0.93,0.0027900000000000004,-0.05369795380966309
随机100,2016-12-14,100,0.02637628773007304,1.96,0.98,0.00294,0.023436287730073037
随机100,2016-12-21,100,-0.005123071365746117,1.8800000000000001,0.9400000000000001,0.00282,-0.007943071365746117
随机100,2016-12-28,100,0.028612406844925022,1.96,0.98,0.00294,0.02567240684492502
随机100,2017-01-05,100,-0.01889373183478641,1.92,0.96,0.0028799999999999997,-0.02177373183478641
随机100,2017-01-12,100,-0.04650869230831653,1.84,0.92,0.0027600000000000003,-0.04926869230831653
随机100,2017-01-19,100,0.032832245783776505,1.8800000000000001,0.9400000000000001,0.00282,0.030012245783776505
随机100,2017-01-26,100,0.022046107109859124,1.8,0.9,0.0027,0.019346107109859123
随机100,2017-02-09,100,2.0104880765491328e-05,1.9000000000000001,0.9500000000000001,0.00285,-0.002829895119234509
随机100,2017-02-16,100,0.009184862416483818,1.8800000000000001,0.9400000000000001,0.00282,0.0063648624164838186
随机100,2017-02-23,100,-0.002277094082308162,1.94,0.97,0.00291,-0.005187094082308162
随机100,2017-03-02,100,0.009016485364948826,1.94,0.97,0.00291,0.006106485364948826
随机100,2017-03-09,100,0.013529767830127777,1.94,0.97,0.00291,0.010619767830127778
随机100,2017-03-16,100,-0.005558615366551329,1.92,0.96,0.0028799999999999997,-0.008438615366551327
随机100,2017-03-23,100,-0.029546117119923877,1.8800000000000001,0.9400000000000001,0.00282,-0.032366117119923876
随机100,2017-03-30,100,0.02560251583156165,1.8800000000000001,0.9400000000000001,0.00282,0.02278251583156165
随机100,2017-04-10,100,-0.028802129777725498,1.94,0.97,0.00291,-0.0317121297777255
随机100,2017-04-17,100,-0.06501491345301474,1.98,0.99,0.00297,-0.06798491345301474
随机100,2017-04-24,100,0.03432133813250772,1.9000000000000001,0.9500000000000001,0.00285,0.03147133813250772
随机100,2017-05-02,100,-0.029586300395830392,1.92,0.96,0.0028799999999999997,-0.03246630039583039
随机100,2017-05-09,100,-0.005030585682755631,1.92,0.96,0.0028799999999999997,-0.007910585682755631
随机100,2017-05-16,100,-0.045956820044490115,1.84,0.92,0.0027600000000000003,-0.048716820044490114
随机100,2017-05-23,100,-0.012988794143593082,1.86,0.93,0.0027900000000000004,-0.01577879414359308
随机100,2017-06-01,100,0.04489367128074575,1.92,0.96,0.0028799999999999997,0.04201367128074575
随机100,2017-06-08,100,0.0076542324103826154,2.0,1.0,0.003,0.004654232410382615
随机100,2017-06-15,100,-0.010677838838783362,1.8800000000000001,0.9400000000000001,0.00282,-0.013497838838783362
随机100,2017-06-22,100,0.023969678977906136,1.8800000000000001,0.9400000000000001,0.00282,0.021149678977906136
随机100,2017-06-29,100,0.012059955933188902,1.96,0.98,0.00294,0.009119955933188902
随机100,2017-07-06,100,-0.009424106985019588,1.9000000000000001,0.9500000000000001,0.00285,-0.012274106985019588
随机100,2017-07-13,100,-0.012826525522711699,1.92,0.96,0.0028799999999999997,-0.0157065255227117
随机100,2017-07-20,100,0.015484346507667935,1.9000000000000001,0.9500000000000001,0.00285,0.012634346507667935
随机100,2017-07-27,100,0.009840087152851921,1.86,0.93,0.0027900000000000004,0.00705008715285192
随机100,2017-08-03,100,0.0076295712292445686,1.9000000000000001,0.9500000000000001,0.00285,0.0047795712292445685
随机100,2017-08-10,100,0.018898379149936903,1.86,0.93,0.0027900000000000004,0.016108379149936902
随机100,2017-08-17,100,-0.011699290907528961,1.98,0.99,0.00297,-0.014669290907528961
随机100,2017-08-24,100,0.030139381063354013,1.84,0.92,0.0027600000000000003,0.02737938106335401
随机100,2017-08-31,100,0.023908988645056126,1.86,0.93,0.0027900000000000004,0.021118988645056125
随机100,2017-09-07,100,0.013851846093103191,1.9000000000000001,0.9500000000000001,0.00285,0.011001846093103191
随机100,2017-09-14,100,0.0023951147792522155,1.96,0.98,0.00294,-0.0005448852207477844
随机100,2017-09-21,100,-0.014623109156528025,1.94,0.97,0.00291,-0.017533109156528025
随机100,2017-09-28,100,0.03570144959223865,1.96,0.98,0.00294,0.03276144959223865
随机100,2017-10-12,100,-0.036054724861130476,1.92,0.96,0.0028799999999999997,-0.038934724861130476
随机100,2017-10-19,100,0.024203630310867936,1.9000000000000001,0.9500000000000001,0.00285,0.021353630310867934
随机100,2017-10-26,100,-0.039826756219449956,1.8800000000000001,0.9400000000000001,0.00282,-0.04264675621944996
随机100,2017-11-02,100,0.016121841315988136,1.9000000000000001,0.9500000000000001,0.00285,0.013271841315988136
随机100,2017-11-09,100,-0.02445925755161369,1.94,0.97,0.00291,-0.02736925755161369
随机100,2017-11-16,100,-0.05919550094111068,1.86,0.93,0.0027900000000000004,-0.06198550094111068
随机100,2017-11-23,100,0.004145413741025025,1.96,0.98,0.00294,0.001205413741025025
随机100,2017-11-30,100,-0.019158136168849527,1.96,0.98,0.00294,-0.02209813616884953
随机100,2017-12-07,100,0.012878177693580304,1.96,0.98,0.00294,0.009938177693580304
随机100,2017-12-14,100,-0.017463920614482206,1.9000000000000001,0.9500000000000001,0.00285,-0.020313920614482207
随机100,2017-12-21,100,-0.014737982432111085,1.92,0.96,0.0028799999999999997,-0.017617982432111084
随机100,2017-12-28,100,0.036078906601591874,1.92,0.96,0.0028799999999999997,0.033198906601591874
随机100,2018-01-05,100,-0.01340329425268663,1.92,0.96,0.0028799999999999997,-0.01628329425268663
随机100,2018-01-12,100,-0.015317479724872211,1.96,0.98,0.00294,-0.01825747972487221
随机100,2018-01-19,100,0.019508281529765813,1.96,0.98,0.00294,0.016568281529765812
随机100,2018-01-26,100,-0.08037332823943757,1.86,0.93,0.0027900000000000004,-0.08316332823943758
随机100,2018-02-02,100,-0.08594953545303337,1.96,0.98,0.00294,-0.08888953545303337
随机100,2018-02-09,100,0.05228702457240731,1.94,0.97,0.00291,0.04937702457240731
随机100,2018-02-23,100,0.03820242968425687,1.9000000000000001,0.9500000000000001,0.00285,0.03535242968425687
随机100,2018-03-02,100,0.03964172669422616,1.92,0.96,0.0028799999999999997,0.03676172669422616
随机100,2018-03-09,100,-0.008263975961944805,1.84,0.92,0.0027600000000000003,-0.011023975961944805
随机100,2018-03-16,100,-0.04986853317932724,2.0,1.0,0.003,-0.05286853317932724
随机100,2018-03-23,100,0.07182542056576527,1.92,0.96,0.0028799999999999997,0.06894542056576528
随机100,2018-03-30,100,-0.0013278439188969759,1.92,0.96,0.0028799999999999997,-0.004207843918896975
随机100,2018-04-10,100,-0.034208064325760096,1.9000000000000001,0.9500000000000001,0.00285,-0.037058064325760094
随机100,2018-04-17,100,0.0041995780449605065,1.92,0.96,0.0028799999999999997,0.0013195780449605067
随机100,2018-04-24,100,-0.012786171076727502,1.82,0.91,0.0027300000000000002,-0.015516171076727502
随机100,2018-05-03,100,0.04125999510995635,1.94,0.97,0.00291,0.03834999510995635
随机100,2018-05-10,100,-0.013473981711081318,1.8800000000000001,0.9400000000000001,0.00282,-0.016293981711081318
随机100,2018-05-17,100,0.0068594587302776774,2.0,1.0,0.003,0.0038594587302776774
随机100,2018-05-24,100,-0.03732420310468532,2.0,1.0,0.003,-0.040324203104685326
随机100,2018-05-31,100,-0.002977187880440879,1.96,0.98,0.00294,-0.005917187880440879
随机100,2018-06-07,100,-0.03147251856662148,1.94,0.97,0.00291,-0.03438251856662148
随机100,2018-06-14,100,-0.0915955857510718,1.98,0.99,0.00297,-0.0945655857510718
随机100,2018-06-22,100,0.023104678008833625,1.94,0.97,0.00291,0.020194678008833625
随机100,2018-06-29,100,-0.03419143829972108,1.92,0.96,0.0028799999999999997,-0.03707143829972108
随机100,2018-07-06,100,0.03970189704786265,1.94,0.97,0.00291,0.03679189704786265
随机100,2018-07-13,100,-0.0064132189706001255,1.98,0.99,0.00297,-0.009383218970600125
随机100,2018-07-20,100,0.017696899025115828,1.94,0.97,0.00291,0.014786899025115829
随机100,2018-07-27,100,-0.06012561190801831,1.8800000000000001,0.9400000000000001,0.00282,-0.06294561190801831
随机100,2018-08-03,100,0.020656955897293248,1.96,0.98,0.00294,0.017716955897293246
随机100,2018-08-10,100,-0.04467051433289529,2.0,1.0,0.003,-0.04767051433289529
随机100,2018-08-17,100,0.010124739872231798,1.8800000000000001,0.9400000000000001,0.00282,0.007304739872231798
随机100,2018-08-24,100,-0.008707575967258158,1.94,0.97,0.00291,-0.011617575967258157
随机100,2018-08-31,100,-0.006048152827198635,1.96,0.98,0.00294,-0.008988152827198635
随机100,2018-09-07,100,-0.015694429554606915,1.86,0.93,0.0027900000000000004,-0.018484429554606916
随机100,2018-09-14,100,0.02854595972930916,1.94,0.97,0.00291,0.02563595972930916
随机100,2018-09-21,100,-0.04545632998407891,1.96,0.98,0.00294,-0.04839632998407891
随机100,2018-10-08,100,-0.09863195383144024,1.98,0.99,0.00297,-0.10160195383144024
随机100,2018-10-15,100,0.022456176236825012,1.92,0.96,0.0028799999999999997,0.01957617623682501
随机100,2018-10-22,100,-0.028007061496500067,1.94,0.97,0.00291,-0.030917061496500066
随机100,2018-10-29,100,0.0738514343654869,1.96,0.98,0.00294,0.0709114343654869
随机100,2018-11-05,100,0.02621751389523742,1.92,0.96,0.0028799999999999997,0.02333751389523742
随机100,2018-11-12,100,0.062018422642824776,1.98,0.99,0.00297,0.059048422642824776
随机100,2018-11-19,100,-0.060138723821922965,1.92,0.96,0.0028799999999999997,-0.06301872382192296
随机100,2018-11-26,100,0.045004800640626945,1.92,0.96,0.0028799999999999997,0.042124800640626944
随机100,2018-12-03,100,-0.022459111155456526,1.94,0.97,0.00291,-0.025369111155456526
随机100,2018-12-10,100,0.00033511125289119705,1.92,0.96,0.0028799999999999997,-0.0025448887471088027
随机100,2018-12-17,100,-0.010204812350691737,1.9000000000000001,0.9500000000000001,0.00285,-0.013054812350691737
随机100,2018-12-24,100,-0.02221123364195173,1.94,0.97,0.00291,-0.02512123364195173
随机100,2019-01-02,100,0.04528552529662872,1.94,0.97,0.00291,0.04237552529662872
随机100,2019-01-09,100,0.0003688674804690451,1.94,0.97,0.00291,-0.002541132519530955
随机100,2019-01-16,100,0.002112507169919944,1.98,0.99,0.00297,-0.000857492830080056
随机100,2019-01-23,100,-0.04301303883721962,2.0,1.0,0.003,-0.046013038837219626
随机100,2019-01-30,100,0.06293797558216094,1.96,0.98,0.00294,0.05999797558216094
随机100,2019-02-13,100,0.05179930813133995,1.9000000000000001,0.9500000000000001,0.00285,0.04894930813133995
随机100,2019-02-20,100,0.06732948637103182,1.9000000000000001,0.9500000000000001,0.00285,0.06447948637103182
随机100,2019-02-27,100,0.08803693998822369,1.9000000000000001,0.9500000000000001,0.00285,0.08518693998822369
随机100,2019-03-06,100,0.014043362327244653,1.9000000000000001,0.9500000000000001,0.00285,0.011193362327244653
随机100,2019-03-13,100,0.013701081399478813,1.96,0.98,0.00294,0.010761081399478813
随机100,2019-03-20,100,-0.012098577134856615,1.96,0.98,0.00294,-0.015038577134856615
随机100,2019-03-27,100,0.07404185910694207,1.96,0.98,0.00294,0.07110185910694207
随机100,2019-04-03,100,-0.004355035537891009,1.94,0.97,0.00291,-0.007265035537891009
随机100,2019-04-11,100,0.012825273302591842,1.94,0.97,0.00291,0.009915273302591843
随机100,2019-04-18,100,-0.05220319352390962,1.8800000000000001,0.9400000000000001,0.00282,-0.05502319352390962
随机100,2019-04-25,100,-0.09014870727324237,1.92,0.96,0.0028799999999999997,-0.09302870727324236
随机100,2019-05-07,100,0.010926192433418231,1.94,0.97,0.00291,0.008016192433418232
随机100,2019-05-14,100,0.0047646929771195,1.9000000000000001,0.9500000000000001,0.00285,0.0019146929771194999
随机100,2019-05-21,100,-0.0022739967901754875,1.94,0.97,0.00291,-0.005183996790175487
随机100,2019-05-28,100,-0.04038486223570626,1.96,0.98,0.00294,-0.04332486223570626
随机100,2019-06-04,100,0.017578254263205847,1.92,0.96,0.0028799999999999997,0.014698254263205847
随机100,2019-06-12,100,0.0027499668425644964,1.94,0.97,0.00291,-0.0001600331574355034
随机100,2019-06-19,100,0.02192226509881595,1.94,0.97,0.00291,0.01901226509881595
随机100,2019-06-26,100,0.018545229072932795,1.96,0.98,0.00294,0.015605229072932795
随机100,2019-07-03,100,-0.03632735304738167,1.9000000000000001,0.9500000000000001,0.00285,-0.039177353047381666
随机100,2019-07-10,100,0.014295693704307237,1.96,0.98,0.00294,0.011355693704307238
随机100,2019-07-17,100,-0.020499702138647744,1.92,0.96,0.0028799999999999997,-0.023379702138647745
随机100,2019-07-24,100,0.0076617151936800585,1.96,0.98,0.00294,0.0047217151936800586
随机100,2019-07-31,100,-0.06781820368248664,1.92,0.96,0.0028799999999999997,-0.07069820368248664
随机100,2019-08-07,100,0.009552009732143641,1.94,0.97,0.00291,0.006642009732143642
随机100,2019-08-14,100,0.043567023422335566,1.94,0.97,0.00291,0.04065702342233556
随机100,2019-08-21,100,0.001203451457215623,1.8800000000000001,0.9400000000000001,0.00282,-0.0016165485427843771
随机100,2019-08-28,100,0.0326224834652411,1.96,0.98,0.00294,0.029682483465241105
随机100,2019-09-04,100,0.033301636960895456,1.8800000000000001,0.9400000000000001,0.00282,0.030481636960895456
随机100,2019-09-11,100,-0.0007361390682477764,1.8800000000000001,0.9400000000000001,0.00282,-0.003556139068247776
随机100,2019-09-19,100,-0.056931071812160165,1.98,0.99,0.00297,-0.059901071812160166
随机100,2019-09-26,100,0.016638892122914296,1.94,0.97,0.00291,0.013728892122914296
随机100,2019-10-10,100,-0.000520521973104886,2.0,1.0,0.003,-0.003520521973104886
随机100,2019-10-17,100,-0.012532472289700926,1.94,0.97,0.00291,-0.015442472289700925
随机100,2019-10-24,100,-0.012901002918654696,1.94,0.97,0.00291,-0.015811002918654695
随机100,2019-10-31,100,0.01234851971889937,1.94,0.97,0.00291,0.00943851971889937
随机100,2019-11-07,100,-0.027693280032300913,1.9000000000000001,0.9500000000000001,0.00285,-0.03054328003230091
随机100,2019-11-14,100,0.009551883863571291,1.9000000000000001,0.9500000000000001,0.00285,0.006701883863571291
随机100,2019-11-21,100,-0.024215876093359318,1.96,0.98,0.00294,-0.027155876093359316
随机100,2019-11-28,100,0.019824569302928415,1.94,0.97,0.00291,0.016914569302928416
随机100,2019-12-05,100,0.011657651606426947,1.9000000000000001,0.9500000000000001,0.00285,0.008807651606426947
随机100,2019-12-12,100,0.05283210685540584,2.0,1.0,0.003,0.04983210685540584
随机100,2019-12-19,100,0.007980621930516303,1.92,0.96,0.0028799999999999997,0.005100621930516303
随机100,2019-12-26,100,0.022759575250299802,1.92,0.96,0.0028799999999999997,0.019879575250299802
随机100,2020-01-03,100,0.01510727216886251,1.92,0.96,0.0028799999999999997,0.012227272168862512
随机100,2020-01-10,100,-0.0007615960381633935,1.94,0.97,0.00291,-0.0036715960381633935
随机100,2020-01-17,100,-0.12697192554315193,1.94,0.97,0.00291,-0.12988192554315192
随机100,2020-02-03,100,0.09476210640060882,1.98,0.99,0.00297,0.09179210640060882
随机100,2020-02-10,100,0.03805099508269158,1.9000000000000001,0.9500000000000001,0.00285,0.03520099508269158
随机100,2020-02-17,100,0.06835832873403794,1.96,0.98,0.00294,0.06541832873403794
随机100,2020-02-24,100,-0.027012439416607793,1.96,0.98,0.00294,-0.029952439416607794
随机100,2020-03-02,100,0.0036569230593508795,1.96,0.98,0.00294,0.0007169230593508796
随机100,2020-03-09,100,-0.05949033097602312,1.9000000000000001,0.9500000000000001,0.00285,-0.062340330976023116
随机100,2020-03-16,100,-0.03934551740273302,1.98,0.99,0.00297,-0.04231551740273302
随机100,2020-03-23,100,0.009969710543880086,1.9000000000000001,0.9500000000000001,0.00285,0.007119710543880086
随机100,2020-03-30,100,0.04494659034948722,1.94,0.97,0.00291,0.042036590349487216
随机100,2020-04-07,100,0.005737365410416501,1.96,0.98,0.00294,0.0027973654104165007
随机100,2020-04-14,100,-0.0017392267435334076,1.8800000000000001,0.9400000000000001,0.00282,-0.004559226743533408
随机100,2020-04-21,100,-0.04403907195460913,1.92,0.96,0.0028799999999999997,-0.04691907195460913
随机100,2020-04-28,100,0.05268802003595496,1.96,0.98,0.00294,0.049748020035954965
随机100,2020-05-08,100,0.013345614625217089,1.96,0.98,0.00294,0.010405614625217089
随机100,2020-05-15,100,-0.03465590947505022,1.9000000000000001,0.9500000000000001,0.00285,-0.03750590947505022
随机100,2020-05-22,100,0.03078876965660657,1.94,0.97,0.00291,0.02787876965660657
随机100,2020-05-29,100,0.034134280261648026,1.94,0.97,0.00291,0.031224280261648026
随机100,2020-06-05,100,0.0011556283955490797,1.96,0.98,0.00294,-0.0017843716044509202
随机100,2020-06-12,100,0.026548083528311176,1.9000000000000001,0.9500000000000001,0.00285,0.023698083528311174
随机100,2020-06-19,100,0.004643469383313854,2.0,1.0,0.003,0.0016434693833138536
随机100,2020-06-30,100,0.09124149926918367,1.86,0.93,0.0027900000000000004,0.08845149926918366
随机100,2020-07-07,100,0.07968310877863956,1.9000000000000001,0.9500000000000001,0.00285,0.07683310877863955
随机100,2020-07-14,100,-0.019378689454453153,2.0,1.0,0.003,-0.022378689454453152
随机100,2020-07-21,100,-0.0339913734873768,1.96,0.98,0.00294,-0.036931373487376795
随机100,2020-07-28,100,0.057322833263567165,1.94,0.97,0.00291,0.05441283326356716
随机100,2020-08-04,100,-0.009996840413209687,1.94,0.97,0.00291,-0.012906840413209686
随机100,2020-08-11,100,0.04119655908418256,1.96,0.98,0.00294,0.03825655908418256
随机100,2020-08-18,100,-0.012966174190354889,1.96,0.98,0.00294,-0.015906174190354887
随机100,2020-08-25,100,0.010592611374589521,1.98,0.99,0.00297,0.0076226113745895205
随机100,2020-09-01,100,0.0025311626229665173,1.96,0.98,0.00294,-0.00040883737703348256
随机100,2020-09-08,100,-0.035912877999913106,1.94,0.97,0.00291,-0.03882287799991311
随机100,2020-09-15,100,-0.017211645481676245,1.9000000000000001,0.9500000000000001,0.00285,-0.020061645481676244
随机100,2020-09-22,100,-0.03388172888888406,1.96,0.98,0.00294,-0.03682172888888406
随机100,2020-09-29,100,0.054612006215361754,1.96,0.98,0.00294,0.051672006215361756
随机100,2020-10-14,100,-0.0175251990584702,1.94,0.97,0.00291,-0.0204351990584702
随机100,2020-10-21,100,-0.011456656397808924,1.92,0.96,0.0028799999999999997,-0.014336656397808924
随机100,2020-10-28,100,-0.003938364746143961,1.98,0.99,0.00297,-0.006908364746143961
随机100,2020-11-04,100,0.009385790176028754,1.94,0.97,0.00291,0.0064757901760287544
随机100,2020-11-11,100,0.006175841240873954,1.92,0.96,0.0028799999999999997,0.0032958412408739543
随机100,2020-11-18,100,-0.0026701240831542607,1.94,0.97,0.00291,-0.00558012408315426
随机100,2020-11-25,100,0.011305249703815358,1.9000000000000001,0.9500000000000001,0.00285,0.008455249703815358
随机100,2020-12-02,100,-0.017392075818854068,1.92,0.96,0.0028799999999999997,-0.02027207581885407
随机100,2020-12-09,100,-0.018563511651785172,1.86,0.93,0.0027900000000000004,-0.021353511651785173
随机100,2020-12-16,100,0.005850612608887619,1.8800000000000001,0.9400000000000001,0.00282,0.003030612608887619
随机100,2020-12-23,100,-0.016190045823489624,1.8800000000000001,0.9400000000000001,0.00282,-0.019010045823489623
随机100,2020-12-30,100,0.0016495389335251754,1.96,0.98,0.00294,-0.0012904610664748245
随机100,2021-01-07,100,-0.018265244713860845,1.98,0.99,0.00297,-0.021235244713860846
随机100,2021-01-14,100,0.03511155719521466,1.94,0.97,0.00291,0.032201557195214656
随机100,2021-01-21,100,-0.04417068488316873,1.94,0.97,0.00291,-0.04708068488316873
随机100,2021-01-28,100,-0.045013918479432966,1.96,0.98,0.00294,-0.047953918479432964
随机100,2021-02-04,100,0.040801488315618445,1.9000000000000001,0.9500000000000001,0.00285,0.03795148831561845
随机100,2021-02-18,100,0.02489294206321551,1.8800000000000001,0.9400000000000001,0.00282,0.02207294206321551
随机100,2021-02-25,100,0.01827814429802259,1.92,0.96,0.0028799999999999997,0.015398144298022588
随机100,2021-03-04,100,-0.02049324674233226,1.94,0.97,0.00291,-0.02340324674233226
随机100,2021-03-11,100,0.01675051895285173,1.84,0.92,0.0027600000000000003,0.01399051895285173
随机100,2021-03-18,100,-0.02484749425198589,1.92,0.96,0.0028799999999999997,-0.027727494251985892
随机100,2021-03-25,100,0.02417180318807036,1.96,0.98,0.00294,0.02123180318807036
随机100,2021-04-01,100,-0.002448571901507118,1.96,0.98,0.00294,-0.005388571901507118
随机100,2021-04-09,100,0.0014955150863898382,1.84,0.92,0.0027600000000000003,-0.001264484913610162
随机100,2021-04-16,100,-0.0009199684725609136,1.94,0.97,0.00291,-0.0038299684725609136
随机100,2021-04-23,100,-0.0005170837307710641,1.9000000000000001,0.9500000000000001,0.00285,-0.003367083730771064
随机100,2021-04-30,100,0.027529295356850933,1.92,0.96,0.0028799999999999997,0.024649295356850932
随机100,2021-05-12,100,-0.00076299598528077,1.98,0.99,0.00297,-0.00373299598528077
随机100,2021-05-19,100,0.028767364500560673,2.0,1.0,0.003,0.025767364500560674
随机100,2021-05-26,100,0.011203927043560956,1.86,0.93,0.0027900000000000004,0.008413927043560955
随机100,2021-06-02,100,0.020478266676463523,1.92,0.96,0.0028799999999999997,0.017598266676463522
随机100,2021-06-09,100,-0.011152525534791386,1.94,0.97,0.00291,-0.014062525534791386
随机100,2021-06-17,100,0.025080762590274443,1.92,0.96,0.0028799999999999997,0.022200762590274443
随机100,2021-06-24,100,-0.006132804059943149,1.96,0.98,0.00294,-0.009072804059943148
随机100,2021-07-01,100,0.011537036095908552,1.98,0.99,0.00297,0.008567036095908552
随机100,2021-07-08,100,0.017704639050293233,1.94,0.97,0.00291,0.014794639050293233
随机100,2021-07-15,100,0.015592751719248359,1.92,0.96,0.0028799999999999997,0.01271275171924836
随机100,2021-07-22,100,-0.042515248971108296,1.9000000000000001,0.9500000000000001,0.00285,-0.045365248971108295
随机100,2021-07-29,100,0.02709268263567542,1.94,0.97,0.00291,0.02418268263567542
随机100,2021-08-05,100,0.04124290815219164,1.92,0.96,0.0028799999999999997,0.03836290815219164
随机100,2021-08-12,100,-0.016216552768863003,1.92,0.96,0.0028799999999999997,-0.019096552768863004
随机100,2021-08-19,100,0.022076417139731453,1.94,0.97,0.00291,0.019166417139731454
随机100,2021-08-26,100,-0.007537141751240253,2.0,1.0,0.003,-0.010537141751240254
随机100,2021-09-02,100,0.04384765702781384,1.98,0.99,0.00297,0.04087765702781384
随机100,2021-09-09,100,0.00036831905682064404,1.94,0.97,0.00291,-0.002541680943179356
随机100,2021-09-16,100,-0.04160013364114997,1.98,0.99,0.00297,-0.04457013364114997
随机100,2021-09-27,100,0.0073362526278996365,1.96,0.98,0.00294,0.004396252627899637
随机100,2021-10-11,100,-0.007991602089277263,1.92,0.96,0.0028799999999999997,-0.010871602089277264
随机100,2021-10-18,100,-0.00535855264856396,1.9000000000000001,0.9500000000000001,0.00285,-0.00820855264856396
随机100,2021-10-25,100,-0.0037180329962518965,1.9000000000000001,0.9500000000000001,0.00285,-0.006568032996251897
随机100,2021-11-01,100,0.0016410843603924764,1.94,0.97,0.00291,-0.0012689156396075234
随机100,2021-11-08,100,0.03240606858240794,1.98,0.99,0.00297,0.029436068582407937
随机100,2021-11-15,100,0.01249755664988259,1.96,0.98,0.00294,0.00955755664988259
随机100,2021-11-22,100,-0.003267704742352051,1.92,0.96,0.0028799999999999997,-0.006147704742352051
随机100,2021-11-29,100,-0.0008754244918264186,1.94,0.97,0.00291,-0.0037854244918264185
随机100,2021-12-06,100,0.03092935939353203,1.96,0.98,0.00294,0.02798935939353203
随机100,2021-12-13,100,-0.007430213809331744,1.96,0.98,0.00294,-0.010370213809331744
随机100,2021-12-20,100,0.004728764985537906,1.96,0.98,0.00294,0.0017887649855379065
随机100,2021-12-27,100,0.034125897933879296,1.92,0.96,0.0028799999999999997,0.031245897933879295
随机100,2022-01-04,100,-0.017516629001233738,1.9000000000000001,0.9500000000000001,0.00285,-0.02036662900123374
随机100,2022-01-11,100,0.01013002926086818,1.96,0.98,0.00294,0.00719002926086818
随机100,2022-01-18,100,-0.07173607978567845,1.92,0.96,0.0028799999999999997,-0.07461607978567844
随机100,2022-01-25,100,0.01710341280316847,1.92,0.96,0.0028799999999999997,0.01422341280316847
随机100,2022-02-08,100,0.002353865660430361,2.0,1.0,0.003,-0.0006461343395696389
随机100,2022-02-15,100,0.036983318701891275,1.92,0.96,0.0028799999999999997,0.034103318701891275
随机100,2022-02-22,100,0.009925309025963036,1.96,0.98,0.00294,0.006985309025963036
随机100,2022-03-01,100,-0.055255198584784955,1.8800000000000001,0.9400000000000001,0.00282,-0.05807519858478496
随机100,2022-03-08,100,-0.07553849062428565,1.9000000000000001,0.9500000000000001,0.00285,-0.07838849062428566
随机100,2022-03-15,100,0.07394152849637124,1.92,0.96,0.0028799999999999997,0.07106152849637125
随机100,2022-03-22,100,-0.027107864510990686,1.96,0.98,0.00294,-0.030047864510990688
随机100,2022-03-29,100,-0.00725454744357679,1.98,0.99,0.00297,-0.01022454744357679
随机100,2022-04-07,100,-0.021910386534882073,1.94,0.97,0.00291,-0.024820386534882072
随机100,2022-04-14,100,-0.05535739288562811,1.98,0.99,0.00297,-0.05832739288562811
随机100,2022-04-21,100,-0.09807578809641726,1.9000000000000001,0.9500000000000001,0.00285,-0.10092578809641727
随机100,2022-04-28,100,0.0879335661254187,1.86,0.93,0.0027900000000000004,0.0851435661254187
随机100,2022-05-10,100,0.021949387713370138,1.96,0.98,0.00294,0.019009387713370136
随机100,2022-05-17,100,0.0006634388392936353,1.92,0.96,0.0028799999999999997,-0.0022165611607063646
随机100,2022-05-24,100,0.05033409079341251,1.84,0.92,0.0027600000000000003,0.04757409079341251
随机100,2022-05-31,100,0.02987959470465819,1.98,0.99,0.00297,0.026909594704658188
随机100,2022-06-08,100,0.0036529359008637464,2.0,1.0,0.003,0.0006529359008637463
随机100,2022-06-15,100,0.012276370237577524,1.96,0.98,0.00294,0.009336370237577524
随机100,2022-06-22,100,0.025415956111743014,1.96,0.98,0.00294,0.022475956111743016
随机100,2022-06-29,100,-0.007660324165644139,1.98,0.99,0.00297,-0.010630324165644139
随机100,2022-07-06,100,0.0038947105933526726,1.96,0.98,0.00294,0.0009547105933526727
随机100,2022-07-13,100,0.03234099827625068,1.94,0.97,0.00291,0.02943099827625068
随机100,2022-07-20,100,0.008848058467130462,1.92,0.96,0.0028799999999999997,0.005968058467130462
随机100,2022-07-27,100,-0.041737982901772046,1.96,0.98,0.00294,-0.044677982901772044
随机100,2022-08-03,100,0.04124719629163777,1.92,0.96,0.0028799999999999997,0.03836719629163777
随机100,2022-08-10,100,0.024832638365311084,1.96,0.98,0.00294,0.021892638365311086
随机100,2022-08-17,100,-0.02702330591158889,1.94,0.97,0.00291,-0.029933305911588888
随机100,2022-08-24,100,-0.036058097748818865,1.96,0.98,0.00294,-0.038998097748818863
随机100,2022-08-31,100,0.02823663631865939,1.92,0.96,0.0028799999999999997,0.02535663631865939
随机100,2022-09-07,100,-0.03348397893740428,1.96,0.98,0.00294,-0.036423978937404275
随机100,2022-09-15,100,-0.02280483967880399,1.94,0.97,0.00291,-0.02571483967880399
随机100,2022-09-22,100,-0.042465480395057036,1.8800000000000001,0.9400000000000001,0.00282,-0.04528548039505704
随机100,2022-09-29,100,0.01986713090270036,1.98,0.99,0.00297,0.01689713090270036
随机100,2022-10-13,100,0.03915772500449141,1.9000000000000001,0.9500000000000001,0.00285,0.03630772500449141
随机100,2022-10-20,100,0.0007271231408166368,1.92,0.96,0.0028799999999999997,-0.002152876859183363
随机100,2022-10-27,100,0.016158960283564155,1.9000000000000001,0.9500000000000001,0.00285,0.013308960283564155
随机100,2022-11-03,100,0.025036845743305603,1.94,0.97,0.00291,0.022126845743305604
随机100,2022-11-10,100,0.03298182166054879,1.92,0.96,0.0028799999999999997,0.03010182166054879
随机100,2022-11-17,100,-0.01650009042142922,1.98,0.99,0.00297,-0.01947009042142922
随机100,2022-11-24,100,0.02126494749221265,1.96,0.98,0.00294,0.018324947492212647
随机100,2022-12-01,100,0.006329831713154072,1.98,0.99,0.00297,0.0033598317131540724
随机100,2022-12-08,100,-0.0017822873234386294,1.92,0.96,0.0028799999999999997,-0.004662287323438629
随机100,2022-12-15,100,-0.05441803639106465,1.94,0.97,0.00291,-0.05732803639106465
随机100,2022-12-22,100,0.005833844900809254,1.96,0.98,0.00294,0.002893844900809254
随机100,2022-12-29,100,0.0435203172131227,1.96,0.98,0.00294,0.040580317213122705
随机100,2023-01-06,100,0.011467127077689251,1.92,0.96,0.0028799999999999997,0.00858712707768925
随机100,2023-01-13,100,0.024706619792428358,1.96,0.98,0.00294,0.02176661979242836
随机100,2023-01-20,100,0.03228681470335209,1.86,0.93,0.0027900000000000004,0.029496814703352088
随机100,2023-02-03,100,0.010747301155758065,1.8800000000000001,0.9400000000000001,0.00282,0.007927301155758066
随机100,2023-02-10,100,-0.0074160472637186,1.96,0.98,0.00294,-0.0103560472637186
随机100,2023-02-17,100,0.012529547731319472,1.96,0.98,0.00294,0.009589547731319472
随机100,2023-02-24,100,0.0006108491391528426,1.98,0.99,0.00297,-0.0023591508608471574
随机100,2023-03-03,100,-0.027269428615947076,1.94,0.97,0.00291,-0.030179428615947076
随机100,2023-03-10,100,-0.012209713618999175,1.96,0.98,0.00294,-0.015149713618999175
随机100,2023-03-17,100,0.01692734248738376,1.94,0.97,0.00291,0.01401734248738376
随机100,2023-03-24,100,-0.008867454907203781,1.94,0.97,0.00291,-0.01177745490720378
随机100,2023-03-31,100,0.0018556271125647994,1.96,0.98,0.00294,-0.0010843728874352005
随机100,2023-04-10,100,0.007860375746713784,2.0,1.0,0.003,0.004860375746713784
随机100,2023-04-17,100,-0.038342407759325396,1.98,0.99,0.00297,-0.0413124077593254
随机100,2023-04-24,100,0.026898374888149997,1.94,0.97,0.00291,0.023988374888149998
随机100,2023-05-04,100,-0.0011087924729844623,1.8800000000000001,0.9400000000000001,0.00282,-0.003928792472984463
随机100,2023-05-11,100,0.008034772342580893,1.94,0.97,0.00291,0.005124772342580894
随机100,2023-05-18,100,-0.005427670218061367,1.96,0.98,0.00294,-0.008367670218061367
随机100,2023-05-25,100,0.0019956169483239137,1.94,0.97,0.00291,-0.0009143830516760861
随机100,2023-06-01,100,-0.006023358538094955,1.9000000000000001,0.9500000000000001,0.00285,-0.008873358538094955
随机100,2023-06-08,100,0.02955753262857245,1.94,0.97,0.00291,0.02664753262857245
随机100,2023-06-15,100,-0.024804678010900468,1.96,0.98,0.00294,-0.02774467801090047
随机100,2023-06-26,100,0.03139187557550663,1.96,0.98,0.00294,0.02845187557550663
随机100,2023-07-03,100,-0.003767640110374405,1.94,0.97,0.00291,-0.006677640110374404
随机100,2023-07-10,100,0.003650239463210935,1.94,0.97,0.00291,0.0007402394632109351
随机100,2023-07-17,100,-0.00864918377985052,1.9000000000000001,0.9500000000000001,0.00285,-0.01149918377985052
随机100,2023-07-24,100,0.024504572572212596,1.94,0.97,0.00291,0.021594572572212596
随机100,2023-07-31,100,-0.01368867394628035,1.96,0.98,0.00294,-0.01662867394628035
随机100,2023-08-07,100,-0.023526274518737122,1.94,0.97,0.00291,-0.026436274518737122
随机100,2023-08-14,100,-0.02850605518005067,1.96,0.98,0.00294,-0.03144605518005067
随机100,2023-08-21,100,-0.01971715325378401,2.0,1.0,0.003,-0.022717153253784008
随机100,2023-08-28,100,0.04753920234461714,2.0,1.0,0.003,0.04453920234461714
随机100,2023-09-04,100,-0.0082491905811508,1.96,0.98,0.00294,-0.0111891905811508
随机100,2023-09-11,100,-0.013422827313192963,1.96,0.98,0.00294,-0.01636282731319296
随机100,2023-09-18,100,-0.00441179068602776,1.96,0.98,0.00294,-0.00735179068602776
随机100,2023-09-25,100,-0.0053093507670522525,1.98,0.99,0.00297,-0.008279350767052253
随机100,2023-10-10,100,-0.007414694532972091,1.92,0.96,0.0028799999999999997,-0.01029469453297209
随机100,2023-10-17,100,-0.04036512936367261,2.0,1.0,0.003,-0.043365129363672615
随机100,2023-10-24,100,0.046336036868423316,2.0,1.0,0.003,0.043336036868423314
随机100,2023-10-31,100,0.03574051180965342,1.94,0.97,0.00291,0.03283051180965342
随机100,2023-11-07,100,0.008498762337086437,1.96,0.98,0.00294,0.005558762337086437
随机100,2023-11-14,100,0.012641872453509,1.98,0.99,0.00297,0.009671872453509
随机100,2023-11-21,100,-0.006870371119535119,1.94,0.97,0.00291,-0.00978037111953512
随机100,2023-11-28,100,-0.014674373041222042,1.96,0.98,0.00294,-0.017614373041222042
随机100,2023-12-05,100,0.002477996055942915,1.98,0.99,0.00297,-0.0004920039440570851
随机100,2023-12-12,100,-0.021982045036718113,1.94,0.97,0.00291,-0.024892045036718113
随机100,2023-12-19,100,-0.03075318477422806,1.98,0.99,0.00297,-0.03372318477422806
随机100,2023-12-26,100,0.047278346840761334,1.92,0.96,0.0028799999999999997,0.044398346840761334
随机100,2024-01-03,100,-0.03948396144821213,1.98,0.99,0.00297,-0.04245396144821213
随机100,2024-01-10,100,-0.016681147182750756,1.94,0.97,0.00291,-0.019591147182750755
随机100,2024-01-17,100,-0.05101851576537409,1.96,0.98,0.00294,-0.05395851576537409
随机100,2024-01-24,100,-0.07040437593372163,1.9000000000000001,0.9500000000000001,0.00285,-0.07325437593372164
随机100,2024-01-31,100,-0.10226856777186527,1.96,0.98,0.00294,-0.10520856777186527
随机100,2024-02-07,100,0.1631176222272369,1.96,0.98,0.00294,0.16017762222723692
随机100,2024-02-22,100,0.03477941199690233,1.86,0.93,0.0027900000000000004,0.03198941199690233
随机100,2024-02-29,100,0.0003728501565199449,2.0,1.0,0.003,-0.0026271498434800554
随机100,2024-03-07,100,0.046144934586523946,1.96,0.98,0.00294,0.04320493458652395
随机100,2024-03-14,100,0.04298044129719783,1.98,0.99,0.00297,0.04001044129719783
随机100,2024-03-21,100,-0.05383633843424164,1.96,0.98,0.00294,-0.05677633843424164
随机100,2024-03-28,100,0.004720367847647028,1.94,0.97,0.00291,0.0018103678476470279
随机100,2024-04-08,100,-0.039822284885272057,1.96,0.98,0.00294,-0.042762284885272055
随机100,2024-04-15,100,-0.02207855103370463,1.98,0.99,0.00297,-0.02504855103370463
随机100,2024-04-22,100,0.06780572429225833,1.8800000000000001,0.9400000000000001,0.00282,0.06498572429225832
随机100,2024-04-29,100,0.02627531793367004,1.96,0.98,0.00294,0.02333531793367004
随机100,2024-05-09,100,-0.02783317616226644,1.92,0.96,0.0028799999999999997,-0.03071317616226644
随机100,2024-05-16,100,-0.008131356524373197,1.96,0.98,0.00294,-0.011071356524373197
随机100,2024-05-23,100,-0.015487843328021595,1.92,0.96,0.0028799999999999997,-0.018367843328021594
随机100,2024-05-30,100,-0.06075765965954545,1.94,0.97,0.00291,-0.06366765965954545
随机100,2024-06-06,100,0.025704949382578387,1.92,0.96,0.0028799999999999997,0.022824949382578386
随机100,2024-06-14,100,-0.016640879520421804,2.0,1.0,0.003,-0.019640879520421803
随机100,2024-06-21,100,-0.018797726408711878,1.98,0.99,0.00297,-0.021767726408711878
随机100,2024-06-28,100,-0.01529880871792638,1.96,0.98,0.00294,-0.01823880871792638
随机100,2024-07-05,100,0.012882991678403564,1.96,0.98,0.00294,0.009942991678403564
随机100,2024-07-12,100,-0.023739629715641045,1.98,0.99,0.00297,-0.026709629715641045
随机100,2024-07-19,100,-0.012441208862759932,1.98,0.99,0.00297,-0.015411208862759932
随机100,2024-07-26,100,0.017328122224570867,1.94,0.97,0.00291,0.014418122224570867
随机100,2024-08-02,100,-0.013032256809105422,1.94,0.97,0.00291,-0.015942256809105423
随机100,2024-08-09,100,-0.007549597463742223,1.96,0.98,0.00294,-0.010489597463742223
随机100,2024-08-16,100,-0.04328464860270558,1.96,0.98,0.00294,-0.04622464860270558
随机100,2024-08-23,100,0.0358348004852579,1.96,0.98,0.00294,0.032894800485257905
随机100,2024-08-30,100,-0.015680536034278717,1.96,0.98,0.00294,-0.01862053603427872
随机100,2024-09-06,100,-0.023202641979815804,1.96,0.98,0.00294,-0.026142641979815806
随机100,2024-09-13,100,0.05294373151101742,1.92,0.96,0.0028799999999999997,0.050063731511017416
随机100,2024-09-24,100,0.30308919202155454,1.94,0.97,0.00291,0.3001791920215545
随机100,2024-10-08,100,-0.11532044566547167,2.0,1.0,0.003,-0.11832044566547167
随机100,2024-10-15,100,0.060049887085369076,2.0,1.0,0.003,0.05704988708536907
随机100,2024-10-22,100,0.031895735488542826,1.98,0.99,0.00297,0.028925735488542825
随机100,2024-10-29,100,0.02861641640820001,1.94,0.97,0.00291,0.02570641640820001
随机100,2024-11-05,100,0.04880211130403381,2.0,1.0,0.003,0.045802111304033805
随机100,2024-11-12,100,-0.03645877110000823,1.96,0.98,0.00294,-0.03939877110000823
随机100,2024-11-19,100,-0.006184081457783102,1.98,0.99,0.00297,-0.009154081457783103
随机100,2024-11-26,100,0.05219186642084004,2.0,1.0,0.003,0.04919186642084004
随机100,2024-12-03,100,0.01515584194855499,1.9000000000000001,0.9500000000000001,0.00285,0.01230584194855499
随机100,2024-12-10,100,-0.02899018348696659,1.94,0.97,0.00291,-0.03190018348696659
随机100,2024-12-17,100,-0.01459747145416328,2.0,1.0,0.003,-0.01759747145416328
随机100,2024-12-24,100,-0.043181951510113004,1.86,0.93,0.0027900000000000004,-0.045971951510113004
随机100,2024-12-31,100,-0.017309245241454514,1.96,0.98,0.00294,-0.020249245241454515
随机100,2025-01-08,100,0.019851665861290904,1.98,0.99,0.00297,0.016881665861290904
随机100,2025-01-15,100,0.010930434395130424,1.92,0.96,0.0028799999999999997,0.008050434395130424
随机100,2025-01-22,100,0.03354814582695557,1.98,0.99,0.00297,0.030578145826955568
随机100,2025-02-06,100,0.013417744126183191,1.96,0.98,0.00294,0.010477744126183191
随机100,2025-02-13,100,0.02697619624319608,1.96,0.98,0.00294,0.024036196243196077
随机100,2025-02-20,100,0.010163553814309707,1.96,0.98,0.00294,0.007223553814309707
随机100,2025-02-27,100,0.002171112005982222,1.94,0.97,0.00291,-0.000738887994017778
随机100,2025-03-06,100,0.002765903400533137,1.96,0.98,0.00294,-0.00017409659946686275
随机100,2025-03-13,100,0.020430281804332685,1.92,0.96,0.0028799999999999997,0.017550281804332685
随机100,2025-03-20,100,-0.017738308908127543,1.92,0.96,0.0028799999999999997,-0.020618308908127544
随机100,2025-03-27,100,-0.014044008399673265,1.92,0.96,0.0028799999999999997,-0.016924008399673264
随机100,2025-04-03,100,-0.06263974416025476,1.98,0.99,0.00297,-0.06560974416025477
随机100,2025-04-11,100,0.018000056145329776,1.96,0.98,0.00294,0.015060056145329776
随机100,2025-04-18,100,0.02432556571232296,2.0,1.0,0.003,0.021325565712322962
随机100,2025-04-25,100,0.03231080856109905,1.98,0.99,0.00297,0.029340808561099052
随机100,2025-05-07,100,0.013255580796345106,1.92,0.96,0.0028799999999999997,0.010375580796345107
随机100,2025-05-14,100,0.014093125774131332,1.92,0.96,0.0028799999999999997,0.011213125774131333
随机100,2025-05-21,100,0.0024340188446259157,1.98,0.99,0.00297,-0.0005359811553740843
随机100,2025-05-28,100,0.03034475568270661,1.96,0.98,0.00294,0.02740475568270661
随机100,2025-06-05,100,0.01966873282287467,1.92,0.96,0.0028799999999999997,0.01678873282287467
随机100,2025-06-12,100,-0.02459973585973521,1.96,0.98,0.00294,-0.02753973585973521
随机100,2025-06-19,100,0.024815510777226796,1.96,0.98,0.00294,0.021875510777226798
随机100,2025-06-26,100,0.020703018702219963,1.94,0.97,0.00291,0.017793018702219963
随机100,2025-07-03,100,0.011483493329650483,1.96,0.98,0.00294,0.008543493329650483
随机100,2025-07-10,100,0.014752880852904991,1.92,0.96,0.0028799999999999997,0.011872880852904992
随机100,2025-07-17,100,0.017582132510003737,1.98,0.99,0.00297,0.014612132510003737
随机100,2025-07-24,100,1.9885681678020184e-05,1.94,0.97,0.00291,-0.0028901143183219795
随机100,2025-07-31,100,0.03645043550291477,1.98,0.99,0.00297,0.03348043550291477
随机100,2025-08-07,100,0.007094452140348135,1.92,0.96,0.0028799999999999997,0.0042144521403481355
随机100,2025-08-14,100,0.0355264732360805,1.98,0.99,0.00297,0.0325564732360805
随机100,2025-08-21,100,-0.00422629396766869,1.92,0.96,0.0028799999999999997,-0.00710629396766869
随机100,2025-08-28,100,-0.028793294477909334,1.96,0.98,0.00294,-0.03173329447790933
随机100,2025-09-04,100,0.03848386745472823,1.94,0.97,0.00291,0.03557386745472823
随机100,2025-09-11,100,-0.001212624332963409,1.94,0.97,0.00291,-0.004122624332963409
随机100,2025-09-18,100,-0.007283421396781656,1.98,0.99,0.00297,-0.010253421396781657
随机100,2025-09-25,100,0.027012719864812643,1.96,0.98,0.00294,0.024072719864812644
随机100,2025-10-10,100,-0.029738503093363927,1.98,0.99,0.00297,-0.03270850309336393
随机100,2025-10-17,100,0.03707484330404053,1.94,0.97,0.00291,0.03416484330404053
随机100,2025-10-24,100,0.006200370070547781,1.94,0.97,0.00291,0.0032903700705477815
随机100,2025-10-31,100,0.01740757230933146,1.98,0.99,0.00297,0.014437572309331459
随机100,2025-11-07,100,0.010269973862230436,1.94,0.97,0.00291,0.007359973862230437
随机100,2025-11-14,100,-0.05116817497429328,2.0,1.0,0.003,-0.054168174974293284
随机100,2025-11-21,100,0.04491560821511966,1.94,0.97,0.00291,0.04200560821511966
随机100,2025-11-28,100,0.0025932135845371175,2.0,1.0,0.003,-0.00040678641546288254
随机100,2025-12-05,100,-0.026104508896268096,1.94,0.97,0.00291,-0.029014508896268096
随机100,2025-12-12,100,0.00856329280362852,1.92,0.96,0.0028799999999999997,0.00568329280362852
随机100,2025-12-19,100,0.02873157808014174,1.92,0.96,0.0028799999999999997,0.02585157808014174
随机100,2025-12-26,100,0.027704714743406234,1.98,0.99,0.00297,0.024734714743406234
随机100,2026-01-06,100,0.019686921177329116,1.92,0.96,0.0028799999999999997,0.016806921177329116
随机100,2026-01-13,100,-0.007138736526126608,1.98,0.99,0.00297,-0.010108736526126608
随机100,2026-01-20,100,0.028631746069172532,1.98,0.99,0.00297,0.02566174606917253
随机100,2026-01-27,100,-0.012931939353498482,1.98,0.99,0.00297,-0.01590193935349848
随机100,2026-02-03,100,0.025949596924144665,1.94,0.97,0.00291,0.023039596924144666
随机100,2026-02-10,100,0.01739438550165794,1.92,0.96,0.0028799999999999997,0.014514385501657939
随机100,2026-02-25,100,-0.025813003862757623,1.98,0.99,0.00297,-0.028783003862757624
随机100,2026-03-04,100,0.03429939835152233,1.86,0.93,0.0027900000000000004,0.031509398351522326
随机100,2026-03-11,100,-0.02814233003813652,1.94,0.97,0.00291,-0.031052330038136518
随机100,2026-03-18,100,-0.04219726167622583,2.0,1.0,0.003,-0.045197261676225835
随机100,2026-03-25,100,0.0045051950092834005,1.96,0.98,0.00294,0.0015651950092834006
随机100,2026-04-01,100,-0.0026229475725536313,1.96,0.98,0.00294,-0.005562947572553632
随机100,2026-04-09,100,0.02853197043339198,1.96,0.98,0.00294,0.02559197043339198
随机100,2026-04-16,100,-0.0006051874006364966,1.98,0.99,0.00297,-0.0035751874006364967
随机100,2026-04-23,100,0.005259860773556486,1.98,0.99,0.00297,0.002289860773556486
随机100,2026-04-30,100,0.04643554963271099,1.92,0.96,0.0028799999999999997,0.04355554963271099
随机100,2026-05-12,100,-0.004025497723902344,1.96,0.98,0.00294,-0.006965497723902344
随机100,2026-05-19,100,-0.008672133133947213,2.0,1.0,0.003,-0.011672133133947212
随机100,2026-05-26,100,-0.023713562880294106,1.98,0.99,0.00297,-0.026683562880294106
随机100,2026-06-02,100,-0.041714460449370355,2.0,1.0,0.003,-0.04471446044937036
随机100,2026-06-09,100,0.015389892651612856,1.98,0.99,0.00297,0.012419892651612856
随机100,2026-06-16,100,-0.0253349717313121,1.94,0.97,0.00291,-0.0282449717313121
随机100,2026-06-24,100,-0.01835834077155992,2.0,1.0,0.003,-0.02135834077155992
随机100,2026-07-01,100,-0.041966830844596695,1.9000000000000001,0.9500000000000001,0.00285,-0.04481683084459669
随机100,2026-07-08,100,-0.001964771179159094,1.9000000000000001,0.9500000000000001,0.00285,-0.0048147711791590945
随机100,2026-07-15,100,-0.05651821886282638,1.96,0.98,0.00294,-0.05945821886282638
随机100,2026-07-22,100,0.03234847119851064,1.94,0.97,0.00291,0.029438471198510643
合格股票等权,2015-01-05,1912,-0.01134875061281462,0.0,0.0,0.0,-0.01134875061281462
合格股票等权,2015-01-12,1917,-0.0033224630711438767,0.0,0.0,0.0,-0.0033224630711438767
合格股票等权,2015-01-19,1910,0.09457041870359376,0.0,0.0,0.0,0.09457041870359376
合格股票等权,2015-01-26,1923,-0.022621559749462738,0.0,0.0,0.0,-0.022621559749462738
合格股票等权,2015-02-02,1935,-0.0162496421689517,0.0,0.0,0.0,-0.0162496421689517
合格股票等权,2015-02-09,1939,0.07362425507247952,0.0,0.0,0.0,0.07362425507247952
合格股票等权,2015-02-16,1951,0.04884403939668553,0.0,0.0,0.0,0.04884403939668553
合格股票等权,2015-03-02,1948,0.02018752996784005,0.0,0.0,0.0,0.02018752996784005
合格股票等权,2015-03-09,1929,0.05557516700358689,0.0,0.0,0.0,0.05557516700358689
合格股票等权,2015-03-16,1914,0.08503800727970616,0.0,0.0,0.0,0.08503800727970616
合格股票等权,2015-03-23,1896,0.029160925049336008,0.0,0.0,0.0,0.029160925049336008
合格股票等权,2015-03-30,1884,0.1015393514456232,0.0,0.0,0.0,0.1015393514456232
合格股票等权,2015-04-07,1885,0.03163879247918763,0.0,0.0,0.0,0.03163879247918763
合格股票等权,2015-04-14,1884,-0.0033711853248618935,0.0,0.0,0.0,-0.0033711853248618935
合格股票等权,2015-04-21,1888,0.016811834650945306,0.0,0.0,0.0,0.016811834650945306
合格股票等权,2015-04-28,1891,-0.007223740605091427,0.0,0.0,0.0,-0.007223740605091427
合格股票等权,2015-05-06,1878,0.10031994182570314,0.0,0.0,0.0,0.10031994182570314
合格股票等权,2015-05-13,1890,0.07813588877725479,0.0,0.0,0.0,0.07813588877725479
合格股票等权,2015-05-20,1880,0.14745514223054598,0.0,0.0,0.0,0.14745514223054598
合格股票等权,2015-05-27,1849,0.056637414677559166,0.0,0.0,0.0,0.056637414677559166
合格股票等权,2015-06-03,1828,0.027675238664552383,0.0,0.0,0.0,0.027675238664552383
合格股票等权,2015-06-10,1819,0.0017160839153714203,0.0,0.0,0.0,0.0017160839153714203
合格股票等权,2015-06-17,1815,-0.11863308632240677,0.0,0.0,0.0,-0.11863308632240677
合格股票等权,2015-06-25,1828,-0.24168280443650786,0.0,0.0,0.0,-0.24168280443650786
合格股票等权,2015-07-02,1791,-0.18787868352246556,0.0,0.0,0.0,-0.18787868352246556
合格股票等权,2015-07-09,1048,0.13159015373160987,0.0,0.0,0.0,0.13159015373160987
合格股票等权,2015-07-16,1644,0.1931112439111674,0.0,0.0,0.0,0.1931112439111674
合格股票等权,2015-07-23,1750,-0.1174463582251477,0.0,0.0,0.0,-0.1174463582251477
合格股票等权,2015-07-30,1762,-0.00581205189155802,0.0,0.0,0.0,-0.00581205189155802
合格股票等权,2015-08-06,1763,0.13937103468279458,0.0,0.0,0.0,0.13937103468279458
合格股票等权,2015-08-13,1773,-0.06299896211294673,0.0,0.0,0.0,-0.06299896211294673
合格股票等权,2015-08-20,1795,-0.23624062628857276,0.0,0.0,0.0,-0.23624062628857276
合格股票等权,2015-08-27,1787,-0.059448124139590254,0.0,0.0,0.0,-0.059448124139590254
合格股票等权,2015-09-07,1794,0.014367232525327907,0.0,0.0,0.0,0.014367232525327907
合格股票等权,2015-09-14,1819,0.06368750346823962,0.0,0.0,0.0,0.06368750346823962
合格股票等权,2015-09-21,1838,0.002476764161384874,0.0,0.0,0.0,0.002476764161384874
合格股票等权,2015-09-28,1840,0.10692561343273141,0.0,0.0,0.0,0.10692561343273141
合格股票等权,2015-10-12,1849,0.060258457418494366,0.0,0.0,0.0,0.060258457418494366
合格股票等权,2015-10-19,1829,0.03724621313230405,0.0,0.0,0.0,0.03724621313230405
合格股票等权,2015-10-26,1858,-0.03113312035223524,0.0,0.0,0.0,-0.03113312035223524
合格股票等权,2015-11-02,1880,0.11006590939368535,0.0,0.0,0.0,0.11006590939368535
合格股票等权,2015-11-09,1901,0.0337902445239756,0.0,0.0,0.0,0.0337902445239756
合格股票等权,2015-11-16,1920,0.013477652395582674,0.0,0.0,0.0,0.013477652395582674
合格股票等权,2015-11-23,1931,-0.033663390921769364,0.0,0.0,0.0,-0.033663390921769364
合格股票等权,2015-11-30,1950,0.03790550220270039,0.0,0.0,0.0,0.03790550220270039
合格股票等权,2015-12-07,1965,-0.01652116220807421,0.0,0.0,0.0,-0.01652116220807421
合格股票等权,2015-12-14,1984,0.06088802992951265,0.0,0.0,0.0,0.06088802992951265
合格股票等权,2015-12-21,1982,-0.01905711363378552,0.0,0.0,0.0,-0.01905711363378552
合格股票等权,2015-12-28,1999,-0.09945652782715797,0.0,0.0,0.0,-0.09945652782715797
合格股票等权,2016-01-05,2013,-0.12784837393264528,0.0,0.0,0.0,-0.12784837393264528
合格股票等权,2016-01-12,2018,0.01897409867457374,0.0,0.0,0.0,0.01897409867457374
合格股票等权,2016-01-19,2025,-0.09837724598026305,0.0,0.0,0.0,-0.09837724598026305
合格股票等权,2016-01-26,2050,0.005184759519712968,0.0,0.0,0.0,0.005184759519712968
合格股票等权,2016-02-02,2050,0.06879119284430636,0.0,0.0,0.0,0.06879119284430636
合格股票等权,2016-02-16,2049,0.03847303289440959,0.0,0.0,0.0,0.03847303289440959
合格股票等权,2016-02-23,2050,-0.11606505596756167,0.0,0.0,0.0,-0.11606505596756167
合格股票等权,2016-03-01,2059,0.059839451194088907,0.0,0.0,0.0,0.059839451194088907
合格股票等权,2016-03-08,2059,-0.014094422048385678,0.0,0.0,0.0,-0.014094422048385678
合格股票等权,2016-03-15,2065,0.09564786128367016,0.0,0.0,0.0,0.09564786128367016
合格股票等权,2016-03-22,2063,-0.0238306667857365,0.0,0.0,0.0,-0.0238306667857365
合格股票等权,2016-03-29,2050,0.08011893443379085,0.0,0.0,0.0,0.08011893443379085
合格股票等权,2016-04-06,2030,0.006913217255282003,0.0,0.0,0.0,0.006913217255282003
合格股票等权,2016-04-13,2034,-0.04733748740842085,0.0,0.0,0.0,-0.04733748740842085
合格股票等权,2016-04-20,2034,0.004995204616051106,0.0,0.0,0.0,0.004995204616051106
合格股票等权,2016-04-27,2065,0.03782876522556058,0.0,0.0,0.0,0.03782876522556058
合格股票等权,2016-05-05,2070,-0.09595685681386337,0.0,0.0,0.0,-0.09595685681386337
合格股票等权,2016-05-12,2071,-0.010562101613096559,0.0,0.0,0.0,-0.010562101613096559
合格股票等权,2016-05-19,2087,0.023017264392683374,0.0,0.0,0.0,0.023017264392683374
合格股票等权,2016-05-26,2100,0.06000535185247772,0.0,0.0,0.0,0.06000535185247772
合格股票等权,2016-06-02,2106,-0.04432298933088344,0.0,0.0,0.0,-0.04432298933088344
合格股票等权,2016-06-13,2124,0.05264719132009401,0.0,0.0,0.0,0.05264719132009401
合格股票等权,2016-06-20,2123,0.01948334179136958,0.0,0.0,0.0,0.01948334179136958
合格股票等权,2016-06-27,2141,0.03387880340265146,0.0,0.0,0.0,0.03387880340265146
合格股票等权,2016-07-04,2167,0.007395014225489435,0.0,0.0,0.0,0.007395014225489435
合格股票等权,2016-07-11,2169,0.010967549661570665,0.0,0.0,0.0,0.010967549661570665
合格股票等权,2016-07-18,2182,-0.00020193310852457526,0.0,0.0,0.0,-0.00020193310852457526
合格股票等权,2016-07-25,2177,-0.056366929079352854,0.0,0.0,0.0,-0.056366929079352854
合格股票等权,2016-08-01,2193,0.029566673874847165,0.0,0.0,0.0,0.029566673874847165
合格股票等权,2016-08-08,2202,0.026455658709014777,0.0,0.0,0.0,0.026455658709014777
合格股票等权,2016-08-15,2205,0.0007834444569305075,0.0,0.0,0.0,0.0007834444569305075
合格股票等权,2016-08-22,2210,0.006630426169455041,0.0,0.0,0.0,0.006630426169455041
合格股票等权,2016-08-29,2199,-0.003815112517328102,0.0,0.0,0.0,-0.003815112517328102
合格股票等权,2016-09-05,2210,-0.01808279699979684,0.0,0.0,0.0,-0.01808279699979684
合格股票等权,2016-09-12,2195,0.019579662244682244,0.0,0.0,0.0,0.019579662244682244
合格股票等权,2016-09-21,2189,-0.013781599048422672,0.0,0.0,0.0,-0.013781599048422672
合格股票等权,2016-09-28,2203,0.0392209633551736,0.0,0.0,0.0,0.0392209633551736
合格股票等权,2016-10-12,2210,0.008677026247230046,0.0,0.0,0.0,0.008677026247230046
合格股票等权,2016-10-19,2213,0.00815160063275502,0.0,0.0,0.0,0.00815160063275502
合格股票等权,2016-10-26,2229,-0.004935687422040101,0.0,0.0,0.0,-0.004935687422040101
合格股票等权,2016-11-02,2228,0.006565743613892636,0.0,0.0,0.0,0.006565743613892636
合格股票等权,2016-11-09,2230,0.03302706954680184,0.0,0.0,0.0,0.03302706954680184
合格股票等权,2016-11-16,2222,0.0009917024219546686,0.0,0.0,0.0,0.0009917024219546686
合格股票等权,2016-11-23,2215,-0.017749776987579166,0.0,0.0,0.0,-0.017749776987579166
合格股票等权,2016-11-30,2219,-0.0034386034334611126,0.0,0.0,0.0,-0.0034386034334611126
合格股票等权,2016-12-07,2228,-0.059879970590948094,0.0,0.0,0.0,-0.059879970590948094
合格股票等权,2016-12-14,2238,0.029285002985647374,0.0,0.0,0.0,0.029285002985647374
合格股票等权,2016-12-21,2235,-0.008384691545187431,0.0,0.0,0.0,-0.008384691545187431
合格股票等权,2016-12-28,2249,0.023002933398106322,0.0,0.0,0.0,0.023002933398106322
合格股票等权,2017-01-05,2257,-0.023630885570476365,0.0,0.0,0.0,-0.023630885570476365
合格股票等权,2017-01-12,2260,-0.05202992253039185,0.0,0.0,0.0,-0.05202992253039185
合格股票等权,2017-01-19,2257,0.033592546767467146,0.0,0.0,0.0,0.033592546767467146
合格股票等权,2017-01-26,2266,0.026150034894689277,0.0,0.0,0.0,0.026150034894689277
合格股票等权,2017-02-09,2263,0.003506947040731552,0.0,0.0,0.0,0.003506947040731552
合格股票等权,2017-02-16,2263,0.013060698083196237,0.0,0.0,0.0,0.013060698083196237
合格股票等权,2017-02-23,2255,-0.0038752227245141178,0.0,0.0,0.0,-0.0038752227245141178
合格股票等权,2017-03-02,2258,0.004421700287373759,0.0,0.0,0.0,0.004421700287373759
合格股票等权,2017-03-09,2263,0.015191545060431398,0.0,0.0,0.0,0.015191545060431398
合格股票等权,2017-03-16,2263,-0.009288451724244112,0.0,0.0,0.0,-0.009288451724244112
合格股票等权,2017-03-23,2266,-0.02954008517285747,0.0,0.0,0.0,-0.02954008517285747
合格股票等权,2017-03-30,2274,0.019685003394211115,0.0,0.0,0.0,0.019685003394211115
合格股票等权,2017-04-10,2262,-0.027072117169459186,0.0,0.0,0.0,-0.027072117169459186
合格股票等权,2017-04-17,2270,-0.06393408535291456,0.0,0.0,0.0,-0.06393408535291456
合格股票等权,2017-04-24,2268,0.02199550635282914,0.0,0.0,0.0,0.02199550635282914
合格股票等权,2017-05-02,2265,-0.03238596331126771,0.0,0.0,0.0,-0.03238596331126771
合格股票等权,2017-05-09,2278,-0.0033379016911181374,0.0,0.0,0.0,-0.0033379016911181374
合格股票等权,2017-05-16,2267,-0.05206527606943911,0.0,0.0,0.0,-0.05206527606943911
合格股票等权,2017-05-23,2279,-0.01256274621613455,0.0,0.0,0.0,-0.01256274621613455
合格股票等权,2017-06-01,2281,0.051581088062421815,0.0,0.0,0.0,0.051581088062421815
合格股票等权,2017-06-08,2275,0.014923265173130033,0.0,0.0,0.0,0.014923265173130033
合格股票等权,2017-06-15,2279,-0.009205040501236647,0.0,0.0,0.0,-0.009205040501236647
合格股票等权,2017-06-22,2284,0.01595130945367304,0.0,0.0,0.0,0.01595130945367304
合格股票等权,2017-06-29,2286,0.017328142199523812,0.0,0.0,0.0,0.017328142199523812
合格股票等权,2017-07-06,2288,-0.012143824740040656,0.0,0.0,0.0,-0.012143824740040656
合格股票等权,2017-07-13,2289,-0.027243927762895727,0.0,0.0,0.0,-0.027243927762895727
合格股票等权,2017-07-20,2284,0.019886128506909035,0.0,0.0,0.0,0.019886128506909035
合格股票等权,2017-07-27,2304,0.0058836368568701836,0.0,0.0,0.0,0.0058836368568701836
合格股票等权,2017-08-03,2306,0.0031656485714099225,0.0,0.0,0.0,0.0031656485714099225
合格股票等权,2017-08-10,2318,0.020986317243880174,0.0,0.0,0.0,0.020986317243880174
合格股票等权,2017-08-17,2327,-0.013666274186935074,0.0,0.0,0.0,-0.013666274186935074
合格股票等权,2017-08-24,2336,0.028476059806771616,0.0,0.0,0.0,0.028476059806771616
合格股票等权,2017-08-31,2340,0.01401518280330298,0.0,0.0,0.0,0.01401518280330298
合格股票等权,2017-09-07,2352,0.012454201631673274,0.0,0.0,0.0,0.012454201631673274
合格股票等权,2017-09-14,2361,-0.004044622922119795,0.0,0.0,0.0,-0.004044622922119795
合格股票等权,2017-09-21,2372,-0.01510264998654055,0.0,0.0,0.0,-0.01510264998654055
合格股票等权,2017-09-28,2386,0.024690298443509152,0.0,0.0,0.0,0.024690298443509152
合格股票等权,2017-10-12,2393,-0.03592883689502971,0.0,0.0,0.0,-0.03592883689502971
合格股票等权,2017-10-19,2397,0.02425988670279879,0.0,0.0,0.0,0.02425988670279879
合格股票等权,2017-10-26,2399,-0.036893602733487046,0.0,0.0,0.0,-0.036893602733487046
合格股票等权,2017-11-02,2426,0.016893969878171513,0.0,0.0,0.0,0.016893969878171513
合格股票等权,2017-11-09,2431,-0.01671086381317171,0.0,0.0,0.0,-0.01671086381317171
合格股票等权,2017-11-16,2420,-0.05522475531380148,0.0,0.0,0.0,-0.05522475531380148
合格股票等权,2017-11-23,2427,0.003387942760169713,0.0,0.0,0.0,0.003387942760169713
合格股票等权,2017-11-30,2429,-0.02249111567733878,0.0,0.0,0.0,-0.02249111567733878
合格股票等权,2017-12-07,2425,0.01907904353913812,0.0,0.0,0.0,0.01907904353913812
合格股票等权,2017-12-14,2437,-0.01013364905814321,0.0,0.0,0.0,-0.01013364905814321
合格股票等权,2017-12-21,2454,-0.009546397104167235,0.0,0.0,0.0,-0.009546397104167235
合格股票等权,2017-12-28,2464,0.03245663198923306,0.0,0.0,0.0,0.03245663198923306
合格股票等权,2018-01-05,2485,-0.006485460834222615,0.0,0.0,0.0,-0.006485460834222615
合格股票等权,2018-01-12,2506,-0.019755436049320993,0.0,0.0,0.0,-0.019755436049320993
合格股票等权,2018-01-19,2512,0.015273873673905739,0.0,0.0,0.0,0.015273873673905739
合格股票等权,2018-01-26,2518,-0.0844295394947931,0.0,0.0,0.0,-0.0844295394947931
合格股票等权,2018-02-02,2490,-0.07434532278841446,0.0,0.0,0.0,-0.07434532278841446
合格股票等权,2018-02-09,2454,0.05715115057179275,0.0,0.0,0.0,0.05715115057179275
合格股票等权,2018-02-23,2511,0.04029535456285668,0.0,0.0,0.0,0.04029535456285668
合格股票等权,2018-03-02,2527,0.03638719249092545,0.0,0.0,0.0,0.03638719249092545
合格股票等权,2018-03-09,2534,-0.006374625859804425,0.0,0.0,0.0,-0.006374625859804425
合格股票等权,2018-03-16,2552,-0.05370158792822521,0.0,0.0,0.0,-0.05370158792822521
合格股票等权,2018-03-23,2559,0.0634603643831075,0.0,0.0,0.0,0.0634603643831075
合格股票等权,2018-03-30,2566,-0.00550331399484579,0.0,0.0,0.0,-0.00550331399484579
合格股票等权,2018-04-10,2585,-0.03115233861062382,0.0,0.0,0.0,-0.03115233861062382
合格股票等权,2018-04-17,2593,0.008015142940522572,0.0,0.0,0.0,0.008015142940522572
合格股票等权,2018-04-24,2600,-0.006992909263781774,0.0,0.0,0.0,-0.006992909263781774
合格股票等权,2018-05-03,2623,0.035134959038315476,0.0,0.0,0.0,0.035134959038315476
合格股票等权,2018-05-10,2632,-0.013907412248611174,0.0,0.0,0.0,-0.013907412248611174
合格股票等权,2018-05-17,2658,0.010648689568113835,0.0,0.0,0.0,0.010648689568113835
合格股票等权,2018-05-24,2662,-0.04523011653765984,0.0,0.0,0.0,-0.04523011653765984
合格股票等权,2018-05-31,2667,-0.0009003232233641772,0.0,0.0,0.0,-0.0009003232233641772
合格股票等权,2018-06-07,2680,-0.03176681013057918,0.0,0.0,0.0,-0.03176681013057918
合格股票等权,2018-06-14,2686,-0.09447283473561892,0.0,0.0,0.0,-0.09447283473561892
合格股票等权,2018-06-22,2687,0.02201736300531055,0.0,0.0,0.0,0.02201736300531055
合格股票等权,2018-06-29,2717,-0.03834367275040868,0.0,0.0,0.0,-0.03834367275040868
合格股票等权,2018-07-06,2737,0.03769140382777512,0.0,0.0,0.0,0.03769140382777512
合格股票等权,2018-07-13,2754,0.000548773168139856,0.0,0.0,0.0,0.000548773168139856
合格股票等权,2018-07-20,2775,0.022998220190808445,0.0,0.0,0.0,0.022998220190808445
合格股票等权,2018-07-27,2784,-0.06546704387652284,0.0,0.0,0.0,-0.06546704387652284
合格股票等权,2018-08-03,2807,0.021479463329773366,0.0,0.0,0.0,0.021479463329773366
合格股票等权,2018-08-10,2821,-0.044710939596113095,0.0,0.0,0.0,-0.044710939596113095
合格股票等权,2018-08-17,2831,0.0101270708976378,0.0,0.0,0.0,0.0101270708976378
合格股票等权,2018-08-24,2844,-0.008258299628110163,0.0,0.0,0.0,-0.008258299628110163
合格股票等权,2018-08-31,2853,-0.0037816770606025475,0.0,0.0,0.0,-0.0037816770606025475
合格股票等权,2018-09-07,2860,-0.015964172055302022,0.0,0.0,0.0,-0.015964172055302022
合格股票等权,2018-09-14,2871,0.023978795721499066,0.0,0.0,0.0,0.023978795721499066
合格股票等权,2018-09-21,2881,-0.04057834830136285,0.0,0.0,0.0,-0.04057834830136285
合格股票等权,2018-10-08,2897,-0.08874950961394093,0.0,0.0,0.0,-0.08874950961394093
合格股票等权,2018-10-15,2916,0.02943040489125633,0.0,0.0,0.0,0.02943040489125633
合格股票等权,2018-10-22,2920,-0.026030495704834417,0.0,0.0,0.0,-0.026030495704834417
合格股票等权,2018-10-29,2925,0.0712654905966878,0.0,0.0,0.0,0.0712654905966878
合格股票等权,2018-11-05,2943,0.022785241276284354,0.0,0.0,0.0,0.022785241276284354
合格股票等权,2018-11-12,2960,0.05557055271556072,0.0,0.0,0.0,0.05557055271556072
合格股票等权,2018-11-19,2977,-0.06238020152918798,0.0,0.0,0.0,-0.06238020152918798
合格股票等权,2018-11-26,2985,0.035375635817513434,0.0,0.0,0.0,0.035375635817513434
合格股票等权,2018-12-03,2997,-0.02701666854652906,0.0,0.0,0.0,-0.02701666854652906
合格股票等权,2018-12-10,3009,-0.006615859264791802,0.0,0.0,0.0,-0.006615859264791802
合格股票等权,2018-12-17,3012,-0.011395460050555207,0.0,0.0,0.0,-0.011395460050555207
合格股票等权,2018-12-24,3016,-0.028762775508691524,0.0,0.0,0.0,-0.028762775508691524
合格股票等权,2019-01-02,3027,0.042558124460929235,0.0,0.0,0.0,0.042558124460929235
合格股票等权,2019-01-09,3032,0.011062734987378508,0.0,0.0,0.0,0.011062734987378508
合格股票等权,2019-01-16,3033,-0.0054340392413844705,0.0,0.0,0.0,-0.0054340392413844705
合格股票等权,2019-01-23,3033,-0.04230406276898546,0.0,0.0,0.0,-0.04230406276898546
合格股票等权,2019-01-30,3039,0.07064587329189594,0.0,0.0,0.0,0.07064587329189594
合格股票等权,2019-02-13,3049,0.04451767762165524,0.0,0.0,0.0,0.04451767762165524
合格股票等权,2019-02-20,3042,0.06591467804270235,0.0,0.0,0.0,0.06591467804270235
合格股票等权,2019-02-27,3043,0.07904939991854089,0.0,0.0,0.0,0.07904939991854089
合格股票等权,2019-03-06,3047,0.011585373891050861,0.0,0.0,0.0,0.011585373891050861
合格股票等权,2019-03-13,3049,0.017347505898557432,0.0,0.0,0.0,0.017347505898557432
合格股票等权,2019-03-20,3049,-0.010023215613167404,0.0,0.0,0.0,-0.010023215613167404
合格股票等权,2019-03-27,3039,0.06887571007517364,0.0,0.0,0.0,0.06887571007517364
合格股票等权,2019-04-03,3045,-0.011661189926802425,0.0,0.0,0.0,-0.011661189926802425
合格股票等权,2019-04-11,3054,0.014303715661853584,0.0,0.0,0.0,0.014303715661853584
合格股票等权,2019-04-18,3064,-0.05234370804212919,0.0,0.0,0.0,-0.05234370804212919
合格股票等权,2019-04-25,3061,-0.09255755431851535,0.0,0.0,0.0,-0.09255755431851535
合格股票等权,2019-05-07,3064,0.014501312725750963,0.0,0.0,0.0,0.014501312725750963
合格股票等权,2019-05-14,3067,0.008490897922849776,0.0,0.0,0.0,0.008490897922849776
合格股票等权,2019-05-21,3069,-0.006082105178912776,0.0,0.0,0.0,-0.006082105178912776
合格股票等权,2019-05-28,3073,-0.03003537682941327,0.0,0.0,0.0,-0.03003537682941327
合格股票等权,2019-06-04,3069,0.022006061542939163,0.0,0.0,0.0,0.022006061542939163
合格股票等权,2019-06-12,3070,-0.0009203637133118483,0.0,0.0,0.0,-0.0009203637133118483
合格股票等权,2019-06-19,3074,0.024302391698387816,0.0,0.0,0.0,0.024302391698387816
合格股票等权,2019-06-26,3078,0.013135333112418329,0.0,0.0,0.0,0.013135333112418329
合格股票等权,2019-07-03,3084,-0.03567171676283109,0.0,0.0,0.0,-0.03567171676283109
合格股票等权,2019-07-10,3085,0.01727666753311355,0.0,0.0,0.0,0.01727666753311355
合格股票等权,2019-07-17,3086,-0.015006245275877654,0.0,0.0,0.0,-0.015006245275877654
合格股票等权,2019-07-24,3087,0.0027295681234946914,0.0,0.0,0.0,0.0027295681234946914
合格股票等权,2019-07-31,3090,-0.06070983504413113,0.0,0.0,0.0,-0.06070983504413113
合格股票等权,2019-08-07,3092,0.012390089227877005,0.0,0.0,0.0,0.012390089227877005
合格股票等权,2019-08-14,3087,0.043016481046565275,0.0,0.0,0.0,0.043016481046565275
合格股票等权,2019-08-21,3088,0.012665830068105448,0.0,0.0,0.0,0.012665830068105448
合格股票等权,2019-08-28,3091,0.023499070610496692,0.0,0.0,0.0,0.023499070610496692
合格股票等权,2019-09-04,3096,0.029984914207997367,0.0,0.0,0.0,0.029984914207997367
合格股票等权,2019-09-11,3096,-0.00023337235503361405,0.0,0.0,0.0,-0.00023337235503361405
合格股票等权,2019-09-19,3098,-0.04873117925782064,0.0,0.0,0.0,-0.04873117925782064
合格股票等权,2019-09-26,3101,0.023327854088457965,0.0,0.0,0.0,0.023327854088457965
合格股票等权,2019-10-10,3100,-0.0009607821016886563,0.0,0.0,0.0,-0.0009607821016886563
合格股票等权,2019-10-17,3104,-0.010751741150857086,0.0,0.0,0.0,-0.010751741150857086
合格股票等权,2019-10-24,3106,-0.013395744854702267,0.0,0.0,0.0,-0.013395744854702267
合格股票等权,2019-10-31,3100,0.012292251391360235,0.0,0.0,0.0,0.012292251391360235
合格股票等权,2019-11-07,3106,-0.02261907907210305,0.0,0.0,0.0,-0.02261907907210305
合格股票等权,2019-11-14,3105,0.004675330170461511,0.0,0.0,0.0,0.004675330170461511
合格股票等权,2019-11-21,3109,-0.015709404174261775,0.0,0.0,0.0,-0.015709404174261775
合格股票等权,2019-11-28,3108,0.02077097225518567,0.0,0.0,0.0,0.02077097225518567
合格股票等权,2019-12-05,3110,0.009540766516301641,0.0,0.0,0.0,0.009540766516301641
合格股票等权,2019-12-12,3108,0.04880391856982187,0.0,0.0,0.0,0.04880391856982187
合格股票等权,2019-12-19,3114,-0.0015359856990140714,0.0,0.0,0.0,-0.0015359856990140714
合格股票等权,2019-12-26,3116,0.02926299638746878,0.0,0.0,0.0,0.02926299638746878
合格股票等权,2020-01-03,3117,0.019863245044726023,0.0,0.0,0.0,0.019863245044726023
合格股票等权,2020-01-10,3115,-0.001297475028540552,0.0,0.0,0.0,-0.001297475028540552
合格股票等权,2020-01-17,3119,-0.11793025148574938,0.0,0.0,0.0,-0.11793025148574938
合格股票等权,2020-02-03,3133,0.07588202411275331,0.0,0.0,0.0,0.07588202411275331
合格股票等权,2020-02-10,3135,0.03729423110860882,0.0,0.0,0.0,0.03729423110860882
合格股票等权,2020-02-17,3137,0.05568209359015643,0.0,0.0,0.0,0.05568209359015643
合格股票等权,2020-02-24,3140,-0.02692090236225718,0.0,0.0,0.0,-0.02692090236225718
合格股票等权,2020-03-02,3138,0.006552456068523494,0.0,0.0,0.0,0.006552456068523494
合格股票等权,2020-03-09,3133,-0.05606767030798284,0.0,0.0,0.0,-0.05606767030798284
合格股票等权,2020-03-16,3135,-0.033357839419784006,0.0,0.0,0.0,-0.033357839419784006
合格股票等权,2020-03-23,3140,0.008148110096435228,0.0,0.0,0.0,0.008148110096435228
合格股票等权,2020-03-30,3142,0.04256399705462136,0.0,0.0,0.0,0.04256399705462136
合格股票等权,2020-04-07,3142,0.000985607437494407,0.0,0.0,0.0,0.000985607437494407
合格股票等权,2020-04-14,3143,0.004783649825148739,0.0,0.0,0.0,0.004783649825148739
合格股票等权,2020-04-21,3145,-0.03627064907259486,0.0,0.0,0.0,-0.03627064907259486
合格股票等权,2020-04-28,3143,0.045125604774693844,0.0,0.0,0.0,0.045125604774693844
合格股票等权,2020-05-08,3149,-0.0008307761625905299,0.0,0.0,0.0,-0.0008307761625905299
合格股票等权,2020-05-15,3152,-0.02424552075035694,0.0,0.0,0.0,-0.02424552075035694
合格股票等权,2020-05-22,3155,0.022405985695741478,0.0,0.0,0.0,0.022405985695741478
合格股票等权,2020-05-29,3153,0.03692515326884561,0.0,0.0,0.0,0.03692515326884561
合格股票等权,2020-06-05,3157,-0.0005428695390350025,0.0,0.0,0.0,-0.0005428695390350025
合格股票等权,2020-06-12,3161,0.02480123923508501,0.0,0.0,0.0,0.02480123923508501
合格股票等权,2020-06-19,3167,0.00825712805213139,0.0,0.0,0.0,0.00825712805213139
合格股票等权,2020-06-30,3165,0.08292238437106358,0.0,0.0,0.0,0.08292238437106358
合格股票等权,2020-07-07,3169,0.07053767252370952,0.0,0.0,0.0,0.07053767252370952
合格股票等权,2020-07-14,3175,-0.026770072715472496,0.0,0.0,0.0,-0.026770072715472496
合格股票等权,2020-07-21,3174,-0.025483026120498603,0.0,0.0,0.0,-0.025483026120498603
合格股票等权,2020-07-28,3178,0.0612697665002404,0.0,0.0,0.0,0.0612697665002404
合格股票等权,2020-08-04,3181,-0.01284167074303889,0.0,0.0,0.0,-0.01284167074303889
合格股票等权,2020-08-11,3185,0.03450212584151843,0.0,0.0,0.0,0.03450212584151843
合格股票等权,2020-08-18,3189,-0.011534126973108969,0.0,0.0,0.0,-0.011534126973108969
合格股票等权,2020-08-25,3191,0.01014494863599799,0.0,0.0,0.0,0.01014494863599799
合格股票等权,2020-09-01,3195,-0.001036734167951817,0.0,0.0,0.0,-0.001036734167951817
合格股票等权,2020-09-08,3196,-0.031554137074566085,0.0,0.0,0.0,-0.031554137074566085
合格股票等权,2020-09-15,3195,-0.008782081207590322,0.0,0.0,0.0,-0.008782081207590322
合格股票等权,2020-09-22,3201,-0.03118620405264705,0.0,0.0,0.0,-0.03118620405264705
合格股票等权,2020-09-29,3202,0.055701176485233074,0.0,0.0,0.0,0.055701176485233074
合格股票等权,2020-10-14,3206,-0.013204899225907271,0.0,0.0,0.0,-0.013204899225907271
合格股票等权,2020-10-21,3205,-0.010840002858647592,0.0,0.0,0.0,-0.010840002858647592
合格股票等权,2020-10-28,3209,-0.008564653043517551,0.0,0.0,0.0,-0.008564653043517551
合格股票等权,2020-11-04,3210,0.009234115850229568,0.0,0.0,0.0,0.009234115850229568
合格股票等权,2020-11-11,3218,0.009935059814319087,0.0,0.0,0.0,0.009935059814319087
合格股票等权,2020-11-18,3222,0.000623543338568726,0.0,0.0,0.0,0.000623543338568726
合格股票等权,2020-11-25,3224,0.007161017781129847,0.0,0.0,0.0,0.007161017781129847
合格股票等权,2020-12-02,3227,-0.023784725438901158,0.0,0.0,0.0,-0.023784725438901158
合格股票等权,2020-12-09,3227,-0.020051480434842246,0.0,0.0,0.0,-0.020051480434842246
合格股票等权,2020-12-16,3230,0.0022621047490882424,0.0,0.0,0.0,0.0022621047490882424
合格股票等权,2020-12-23,3232,-0.016474834572720466,0.0,0.0,0.0,-0.016474834572720466
合格股票等权,2020-12-30,3236,-0.006036698631952314,0.0,0.0,0.0,-0.006036698631952314
合格股票等权,2021-01-07,3238,-0.024159142070399098,0.0,0.0,0.0,-0.024159142070399098
合格股票等权,2021-01-14,3238,0.04200620271956131,0.0,0.0,0.0,0.04200620271956131
合格股票等权,2021-01-21,3238,-0.0442800256288806,0.0,0.0,0.0,-0.0442800256288806
合格股票等权,2021-01-28,3241,-0.03815068386978932,0.0,0.0,0.0,-0.03815068386978932
合格股票等权,2021-02-04,3246,0.042449866597391535,0.0,0.0,0.0,0.042449866597391535
合格股票等权,2021-02-18,3250,0.022879522210522273,0.0,0.0,0.0,0.022879522210522273
合格股票等权,2021-02-25,3260,0.01758391057819885,0.0,0.0,0.0,0.01758391057819885
合格股票等权,2021-03-04,3256,-0.01976550268021555,0.0,0.0,0.0,-0.01976550268021555
合格股票等权,2021-03-11,3257,0.018774655971615865,0.0,0.0,0.0,0.018774655971615865
合格股票等权,2021-03-18,3260,-0.011501010627309504,0.0,0.0,0.0,-0.011501010627309504
合格股票等权,2021-03-25,3265,0.015095501951559408,0.0,0.0,0.0,0.015095501951559408
合格股票等权,2021-04-01,3266,0.011232554775544041,0.0,0.0,0.0,0.011232554775544041
合格股票等权,2021-04-09,3270,0.005260454162382908,0.0,0.0,0.0,0.005260454162382908
合格股票等权,2021-04-16,3270,0.002301841611060862,0.0,0.0,0.0,0.002301841611060862
合格股票等权,2021-04-23,3274,-0.01455935738289429,0.0,0.0,0.0,-0.01455935738289429
合格股票等权,2021-04-30,3268,0.023635396656652128,0.0,0.0,0.0,0.023635396656652128
合格股票等权,2021-05-12,3281,0.0037044089884116253,0.0,0.0,0.0,0.0037044089884116253
合格股票等权,2021-05-19,3284,0.019035423053530454,0.0,0.0,0.0,0.019035423053530454
合格股票等权,2021-05-26,3294,0.015400272843901042,0.0,0.0,0.0,0.015400272843901042
合格股票等权,2021-06-02,3299,0.013012565072224525,0.0,0.0,0.0,0.013012565072224525
合格股票等权,2021-06-09,3302,-0.013582289634857471,0.0,0.0,0.0,-0.013582289634857471
合格股票等权,2021-06-17,3301,0.024984948089177436,0.0,0.0,0.0,0.024984948089177436
合格股票等权,2021-06-24,3302,-0.007064975121364457,0.0,0.0,0.0,-0.007064975121364457
合格股票等权,2021-07-01,3311,0.013190122882910623,0.0,0.0,0.0,0.013190122882910623
合格股票等权,2021-07-08,3316,0.015160602535466042,0.0,0.0,0.0,0.015160602535466042
合格股票等权,2021-07-15,3315,0.020436194718150013,0.0,0.0,0.0,0.020436194718150013
合格股票等权,2021-07-22,3319,-0.04238509092195101,0.0,0.0,0.0,-0.04238509092195101
合格股票等权,2021-07-29,3326,0.03150253180229909,0.0,0.0,0.0,0.03150253180229909
合格股票等权,2021-08-05,3336,0.03382234969481145,0.0,0.0,0.0,0.03382234969481145
合格股票等权,2021-08-12,3342,-0.017030656785188402,0.0,0.0,0.0,-0.017030656785188402
合格股票等权,2021-08-19,3347,0.02974347362240901,0.0,0.0,0.0,0.02974347362240901
合格股票等权,2021-08-26,3371,0.010472880416163042,0.0,0.0,0.0,0.010472880416163042
合格股票等权,2021-09-02,3373,0.0378198794803474,0.0,0.0,0.0,0.0378198794803474
合格股票等权,2021-09-09,3380,-0.015498877831889421,0.0,0.0,0.0,-0.015498877831889421
合格股票等权,2021-09-16,3390,-0.034776287575046146,0.0,0.0,0.0,-0.034776287575046146
合格股票等权,2021-09-27,3401,0.008624424308059441,0.0,0.0,0.0,0.008624424308059441
合格股票等权,2021-10-11,3416,-0.00876679243192659,0.0,0.0,0.0,-0.00876679243192659
合格股票等权,2021-10-18,3425,-0.0031409186011637736,0.0,0.0,0.0,-0.0031409186011637736
合格股票等权,2021-10-25,3425,-0.008412559278096478,0.0,0.0,0.0,-0.008412559278096478
合格股票等权,2021-11-01,3435,0.006703122724910322,0.0,0.0,0.0,0.006703122724910322
合格股票等权,2021-11-08,3440,0.04165290959050171,0.0,0.0,0.0,0.04165290959050171
合格股票等权,2021-11-15,3438,0.020273778183601418,0.0,0.0,0.0,0.020273778183601418
合格股票等权,2021-11-22,3443,0.00401365232912241,0.0,0.0,0.0,0.00401365232912241
合格股票等权,2021-11-29,3446,0.0019115227867068695,0.0,0.0,0.0,0.0019115227867068695
合格股票等权,2021-12-06,3455,0.019640035539045374,0.0,0.0,0.0,0.019640035539045374
合格股票等权,2021-12-13,3461,0.00022536165589405284,0.0,0.0,0.0,0.00022536165589405284
合格股票等权,2021-12-20,3464,0.0061027617077574,0.0,0.0,0.0,0.0061027617077574
合格股票等权,2021-12-27,3479,0.033621013116674016,0.0,0.0,0.0,0.033621013116674016
合格股票等权,2022-01-04,3483,-0.0176226615481132,0.0,0.0,0.0,-0.0176226615481132
合格股票等权,2022-01-11,3491,0.003373273196902397,0.0,0.0,0.0,0.003373273196902397
合格股票等权,2022-01-18,3489,-0.07342601918579876,0.0,0.0,0.0,-0.07342601918579876
合格股票等权,2022-01-25,3495,0.018156357631671727,0.0,0.0,0.0,0.018156357631671727
合格股票等权,2022-02-08,3512,-0.0013675950019893129,0.0,0.0,0.0,-0.0013675950019893129
合格股票等权,2022-02-15,3521,0.02097440719966891,0.0,0.0,0.0,0.02097440719966891
合格股票等权,2022-02-22,3520,0.009491724034498042,0.0,0.0,0.0,0.009491724034498042
合格股票等权,2022-03-01,3529,-0.05602272799253605,0.0,0.0,0.0,-0.05602272799253605
合格股票等权,2022-03-08,3530,-0.0663265475833618,0.0,0.0,0.0,-0.0663265475833618
合格股票等权,2022-03-15,3534,0.07868647147811181,0.0,0.0,0.0,0.07868647147811181
合格股票等权,2022-03-22,3541,-0.022082087055372752,0.0,0.0,0.0,-0.022082087055372752
合格股票等权,2022-03-29,3545,1.691908261116313e-05,0.0,0.0,0.0,1.691908261116313e-05
合格股票等权,2022-04-07,3548,-0.024003261804751583,0.0,0.0,0.0,-0.024003261804751583
合格股票等权,2022-04-14,3558,-0.0525391476763477,0.0,0.0,0.0,-0.0525391476763477
合格股票等权,2022-04-21,3567,-0.09762747529761186,0.0,0.0,0.0,-0.09762747529761186
合格股票等权,2022-04-28,3564,0.08557559071517302,0.0,0.0,0.0,0.08557559071517302
合格股票等权,2022-05-10,3583,0.020287835574443868,0.0,0.0,0.0,0.020287835574443868
合格股票等权,2022-05-17,3586,-0.0013947557789830381,0.0,0.0,0.0,-0.0013947557789830381
合格股票等权,2022-05-24,3592,0.04952596100134331,0.0,0.0,0.0,0.04952596100134331
合格股票等权,2022-05-31,3606,0.02389917548627157,0.0,0.0,0.0,0.02389917548627157
合格股票等权,2022-06-08,3617,0.004401181210430644,0.0,0.0,0.0,0.004401181210430644
合格股票等权,2022-06-15,3621,0.008802027820071386,0.0,0.0,0.0,0.008802027820071386
合格股票等权,2022-06-22,3625,0.033403222605636135,0.0,0.0,0.0,0.033403222605636135
合格股票等权,2022-06-29,3632,-0.0026874091462877263,0.0,0.0,0.0,-0.0026874091462877263
合格股票等权,2022-07-06,3642,0.0001734972436262565,0.0,0.0,0.0,0.0001734972436262565
合格股票等权,2022-07-13,3644,0.03301902775624418,0.0,0.0,0.0,0.03301902775624418
合格股票等权,2022-07-20,3657,0.003790132380498709,0.0,0.0,0.0,0.003790132380498709
合格股票等权,2022-07-27,3663,-0.036609374209923655,0.0,0.0,0.0,-0.036609374209923655
合格股票等权,2022-08-03,3670,0.04476847594632681,0.0,0.0,0.0,0.04476847594632681
合格股票等权,2022-08-10,3674,0.02735896762375973,0.0,0.0,0.0,0.02735896762375973
合格股票等权,2022-08-17,3684,-0.0289494190854369,0.0,0.0,0.0,-0.0289494190854369
合格股票等权,2022-08-24,3691,-0.028481009645064823,0.0,0.0,0.0,-0.028481009645064823
合格股票等权,2022-08-31,3697,0.03056451923070344,0.0,0.0,0.0,0.03056451923070344
合格股票等权,2022-09-07,3699,-0.03766931515539458,0.0,0.0,0.0,-0.03766931515539458
合格股票等权,2022-09-15,3706,-0.022445777149351084,0.0,0.0,0.0,-0.022445777149351084
合格股票等权,2022-09-22,3712,-0.045760267642422546,0.0,0.0,0.0,-0.045760267642422546
合格股票等权,2022-09-29,3721,0.015513232932350988,0.0,0.0,0.0,0.015513232932350988
合格股票等权,2022-10-13,3724,0.028238535360775426,0.0,0.0,0.0,0.028238535360775426
合格股票等权,2022-10-20,3733,0.0015259957854771677,0.0,0.0,0.0,0.0015259957854771677
合格股票等权,2022-10-27,3741,0.014337078801591597,0.0,0.0,0.0,0.014337078801591597
合格股票等权,2022-11-03,3748,0.023266099674147167,0.0,0.0,0.0,0.023266099674147167
合格股票等权,2022-11-10,3753,0.025095405311497433,0.0,0.0,0.0,0.025095405311497433
合格股票等权,2022-11-17,3757,-0.0163093704506426,0.0,0.0,0.0,-0.0163093704506426
合格股票等权,2022-11-24,3767,0.01635983241878104,0.0,0.0,0.0,0.01635983241878104
合格股票等权,2022-12-01,3772,0.00836009681270113,0.0,0.0,0.0,0.00836009681270113
合格股票等权,2022-12-08,3776,-0.0065021789649479704,0.0,0.0,0.0,-0.0065021789649479704
合格股票等权,2022-12-15,3781,-0.055007009558955954,0.0,0.0,0.0,-0.055007009558955954
合格股票等权,2022-12-22,3787,0.002307898957909765,0.0,0.0,0.0,0.002307898957909765
合格股票等权,2022-12-29,3796,0.03801060178197598,0.0,0.0,0.0,0.03801060178197598
合格股票等权,2023-01-06,3800,0.0015172130112690691,0.0,0.0,0.0,0.0015172130112690691
合格股票等权,2023-01-13,3804,0.0266572279417727,0.0,0.0,0.0,0.0266572279417727
合格股票等权,2023-01-20,3808,0.03653198341456157,0.0,0.0,0.0,0.03653198341456157
合格股票等权,2023-02-03,3816,0.012480499418042348,0.0,0.0,0.0,0.012480499418042348
合格股票等权,2023-02-10,3819,-0.012106996703882102,0.0,0.0,0.0,-0.012106996703882102
合格股票等权,2023-02-17,3824,0.014800932664879547,0.0,0.0,0.0,0.014800932664879547
合格股票等权,2023-02-24,3829,0.007174312098254326,0.0,0.0,0.0,0.007174312098254326
合格股票等权,2023-03-03,3833,-0.024570745181922617,0.0,0.0,0.0,-0.024570745181922617
合格股票等权,2023-03-10,3835,-0.008037377602122633,0.0,0.0,0.0,-0.008037377602122633
合格股票等权,2023-03-17,3841,0.020791541428844436,0.0,0.0,0.0,0.020791541428844436
合格股票等权,2023-03-24,3847,-0.0057349299336792526,0.0,0.0,0.0,-0.0057349299336792526
合格股票等权,2023-03-31,3852,-0.004366301953924736,0.0,0.0,0.0,-0.004366301953924736
合格股票等权,2023-04-10,3852,0.010400096112847685,0.0,0.0,0.0,0.010400096112847685
合格股票等权,2023-04-17,3855,-0.04002671743519402,0.0,0.0,0.0,-0.04002671743519402
合格股票等权,2023-04-24,3866,0.01828851201742691,0.0,0.0,0.0,0.01828851201742691
合格股票等权,2023-05-04,3854,-0.0049425860905912,0.0,0.0,0.0,-0.0049425860905912
合格股票等权,2023-05-11,3865,0.004772307141310023,0.0,0.0,0.0,0.004772307141310023
合格股票等权,2023-05-18,3873,-0.00675972071751281,0.0,0.0,0.0,-0.00675972071751281
合格股票等权,2023-05-25,3875,0.007753422174494328,0.0,0.0,0.0,0.007753422174494328
合格股票等权,2023-06-01,3875,-0.005013431077809579,0.0,0.0,0.0,-0.005013431077809579
合格股票等权,2023-06-08,3880,0.023265504689716048,0.0,0.0,0.0,0.023265504689716048
合格股票等权,2023-06-15,3880,-0.02895778298181405,0.0,0.0,0.0,-0.02895778298181405
合格股票等权,2023-06-26,3889,0.04383136167123983,0.0,0.0,0.0,0.04383136167123983
合格股票等权,2023-07-03,3893,-0.0037034669142797984,0.0,0.0,0.0,-0.0037034669142797984
合格股票等权,2023-07-10,3901,0.0045960013487693,0.0,0.0,0.0,0.0045960013487693
合格股票等权,2023-07-17,3907,-0.01283060238928508,0.0,0.0,0.0,-0.01283060238928508
合格股票等权,2023-07-24,3905,0.023869326514326397,0.0,0.0,0.0,0.023869326514326397
合格股票等权,2023-07-31,3915,-0.009608103004810558,0.0,0.0,0.0,-0.009608103004810558
合格股票等权,2023-08-07,3921,-0.019568623395562555,0.0,0.0,0.0,-0.019568623395562555
合格股票等权,2023-08-14,3927,-0.02387226256252228,0.0,0.0,0.0,-0.02387226256252228
合格股票等权,2023-08-21,3935,-0.02004367083669494,0.0,0.0,0.0,-0.02004367083669494
合格股票等权,2023-08-28,3939,0.0498051034327932,0.0,0.0,0.0,0.0498051034327932
合格股票等权,2023-09-04,3945,-0.0055238197361690946,0.0,0.0,0.0,-0.0055238197361690946
合格股票等权,2023-09-11,3953,-0.008194964743798697,0.0,0.0,0.0,-0.008194964743798697
合格股票等权,2023-09-18,3955,-0.009956671174270779,0.0,0.0,0.0,-0.009956671174270779
合格股票等权,2023-09-25,3962,0.0030866668902688197,0.0,0.0,0.0,0.0030866668902688197
合格股票等权,2023-10-10,3970,-0.005465575672655844,0.0,0.0,0.0,-0.005465575672655844
合格股票等权,2023-10-17,3974,-0.03557917868244731,0.0,0.0,0.0,-0.03557917868244731
合格股票等权,2023-10-24,3977,0.04018463042987661,0.0,0.0,0.0,0.04018463042987661
合格股票等权,2023-10-31,3986,0.028690499157098866,0.0,0.0,0.0,0.028690499157098866
合格股票等权,2023-11-07,3987,0.008542906956964302,0.0,0.0,0.0,0.008542906956964302
合格股票等权,2023-11-14,3993,0.013127652595547577,0.0,0.0,0.0,0.013127652595547577
合格股票等权,2023-11-21,4000,-0.0036806243355805416,0.0,0.0,0.0,-0.0036806243355805416
合格股票等权,2023-11-28,4003,-0.02041621126998291,0.0,0.0,0.0,-0.02041621126998291
合格股票等权,2023-12-05,4006,0.007064653974554019,0.0,0.0,0.0,0.007064653974554019
合格股票等权,2023-12-12,4009,-0.022975888885754824,0.0,0.0,0.0,-0.022975888885754824
合格股票等权,2023-12-19,4008,-0.03027495689012962,0.0,0.0,0.0,-0.03027495689012962
合格股票等权,2023-12-26,4013,0.0411356195310645,0.0,0.0,0.0,0.0411356195310645
合格股票等权,2024-01-03,4017,-0.04001084862585869,0.0,0.0,0.0,-0.04001084862585869
合格股票等权,2024-01-10,4018,-0.020110021422569575,0.0,0.0,0.0,-0.020110021422569575
合格股票等权,2024-01-17,4017,-0.05712807948526968,0.0,0.0,0.0,-0.05712807948526968
合格股票等权,2024-01-24,4020,-0.07170779892828656,0.0,0.0,0.0,-0.07170779892828656
合格股票等权,2024-01-31,4022,-0.11375067310793763,0.0,0.0,0.0,-0.11375067310793763
合格股票等权,2024-02-07,4020,0.1623533375158512,0.0,0.0,0.0,0.1623533375158512
合格股票等权,2024-02-22,4033,0.040614249529109955,0.0,0.0,0.0,0.040614249529109955
合格股票等权,2024-02-29,4033,0.0019619573744414447,0.0,0.0,0.0,0.0019619573744414447
合格股票等权,2024-03-07,4038,0.03856136851472746,0.0,0.0,0.0,0.03856136851472746
合格股票等权,2024-03-14,4044,0.044463585196961516,0.0,0.0,0.0,0.044463585196961516
合格股票等权,2024-03-21,4049,-0.04281754237704812,0.0,0.0,0.0,-0.04281754237704812
合格股票等权,2024-03-28,4054,0.005718625108330908,0.0,0.0,0.0,0.005718625108330908
合格股票等权,2024-04-08,4058,-0.042370742744623664,0.0,0.0,0.0,-0.042370742744623664
合格股票等权,2024-04-15,4066,-0.020973610972336045,0.0,0.0,0.0,-0.020973610972336045
合格股票等权,2024-04-22,4066,0.07199004465817908,0.0,0.0,0.0,0.07199004465817908
合格股票等权,2024-04-29,4065,0.026231303244663474,0.0,0.0,0.0,0.026231303244663474
合格股票等权,2024-05-09,4076,-0.016389543271274187,0.0,0.0,0.0,-0.016389543271274187
合格股票等权,2024-05-16,4079,-0.010621388331420728,0.0,0.0,0.0,-0.010621388331420728
合格股票等权,2024-05-23,4088,-0.015319646661219462,0.0,0.0,0.0,-0.015319646661219462
合格股票等权,2024-05-30,4083,-0.06873013548869468,0.0,0.0,0.0,-0.06873013548869468
合格股票等权,2024-06-06,4076,0.03220814606805548,0.0,0.0,0.0,0.03220814606805548
合格股票等权,2024-06-14,4091,-0.021310696285450948,0.0,0.0,0.0,-0.021310696285450948
合格股票等权,2024-06-21,4091,-0.01750277510356206,0.0,0.0,0.0,-0.01750277510356206
合格股票等权,2024-06-28,4088,-0.013902995160984293,0.0,0.0,0.0,-0.013902995160984293
合格股票等权,2024-07-05,4099,0.01208778602609519,0.0,0.0,0.0,0.01208778602609519
合格股票等权,2024-07-12,4105,-0.021083388034555946,0.0,0.0,0.0,-0.021083388034555946
合格股票等权,2024-07-19,4107,-0.007331328521016365,0.0,0.0,0.0,-0.007331328521016365
合格股票等权,2024-07-26,4118,0.02815790419610767,0.0,0.0,0.0,0.02815790419610767
合格股票等权,2024-08-02,4123,-0.014142539994675919,0.0,0.0,0.0,-0.014142539994675919
合格股票等权,2024-08-09,4131,-9.990584146347317e-05,0.0,0.0,0.0,-9.990584146347317e-05
合格股票等权,2024-08-16,4134,-0.04110523728335044,0.0,0.0,0.0,-0.04110523728335044
合格股票等权,2024-08-23,4134,0.034965726197960165,0.0,0.0,0.0,0.034965726197960165
合格股票等权,2024-08-30,4138,-0.020368486288168265,0.0,0.0,0.0,-0.020368486288168265
合格股票等权,2024-09-06,4139,-0.017011954604835695,0.0,0.0,0.0,-0.017011954604835695
合格股票等权,2024-09-13,4143,0.05253442441631498,0.0,0.0,0.0,0.05253442441631498
合格股票等权,2024-09-24,4152,0.3034683007146856,0.0,0.0,0.0,0.3034683007146856
合格股票等权,2024-10-08,4152,-0.10657159602552012,0.0,0.0,0.0,-0.10657159602552012
合格股票等权,2024-10-15,4152,0.05858990501842048,0.0,0.0,0.0,0.05858990501842048
合格股票等权,2024-10-22,4159,0.028891546347320933,0.0,0.0,0.0,0.028891546347320933
合格股票等权,2024-10-29,4160,0.03437853247099455,0.0,0.0,0.0,0.03437853247099455
合格股票等权,2024-11-05,4165,0.04186550327526559,0.0,0.0,0.0,0.04186550327526559
合格股票等权,2024-11-12,4166,-0.042265430409294494,0.0,0.0,0.0,-0.042265430409294494
合格股票等权,2024-11-19,4166,-0.0044268759286073414,0.0,0.0,0.0,-0.0044268759286073414
合格股票等权,2024-11-26,4168,0.058589148065888386,0.0,0.0,0.0,0.058589148065888386
合格股票等权,2024-12-03,4168,0.015085093617217844,0.0,0.0,0.0,0.015085093617217844
合格股票等权,2024-12-10,4170,-0.03046753485740501,0.0,0.0,0.0,-0.03046753485740501
合格股票等权,2024-12-17,4175,-0.014453038365013278,0.0,0.0,0.0,-0.014453038365013278
合格股票等权,2024-12-24,4177,-0.031121448057563714,0.0,0.0,0.0,-0.031121448057563714
合格股票等权,2024-12-31,4180,-0.03796734800613703,0.0,0.0,0.0,-0.03796734800613703
合格股票等权,2025-01-08,4181,0.017656304798941258,0.0,0.0,0.0,0.017656304798941258
合格股票等权,2025-01-15,4186,0.005485097363567422,0.0,0.0,0.0,0.005485097363567422
合格股票等权,2025-01-22,4192,0.03029092595250743,0.0,0.0,0.0,0.03029092595250743
合格股票等权,2025-02-06,4195,0.027830496380320233,0.0,0.0,0.0,0.027830496380320233
合格股票等权,2025-02-13,4196,0.020181905331965094,0.0,0.0,0.0,0.020181905331965094
合格股票等权,2025-02-20,4198,0.019068924016852305,0.0,0.0,0.0,0.019068924016852305
合格股票等权,2025-02-27,4196,0.004297025165564124,0.0,0.0,0.0,0.004297025165564124
合格股票等权,2025-03-06,4195,0.0023472494246497243,0.0,0.0,0.0,0.0023472494246497243
合格股票等权,2025-03-13,4196,0.023976746734694326,0.0,0.0,0.0,0.023976746734694326
合格股票等权,2025-03-20,4197,-0.029062860517178445,0.0,0.0,0.0,-0.029062860517178445
合格股票等权,2025-03-27,4197,-0.017327563514297477,0.0,0.0,0.0,-0.017327563514297477
合格股票等权,2025-04-03,4204,-0.062425940570497176,0.0,0.0,0.0,-0.062425940570497176
合格股票等权,2025-04-11,4202,0.009968461035341054,0.0,0.0,0.0,0.009968461035341054
合格股票等权,2025-04-18,4200,0.023359532292438836,0.0,0.0,0.0,0.023359532292438836
合格股票等权,2025-04-25,4202,0.039349902766927576,0.0,0.0,0.0,0.039349902766927576
合格股票等权,2025-05-07,4202,0.014578613747075987,0.0,0.0,0.0,0.014578613747075987
合格股票等权,2025-05-14,4204,0.011613535598547765,0.0,0.0,0.0,0.011613535598547765
合格股票等权,2025-05-21,4199,-0.012456504267039339,0.0,0.0,0.0,-0.012456504267039339
合格股票等权,2025-05-28,4196,0.024532957770629284,0.0,0.0,0.0,0.024532957770629284
合格股票等权,2025-06-05,4199,0.014632574510123043,0.0,0.0,0.0,0.014632574510123043
合格股票等权,2025-06-12,4203,-0.02964694613699203,0.0,0.0,0.0,-0.02964694613699203
合格股票等权,2025-06-19,4207,0.03628060014035168,0.0,0.0,0.0,0.03628060014035168
合格股票等权,2025-06-26,4211,0.024590571708106617,0.0,0.0,0.0,0.024590571708106617
合格股票等权,2025-07-03,4207,0.012963707615778523,0.0,0.0,0.0,0.012963707615778523
合格股票等权,2025-07-10,4212,0.01417385944899802,0.0,0.0,0.0,0.01417385944899802
合格股票等权,2025-07-17,4212,0.025126982870293975,0.0,0.0,0.0,0.025126982870293975
合格股票等权,2025-07-24,4212,-0.008490567519877989,0.0,0.0,0.0,-0.008490567519877989
合格股票等权,2025-07-31,4218,0.03343472865762021,0.0,0.0,0.0,0.03343472865762021
合格股票等权,2025-08-07,4218,0.004986255867038214,0.0,0.0,0.0,0.004986255867038214
合格股票等权,2025-08-14,4219,0.0426814092600599,0.0,0.0,0.0,0.0426814092600599
合格股票等权,2025-08-21,4220,6.122386901736515e-05,0.0,0.0,0.0,6.122386901736515e-05
合格股票等权,2025-08-28,4226,-0.03310047398878715,0.0,0.0,0.0,-0.03310047398878715
合格股票等权,2025-09-04,4227,0.044196516763878896,0.0,0.0,0.0,0.044196516763878896
合格股票等权,2025-09-11,4226,-0.00040990491604694056,0.0,0.0,0.0,-0.00040990491604694056
合格股票等权,2025-09-18,4227,-0.00687798710155633,0.0,0.0,0.0,-0.00687798710155633
合格股票等权,2025-09-25,4226,0.012700647703575872,0.0,0.0,0.0,0.012700647703575872
合格股票等权,2025-10-10,4225,-0.030250747325781747,0.0,0.0,0.0,-0.030250747325781747
合格股票等权,2025-10-17,4234,0.03457622489959562,0.0,0.0,0.0,0.03457622489959562
合格股票等权,2025-10-24,4235,0.009246221167598672,0.0,0.0,0.0,0.009246221167598672
合格股票等权,2025-10-31,4234,0.01464995729540433,0.0,0.0,0.0,0.01464995729540433
合格股票等权,2025-11-07,4234,0.01296571552254088,0.0,0.0,0.0,0.01296571552254088
合格股票等权,2025-11-14,4238,-0.06219611715349397,0.0,0.0,0.0,-0.06219611715349397
合格股票等权,2025-11-21,4240,0.03871973840856443,0.0,0.0,0.0,0.03871973840856443
合格股票等权,2025-11-28,4236,0.00186980724854825,0.0,0.0,0.0,0.00186980724854825
合格股票等权,2025-12-05,4237,-0.012174510107672495,0.0,0.0,0.0,-0.012174510107672495
合格股票等权,2025-12-12,4239,0.009135465674868183,0.0,0.0,0.0,0.009135465674868183
合格股票等权,2025-12-19,4240,0.023631969507142667,0.0,0.0,0.0,0.023631969507142667
合格股票等权,2025-12-26,4243,0.025766109015186018,0.0,0.0,0.0,0.025766109015186018
合格股票等权,2026-01-06,4249,0.035348813897000265,0.0,0.0,0.0,0.035348813897000265
合格股票等权,2026-01-13,4242,0.007765336674913389,0.0,0.0,0.0,0.007765336674913389
合格股票等权,2026-01-20,4254,0.016765152062131534,0.0,0.0,0.0,0.016765152062131534
合格股票等权,2026-01-27,4256,-0.014053309114994987,0.0,0.0,0.0,-0.014053309114994987
合格股票等权,2026-02-03,4256,0.016969802812196847,0.0,0.0,0.0,0.016969802812196847
合格股票等权,2026-02-10,4258,0.014922434598244553,0.0,0.0,0.0,0.014922434598244553
合格股票等权,2026-02-25,4255,-0.04122380525725717,0.0,0.0,0.0,-0.04122380525725717
合格股票等权,2026-03-04,4258,0.037641798160898146,0.0,0.0,0.0,0.037641798160898146
合格股票等权,2026-03-11,4265,-0.023414618446734425,0.0,0.0,0.0,-0.023414618446734425
合格股票等权,2026-03-18,4267,-0.044960828550061796,0.0,0.0,0.0,-0.044960828550061796
合格股票等权,2026-03-25,4268,0.004753164836929896,0.0,0.0,0.0,0.004753164836929896
合格股票等权,2026-04-01,4264,0.0033660764127473528,0.0,0.0,0.0,0.0033660764127473528
合格股票等权,2026-04-09,4271,0.030526045757322772,0.0,0.0,0.0,0.030526045757322772
合格股票等权,2026-04-16,4277,0.0012914389684403518,0.0,0.0,0.0,0.0012914389684403518
合格股票等权,2026-04-23,4276,0.009972989366798392,0.0,0.0,0.0,0.009972989366798392
合格股票等权,2026-04-30,4278,0.03502731577984066,0.0,0.0,0.0,0.03502731577984066
合格股票等权,2026-05-12,4276,-0.007539056719007532,0.0,0.0,0.0,-0.007539056719007532
合格股票等权,2026-05-19,4280,-0.033204470352971846,0.0,0.0,0.0,-0.033204470352971846
合格股票等权,2026-05-26,4285,-0.03557739792850062,0.0,0.0,0.0,-0.03557739792850062
合格股票等权,2026-06-02,4281,-0.03117471986664589,0.0,0.0,0.0,-0.03117471986664589
合格股票等权,2026-06-09,4287,0.01169746177546659,0.0,0.0,0.0,0.01169746177546659
合格股票等权,2026-06-16,4285,-0.018992250726913646,0.0,0.0,0.0,-0.018992250726913646
合格股票等权,2026-06-24,4286,-0.01145311186436947,0.0,0.0,0.0,-0.01145311186436947
合格股票等权,2026-07-01,4282,-0.04656066641016022,0.0,0.0,0.0,-0.04656066641016022
合格股票等权,2026-07-08,4283,-0.005850764704433975,0.0,0.0,0.0,-0.005850764704433975
合格股票等权,2026-07-15,4289,-0.06455795731863143,0.0,0.0,0.0,-0.06455795731863143
合格股票等权,2026-07-22,4290,0.032278512792346684,0.0,0.0,0.0,0.032278512792346684
中证500,2023-06-08,1,0.021900220410147497,0.0,0.0,0.0,0.021900220410147497
中证500,2023-06-15,1,-0.034408157708703535,0.0,0.0,0.0,-0.034408157708703535
中证500,2023-06-26,1,0.026376627943122788,0.0,0.0,0.0,0.026376627943122788
中证500,2023-07-03,1,-0.009603942862911774,0.0,0.0,0.0,-0.009603942862911774
中证500,2023-07-10,1,0.004747438288315253,0.0,0.0,0.0,0.004747438288315253
中证500,2023-07-17,1,-0.015962905122333004,0.0,0.0,0.0,-0.015962905122333004
中证500,2023-07-24,1,0.028990773588700502,0.0,0.0,0.0,0.028990773588700502
中证500,2023-07-31,1,0.0004089851911226461,0.0,0.0,0.0,0.0004089851911226461
中证500,2023-08-07,1,-0.028556511288466035,0.0,0.0,0.0,-0.028556511288466035
中证500,2023-08-14,1,-0.0348194970254192,0.0,0.0,0.0,-0.0348194970254192
中证500,2023-08-21,1,-0.01166915902906418,0.0,0.0,0.0,-0.01166915902906418
中证500,2023-08-28,1,0.03289075040661649,0.0,0.0,0.0,0.03289075040661649
中证500,2023-09-04,1,-0.009442894929139856,0.0,0.0,0.0,-0.009442894929139856
中证500,2023-09-11,1,-0.009531181544418565,0.0,0.0,0.0,-0.009531181544418565
中证500,2023-09-18,1,-0.0092714814963748,0.0,0.0,0.0,-0.0092714814963748
中证500,2023-09-25,1,-0.006404125181323828,0.0,0.0,0.0,-0.006404125181323828
中证500,2023-10-10,1,-0.006221615986160556,0.0,0.0,0.0,-0.006221615986160556
中证500,2023-10-17,1,-0.043487973921156,0.0,0.0,0.0,-0.043487973921156
中证500,2023-10-24,1,0.03292781590467864,0.0,0.0,0.0,0.03292781590467864
中证500,2023-10-31,1,0.014988495434351545,0.0,0.0,0.0,0.014988495434351545
中证500,2023-11-07,1,0.0034663434977098007,0.0,0.0,0.0,0.0034663434977098007
中证500,2023-11-14,1,0.001870154780616362,0.0,0.0,0.0,0.001870154780616362
中证500,2023-11-21,1,-0.008789097123246048,0.0,0.0,0.0,-0.008789097123246048
中证500,2023-11-28,1,-0.023444513994455796,0.0,0.0,0.0,-0.023444513994455796
中证500,2023-12-05,1,0.019370340322429902,0.0,0.0,0.0,0.019370340322429902
中证500,2023-12-12,1,-0.033471788551573955,0.0,0.0,0.0,-0.033471788551573955
中证500,2023-12-19,1,-0.02260091786604501,0.0,0.0,0.0,-0.02260091786604501
中证500,2023-12-26,1,0.02721802566618714,0.0,0.0,0.0,0.02721802566618714
中证500,2024-01-03,1,-0.04504758025697031,0.0,0.0,0.0,-0.04504758025697031
中证500,2024-01-10,1,-0.018716266517773916,0.0,0.0,0.0,-0.018716266517773916
中证500,2024-01-17,1,-0.025257135180202006,0.0,0.0,0.0,-0.025257135180202006
中证500,2024-01-24,1,-0.047980217686523385,0.0,0.0,0.0,-0.047980217686523385
中证500,2024-01-31,1,0.08784154925079513,0.0,0.0,0.0,0.08784154925079513
中证500,2024-02-07,1,0.01306763582845516,0.0,0.0,0.0,0.01306763582845516
中证500,2024-02-22,1,0.03292867160967039,0.0,0.0,0.0,0.03292867160967039
中证500,2024-02-29,1,-0.01299658299652695,0.0,0.0,0.0,-0.01299658299652695
中证500,2024-03-07,1,0.02191082561158164,0.0,0.0,0.0,0.02191082561158164
中证500,2024-03-14,1,0.01351769817149484,0.0,0.0,0.0,0.01351769817149484
中证500,2024-03-21,1,-0.04427872802483768,0.0,0.0,0.0,-0.04427872802483768
中证500,2024-03-28,1,0.014315222031429098,0.0,0.0,0.0,0.014315222031429098
中证500,2024-04-08,1,0.007762442461107577,0.0,0.0,0.0,0.007762442461107577
中证500,2024-04-15,1,-0.013510071689152525,0.0,0.0,0.0,-0.013510071689152525
中证500,2024-04-22,1,0.040039259014575945,0.0,0.0,0.0,0.040039259014575945
中证500,2024-04-29,1,0.014288608722476726,0.0,0.0,0.0,0.014288608722476726
中证500,2024-05-09,1,-0.023772803265206255,0.0,0.0,0.0,-0.023772803265206255
中证500,2024-05-16,1,-0.011495630148930736,0.0,0.0,0.0,-0.011495630148930736
中证500,2024-05-23,1,-0.010005016494757046,0.0,0.0,0.0,-0.010005016494757046
中证500,2024-05-30,1,-0.015043344271435832,0.0,0.0,0.0,-0.015043344271435832
中证500,2024-06-06,1,-0.0030045134638923,0.0,0.0,0.0,-0.0030045134638923
中证500,2024-06-14,1,-0.021246515981884095,0.0,0.0,0.0,-0.021246515981884095
中证500,2024-06-21,1,-0.03127002761483466,0.0,0.0,0.0,-0.03127002761483466
中证500,2024-06-28,1,-0.015481166469071828,0.0,0.0,0.0,-0.015481166469071828
中证500,2024-07-05,1,0.01091187071796429,0.0,0.0,0.0,0.01091187071796429
中证500,2024-07-12,1,-0.009617104664021214,0.0,0.0,0.0,-0.009617104664021214
中证500,2024-07-19,1,-0.027846594349401288,0.0,0.0,0.0,-0.027846594349401288
中证500,2024-07-26,1,0.011029520435438034,0.0,0.0,0.0,0.011029520435438034
中证500,2024-08-02,1,-0.014265070103703925,0.0,0.0,0.0,-0.014265070103703925
中证500,2024-08-09,1,-0.010577695109007745,0.0,0.0,0.0,-0.010577695109007745
中证500,2024-08-16,1,-0.02853943362210354,0.0,0.0,0.0,-0.02853943362210354
中证500,2024-08-23,1,0.02248577832928156,0.0,0.0,0.0,0.02248577832928156
中证500,2024-08-30,1,-0.02191368603029442,0.0,0.0,0.0,-0.02191368603029442
中证500,2024-09-06,1,-0.0190613670674058,0.0,0.0,0.0,-0.0190613670674058
中证500,2024-09-13,1,0.05361539982385821,0.0,0.0,0.0,0.05361539982385821
中证500,2024-09-24,1,0.31260235414534265,0.0,0.0,0.0,0.31260235414534265
中证500,2024-10-08,1,-0.11095948716449133,0.0,0.0,0.0,-0.11095948716449133
中证500,2024-10-15,1,0.05140007601561236,0.0,0.0,0.0,0.05140007601561236
中证500,2024-10-22,1,0.010198388904820277,0.0,0.0,0.0,0.010198388904820277
中证500,2024-10-29,1,0.05151629324923879,0.0,0.0,0.0,0.05151629324923879
中证500,2024-11-05,1,0.024854506812042265,0.0,0.0,0.0,0.024854506812042265
中证500,2024-11-12,1,-0.05224876594059924,0.0,0.0,0.0,-0.05224876594059924
中证500,2024-11-19,1,-0.04145807364484744,0.0,0.0,0.0,-0.04145807364484744
中证500,2024-11-26,1,0.04246390462667482,0.0,0.0,0.0,0.04246390462667482
中证500,2024-12-03,1,0.010109370680296381,0.0,0.0,0.0,0.010109370680296381
中证500,2024-12-10,1,-0.02401999969960389,0.0,0.0,0.0,-0.02401999969960389
中证500,2024-12-17,1,0.008053815217093696,0.0,0.0,0.0,0.008053815217093696
中证500,2024-12-24,1,-0.02875700138755577,0.0,0.0,0.0,-0.02875700138755577
中证500,2024-12-31,1,-0.04613210891886266,0.0,0.0,0.0,-0.04613210891886266
中证500,2025-01-08,1,0.011145106095477697,0.0,0.0,0.0,0.011145106095477697
中证500,2025-01-15,1,0.015319259895046677,0.0,0.0,0.0,0.015319259895046677
中证500,2025-01-22,1,0.02511833295880539,0.0,0.0,0.0,0.02511833295880539
中证500,2025-02-06,1,0.026159118982585383,0.0,0.0,0.0,0.026159118982585383
中证500,2025-02-13,1,0.010052117065032506,0.0,0.0,0.0,0.010052117065032506
中证500,2025-02-20,1,0.011991506575689703,0.0,0.0,0.0,0.011991506575689703
中证500,2025-02-27,1,0.0031149496018403333,0.0,0.0,0.0,0.0031149496018403333
中证500,2025-03-06,1,-0.008895840946332112,0.0,0.0,0.0,-0.008895840946332112
中证500,2025-03-13,1,0.010930985640568824,0.0,0.0,0.0,0.010930985640568824
中证500,2025-03-20,1,-0.016814946472392678,0.0,0.0,0.0,-0.016814946472392678
中证500,2025-03-27,1,-0.01881630186652372,0.0,0.0,0.0,-0.01881630186652372
中证500,2025-04-03,1,-0.04519373877341559,0.0,0.0,0.0,-0.04519373877341559
中证500,2025-04-11,1,-0.003690883160255898,0.0,0.0,0.0,-0.003690883160255898
中证500,2025-04-18,1,0.011951689709246205,0.0,0.0,0.0,0.011951689709246205
中证500,2025-04-25,1,0.02187774338123183,0.0,0.0,0.0,0.02187774338123183
中证500,2025-05-07,1,0.008491745633698367,0.0,0.0,0.0,0.008491745633698367
中证500,2025-05-14,1,-0.007104526203975947,0.0,0.0,0.0,-0.007104526203975947
中证500,2025-05-21,1,-0.02095895740128395,0.0,0.0,0.0,-0.02095895740128395
中证500,2025-05-28,1,0.023545210067337896,0.0,0.0,0.0,0.023545210067337896
中证500,2025-06-05,1,0.005192401346973963,0.0,0.0,0.0,0.005192401346973963
中证500,2025-06-12,1,-0.021224394087514975,0.0,0.0,0.0,-0.021224394087514975
中证500,2025-06-19,1,0.02843488355296908,0.0,0.0,0.0,0.02843488355296908
中证500,2025-06-26,1,0.014458099601763807,0.0,0.0,0.0,0.014458099601763807
中证500,2025-07-03,1,0.010196432008590994,0.0,0.0,0.0,0.010196432008590994
中证500,2025-07-10,1,0.016615271475250548,0.0,0.0,0.0,0.016615271475250548
中证500,2025-07-17,1,0.034712928650578734,0.0,0.0,0.0,0.034712928650578734
中证500,2025-07-24,1,-0.010687047159018803,0.0,0.0,0.0,-0.010687047159018803
中证500,2025-07-31,1,0.01785960933710662,0.0,0.0,0.0,0.01785960933710662
中证500,2025-08-07,1,0.014565588540664143,0.0,0.0,0.0,0.014565588540664143
中证500,2025-08-14,1,0.042663514700964855,0.0,0.0,0.0,0.042663514700964855
中证500,2025-08-21,1,0.04579090327363411,0.0,0.0,0.0,0.04579090327363411
中证500,2025-08-28,1,-0.0446017492112577,0.0,0.0,0.0,-0.0446017492112577
中证500,2025-09-04,1,0.06333704065866019,0.0,0.0,0.0,0.06333704065866019
中证500,2025-09-11,1,0.01083435939410693,0.0,0.0,0.0,0.01083435939410693
中证500,2025-09-18,1,0.01964477185730873,0.0,0.0,0.0,0.01964477185730873
中证500,2025-09-25,1,0.007750649746912197,0.0,0.0,0.0,0.007750649746912197
中证500,2025-10-10,1,-0.0516543168491882,0.0,0.0,0.0,-0.0516543168491882
中证500,2025-10-17,1,0.034557808003625956,0.0,0.0,0.0,0.034557808003625956
中证500,2025-10-24,1,0.009984115240964764,0.0,0.0,0.0,0.009984115240964764
中证500,2025-10-31,1,-0.0004214977492839056,0.0,0.0,0.0,-0.0004214977492839056
中证500,2025-11-07,1,-0.012616148397019078,0.0,0.0,0.0,-0.012616148397019078
中证500,2025-11-14,1,-0.05777794362763389,0.0,0.0,0.0,-0.05777794362763389
中证500,2025-11-21,1,0.03141075569754537,0.0,0.0,0.0,0.03141075569754537
中证500,2025-11-28,1,0.009427508870732515,0.0,0.0,0.0,0.009427508870732515
中证500,2025-12-05,1,0.010136886714831705,0.0,0.0,0.0,0.010136886714831705
中证500,2025-12-12,1,-3.347378375095911e-05,0.0,0.0,0.0,-3.347378375095911e-05
中证500,2025-12-19,1,0.04034981274975369,0.0,0.0,0.0,0.04034981274975369
中证500,2025-12-26,1,0.047634752857012685,0.0,0.0,0.0,0.047634752857012685
中证500,2026-01-06,1,0.0421210779433181,0.0,0.0,0.0,0.0421210779433181
中证500,2026-01-13,1,0.012835122948001043,0.0,0.0,0.0,0.012835122948001043
中证500,2026-01-20,1,0.0365103421518469,0.0,0.0,0.0,0.0365103421518469
中证500,2026-01-27,1,-0.030674014174873254,0.0,0.0,0.0,-0.030674014174873254
中证500,2026-02-03,1,0.0023821304017279665,0.0,0.0,0.0,0.0023821304017279665
中证500,2026-02-10,1,0.026620309061403002,0.0,0.0,0.0,0.026620309061403002
中证500,2026-02-25,1,-0.032671713831389004,0.0,0.0,0.0,-0.032671713831389004
中证500,2026-03-04,1,0.018715109195715618,0.0,0.0,0.0,0.018715109195715618
中证500,2026-03-11,1,-0.03652123622421111,0.0,0.0,0.0,-0.03652123622421111
中证500,2026-03-18,1,-0.040605550841543714,0.0,0.0,0.0,-0.040605550841543714
中证500,2026-03-25,1,-0.0022632269393524362,0.0,0.0,0.0,-0.0022632269393524362
中证500,2026-04-01,1,0.01916622903734022,0.0,0.0,0.0,0.01916622903734022
中证500,2026-04-09,1,0.035632761630814525,0.0,0.0,0.0,0.035632761630814525
中证500,2026-04-16,1,0.014074434479858011,0.0,0.0,0.0,0.014074434479858011
中证500,2026-04-23,1,0.006545946395570601,0.0,0.0,0.0,0.006545946395570601
中证500,2026-04-30,1,0.05227492391769073,0.0,0.0,0.0,0.05227492391769073
中证500,2026-05-12,1,-0.01798661048625172,0.0,0.0,0.0,-0.01798661048625172
中证500,2026-05-19,1,0.003554726209586301,0.0,0.0,0.0,0.003554726209586301
中证500,2026-05-26,1,-0.03894269525628802,0.0,0.0,0.0,-0.03894269525628802
中证500,2026-06-02,1,-0.017454932625762476,0.0,0.0,0.0,-0.017454932625762476
中证500,2026-06-09,1,0.04058129835693425,0.0,0.0,0.0,0.04058129835693425
中证500,2026-06-16,1,0.03937009724987628,0.0,0.0,0.0,0.03937009724987628
中证500,2026-06-24,1,0.02103259775595001,0.0,0.0,0.0,0.02103259775595001
中证500,2026-07-01,1,-0.07076253775364316,0.0,0.0,0.0,-0.07076253775364316
中证500,2026-07-08,1,-0.02889623624258353,0.0,0.0,0.0,-0.02889623624258353
中证500,2026-07-15,1,-0.04859357011529819,0.0,0.0,0.0,-0.04859357011529819
中证500,2015-01-05,1,-0.015654363469213894,0.0,0.0,0.0,-0.015654363469213894
中证500,2015-01-12,1,-0.00943696996748089,0.0,0.0,0.0,-0.00943696996748089
中证500,2015-01-19,1,0.09032355781063606,0.0,0.0,0.0,0.09032355781063606
中证500,2015-01-26,1,-0.025975085865899805,0.0,0.0,0.0,-0.025975085865899805
中证500,2015-02-02,1,-0.018615214845107975,0.0,0.0,0.0,-0.018615214845107975
中证500,2015-02-09,1,0.06625649186099092,0.0,0.0,0.0,0.06625649186099092
中证500,2015-02-16,1,0.04601249465476154,0.0,0.0,0.0,0.04601249465476154
中证500,2015-03-02,1,0.011800077852825552,0.0,0.0,0.0,0.011800077852825552
中证500,2015-03-09,1,0.04902096506252196,0.0,0.0,0.0,0.04902096506252196
中证500,2015-03-16,1,0.07678343719357894,0.0,0.0,0.0,0.07678343719357894
中证500,2015-03-23,1,0.032541701402991174,0.0,0.0,0.0,0.032541701402991174
中证500,2015-03-30,1,0.08526395693878941,0.0,0.0,0.0,0.08526395693878941
中证500,2015-04-07,1,0.032642866590023356,0.0,0.0,0.0,0.032642866590023356
中证500,2015-04-14,1,-0.000895324607510406,0.0,0.0,0.0,-0.000895324607510406
中证500,2015-04-21,1,0.018956720890358048,0.0,0.0,0.0,0.018956720890358048
中证500,2015-04-28,1,-0.022195662482701328,0.0,0.0,0.0,-0.022195662482701328
中证500,2015-05-06,1,0.09178893975009284,0.0,0.0,0.0,0.09178893975009284
中证500,2015-05-13,1,0.05126386271619121,0.0,0.0,0.0,0.05126386271619121
中证500,2015-05-20,1,0.13150443069288253,0.0,0.0,0.0,0.13150443069288253
中证500,2015-05-27,1,0.04597831450634149,0.0,0.0,0.0,0.04597831450634149
中证500,2015-06-03,1,0.020771421467596918,0.0,0.0,0.0,0.020771421467596918
中证500,2015-06-10,1,-0.009592204181633646,0.0,0.0,0.0,-0.009592204181633646
中证500,2015-06-17,1,-0.10760277643900518,0.0,0.0,0.0,-0.10760277643900518
中证500,2015-06-25,1,-0.20906310253278282,0.0,0.0,0.0,-0.20906310253278282
中证500,2015-07-02,1,-0.1198134037855293,0.0,0.0,0.0,-0.1198134037855293
中证500,2015-07-09,1,0.09895234435607247,0.0,0.0,0.0,0.09895234435607247
中证500,2015-07-16,1,0.12841546638236334,0.0,0.0,0.0,0.12841546638236334
中证500,2015-07-23,1,-0.08786376036454657,0.0,0.0,0.0,-0.08786376036454657
中证500,2015-07-30,1,-0.0010960723433385278,0.0,0.0,0.0,-0.0010960723433385278
中证500,2015-08-06,1,0.09527684056657892,0.0,0.0,0.0,0.09527684056657892
中证500,2015-08-13,1,-0.056819260337245825,0.0,0.0,0.0,-0.056819260337245825
中证500,2015-08-20,1,-0.1979561488835968,0.0,0.0,0.0,-0.1979561488835968
中证500,2015-08-27,1,-0.04840413502972396,0.0,0.0,0.0,-0.04840413502972396
中证500,2015-09-07,1,-0.015263137334053822,0.0,0.0,0.0,-0.015263137334053822
中证500,2015-09-14,1,0.03316644048801698,0.0,0.0,0.0,0.03316644048801698
中证500,2015-09-21,1,-0.004919653656382472,0.0,0.0,0.0,-0.004919653656382472
中证500,2015-09-28,1,0.08023390233275296,0.0,0.0,0.0,0.08023390233275296
中证500,2015-10-12,1,0.04891556725090518,0.0,0.0,0.0,0.04891556725090518
中证500,2015-10-19,1,0.01977900975825042,0.0,0.0,0.0,0.01977900975825042
中证500,2015-10-26,1,-0.03483210793180791,0.0,0.0,0.0,-0.03483210793180791
中证500,2015-11-02,1,0.08756233393835133,0.0,0.0,0.0,0.08756233393835133
中证500,2015-11-09,1,0.023205811394787723,0.0,0.0,0.0,0.023205811394787723
中证500,2015-11-16,1,0.0032802771393705132,0.0,0.0,0.0,0.0032802771393705132
中证500,2015-11-23,1,-0.04335901283286281,0.0,0.0,0.0,-0.04335901283286281
中证500,2015-11-30,1,0.026163544085092694,0.0,0.0,0.0,0.026163544085092694
中证500,2015-12-07,1,-0.02120430452643496,0.0,0.0,0.0,-0.02120430452643496
中证500,2015-12-14,1,0.04670455568651133,0.0,0.0,0.0,0.04670455568651133
中证500,2015-12-21,1,-0.023778464825333634,0.0,0.0,0.0,-0.023778464825333634
中证500,2015-12-28,1,-0.09385587424507058,0.0,0.0,0.0,-0.09385587424507058
中证500,2016-01-05,1,-0.10930456011402445,0.0,0.0,0.0,-0.10930456011402445
中证500,2016-01-12,1,0.009849005810978806,0.0,0.0,0.0,0.009849005810978806
中证500,2016-01-19,1,-0.09807651966242303,0.0,0.0,0.0,-0.09807651966242303
中证500,2016-01-26,1,-0.000479486734498602,0.0,0.0,0.0,-0.000479486734498602
中证500,2016-02-02,1,0.05654571718549439,0.0,0.0,0.0,0.05654571718549439
中证500,2016-02-16,1,0.028457288654187174,0.0,0.0,0.0,0.028457288654187174
中证500,2016-02-23,1,-0.09832139033028564,0.0,0.0,0.0,-0.09832139033028564
中证500,2016-03-01,1,0.0531072558662975,0.0,0.0,0.0,0.0531072558662975
中证500,2016-03-08,1,-0.021603551496878204,0.0,0.0,0.0,-0.021603551496878204
中证500,2016-03-15,1,0.07725273945884603,0.0,0.0,0.0,0.07725273945884603
中证500,2016-03-22,1,-0.025285203333393902,0.0,0.0,0.0,-0.025285203333393902
中证500,2016-03-29,1,0.06780966147517598,0.0,0.0,0.0,0.06780966147517598
中证500,2016-04-06,1,0.003289354037286474,0.0,0.0,0.0,0.003289354037286474
中证500,2016-04-13,1,-0.05075793279877905,0.0,0.0,0.0,-0.05075793279877905
中证500,2016-04-20,1,-0.0009149465063490458,0.0,0.0,0.0,-0.0009149465063490458
中证500,2016-04-27,1,0.03110010470856084,0.0,0.0,0.0,0.03110010470856084
中证500,2016-05-05,1,-0.07694613963654662,0.0,0.0,0.0,-0.07694613963654662
中证500,2016-05-12,1,-0.010430527760606045,0.0,0.0,0.0,-0.010430527760606045
中证500,2016-05-19,1,0.01370455271382287,0.0,0.0,0.0,0.01370455271382287
中证500,2016-05-26,1,0.04691533826916339,0.0,0.0,0.0,0.04691533826916339
中证500,2016-06-02,1,-0.04447204721070708,0.0,0.0,0.0,-0.04447204721070708
中证500,2016-06-13,1,0.041613590327228556,0.0,0.0,0.0,0.041613590327228556
中证500,2016-06-20,1,0.009798565550148464,0.0,0.0,0.0,0.009798565550148464
中证500,2016-06-27,1,0.03104784405597405,0.0,0.0,0.0,0.03104784405597405
中证500,2016-07-04,1,0.012936706098320316,0.0,0.0,0.0,0.012936706098320316
中证500,2016-07-11,1,0.015773465346534676,0.0,0.0,0.0,0.015773465346534676
中证500,2016-07-18,1,-0.0005130948352094489,0.0,0.0,0.0,-0.0005130948352094489
中证500,2016-07-25,1,-0.046732763490086926,0.0,0.0,0.0,-0.046732763490086926
中证500,2016-08-01,1,0.02970562815912814,0.0,0.0,0.0,0.02970562815912814
中证500,2016-08-08,1,0.024125860786295972,0.0,0.0,0.0,0.024125860786295972
中证500,2016-08-15,1,-0.0034427468711825115,0.0,0.0,0.0,-0.0034427468711825115
中证500,2016-08-22,1,0.0011183190947532395,0.0,0.0,0.0,0.0011183190947532395
中证500,2016-08-29,1,-0.0055604563494841,0.0,0.0,0.0,-0.0055604563494841
中证500,2016-09-05,1,-0.01566853729549933,0.0,0.0,0.0,-0.01566853729549933
中证500,2016-09-12,1,0.008282419210253744,0.0,0.0,0.0,0.008282419210253744
中证500,2016-09-21,1,-0.009847487684729095,0.0,0.0,0.0,-0.009847487684729095
中证500,2016-09-28,1,0.0320730806459828,0.0,0.0,0.0,0.0320730806459828
中证500,2016-10-12,1,0.0019312821430446103,0.0,0.0,0.0,0.0019312821430446103
中证500,2016-10-19,1,0.005408559472600105,0.0,0.0,0.0,0.005408559472600105
中证500,2016-10-26,1,-0.011524579695852855,0.0,0.0,0.0,-0.011524579695852855
中证500,2016-11-02,1,-0.00024166825455096408,0.0,0.0,0.0,-0.00024166825455096408
中证500,2016-11-09,1,0.029537139908609067,0.0,0.0,0.0,0.029537139908609067
中证500,2016-11-16,1,-0.0019596068143747924,0.0,0.0,0.0,-0.0019596068143747924
中证500,2016-11-23,1,-0.006875106504583783,0.0,0.0,0.0,-0.006875106504583783
中证500,2016-11-30,1,-0.004184900950257808,0.0,0.0,0.0,-0.004184900950257808
中证500,2016-12-07,1,-0.048569537756823045,0.0,0.0,0.0,-0.048569537756823045
中证500,2016-12-14,1,0.01732670887090282,0.0,0.0,0.0,0.01732670887090282
中证500,2016-12-21,1,-0.012188839578991306,0.0,0.0,0.0,-0.012188839578991306
中证500,2016-12-28,1,0.02057975452295291,0.0,0.0,0.0,0.02057975452295291
中证500,2017-01-05,1,-0.019756910152392115,0.0,0.0,0.0,-0.019756910152392115
中证500,2017-01-12,1,-0.03653363303761459,0.0,0.0,0.0,-0.03653363303761459
中证500,2017-01-19,1,0.02978814232388194,0.0,0.0,0.0,0.02978814232388194
中证500,2017-01-26,1,0.017267835422922984,0.0,0.0,0.0,0.017267835422922984
中证500,2017-02-09,1,0.004447828051010738,0.0,0.0,0.0,0.004447828051010738
中证500,2017-02-16,1,0.018028600452247856,0.0,0.0,0.0,0.018028600452247856
中证500,2017-02-23,1,-0.00607971282006925,0.0,0.0,0.0,-0.00607971282006925
中证500,2017-03-02,1,0.0007381931828249755,0.0,0.0,0.0,0.0007381931828249755
中证500,2017-03-09,1,0.016144411418490767,0.0,0.0,0.0,0.016144411418490767
中证500,2017-03-16,1,-0.004760565704976405,0.0,0.0,0.0,-0.004760565704976405
中证500,2017-03-23,1,-0.02095301273457928,0.0,0.0,0.0,-0.02095301273457928
中证500,2017-03-30,1,0.02992593800876464,0.0,0.0,0.0,0.02992593800876464
中证500,2017-04-10,1,-0.016742454930602446,0.0,0.0,0.0,-0.016742454930602446
中证500,2017-04-17,1,-0.049267416287209986,0.0,0.0,0.0,-0.049267416287209986
中证500,2017-04-24,1,0.012644782927425435,0.0,0.0,0.0,0.012644782927425435
中证500,2017-05-02,1,-0.03283720391498246,0.0,0.0,0.0,-0.03283720391498246
中证500,2017-05-09,1,0.0004540918163673524,0.0,0.0,0.0,0.0004540918163673524
中证500,2017-05-16,1,-0.041539686735730275,0.0,0.0,0.0,-0.041539686735730275
中证500,2017-05-23,1,-0.009519712465827723,0.0,0.0,0.0,-0.009519712465827723
中证500,2017-06-01,1,0.043604203152363796,0.0,0.0,0.0,0.043604203152363796
中证500,2017-06-08,1,0.01043634984510744,0.0,0.0,0.0,0.01043634984510744
中证500,2017-06-15,1,-0.0047881059661162295,0.0,0.0,0.0,-0.0047881059661162295
中证500,2017-06-22,1,0.020801556653994968,0.0,0.0,0.0,0.020801556653994968
中证500,2017-06-29,1,0.013840140330456885,0.0,0.0,0.0,0.013840140330456885
中证500,2017-07-06,1,-0.008339716043310963,0.0,0.0,0.0,-0.008339716043310963
中证500,2017-07-13,1,-0.008235866099289169,0.0,0.0,0.0,-0.008235866099289169
中证500,2017-07-20,1,0.013893443160504448,0.0,0.0,0.0,0.013893443160504448
中证500,2017-07-27,1,0.012605069194472351,0.0,0.0,0.0,0.012605069194472351
中证500,2017-08-03,1,0.004351665689870998,0.0,0.0,0.0,0.004351665689870998
中证500,2017-08-10,1,0.012212961225716246,0.0,0.0,0.0,0.012212961225716246
中证500,2017-08-17,1,-0.013735404954107966,0.0,0.0,0.0,-0.013735404954107966
中证500,2017-08-24,1,0.030554630896427293,0.0,0.0,0.0,0.030554630896427293
中证500,2017-08-31,1,0.013626605959727423,0.0,0.0,0.0,0.013626605959727423
中证500,2017-09-07,1,0.017317720245174195,0.0,0.0,0.0,0.017317720245174195
中证500,2017-09-14,1,-0.009012047037100346,0.0,0.0,0.0,-0.009012047037100346
中证500,2017-09-21,1,-0.006693839278287483,0.0,0.0,0.0,-0.006693839278287483
中证500,2017-09-28,1,0.013902697863360292,0.0,0.0,0.0,0.013902697863360292
中证500,2017-10-12,1,-0.02368187893258844,0.0,0.0,0.0,-0.02368187893258844
中证500,2017-10-19,1,0.026229735133971754,0.0,0.0,0.0,0.026229735133971754
中证500,2017-10-26,1,-0.02802787199505996,0.0,0.0,0.0,-0.02802787199505996
中证500,2017-11-02,1,0.01949442785041633,0.0,0.0,0.0,0.01949442785041633
中证500,2017-11-09,1,-0.00802256725177175,0.0,0.0,0.0,-0.00802256725177175
中证500,2017-11-16,1,-0.043273343285084254,0.0,0.0,0.0,-0.043273343285084254
中证500,2017-11-23,1,-0.0017674686947662943,0.0,0.0,0.0,-0.0017674686947662943
中证500,2017-11-30,1,-0.020428136704866984,0.0,0.0,0.0,-0.020428136704866984
中证500,2017-12-07,1,0.024221453287196937,0.0,0.0,0.0,0.024221453287196937
中证500,2017-12-14,1,-0.007253249481228741,0.0,0.0,0.0,-0.007253249481228741
中证500,2017-12-21,1,-0.00548689588843454,0.0,0.0,0.0,-0.00548689588843454
中证500,2017-12-28,1,0.0343279708974622,0.0,0.0,0.0,0.0343279708974622
中证500,2018-01-05,1,-0.0027862402119287477,0.0,0.0,0.0,-0.0027862402119287477
中证500,2018-01-12,1,-0.019844140907620655,0.0,0.0,0.0,-0.019844140907620655
中证500,2018-01-19,1,0.01773648917954551,0.0,0.0,0.0,0.01773648917954551
中证500,2018-01-26,1,-0.05933614573526336,0.0,0.0,0.0,-0.05933614573526336
中证500,2018-02-02,1,-0.074931097362965,0.0,0.0,0.0,-0.074931097362965
中证500,2018-02-09,1,0.061707681506418144,0.0,0.0,0.0,0.061707681506418144
中证500,2018-02-23,1,0.026902103878134964,0.0,0.0,0.0,0.026902103878134964
中证500,2018-03-02,1,0.024873108180848646,0.0,0.0,0.0,0.024873108180848646
中证500,2018-03-09,1,-0.009774479698661631,0.0,0.0,0.0,-0.009774479698661631
中证500,2018-03-16,1,-0.058435061036621994,0.0,0.0,0.0,-0.058435061036621994
中证500,2018-03-23,1,0.056606447042153674,0.0,0.0,0.0,0.056606447042153674
中证500,2018-03-30,1,-0.008340501803838052,0.0,0.0,0.0,-0.008340501803838052
中证500,2018-04-10,1,-0.02851045724255985,0.0,0.0,0.0,-0.02851045724255985
中证500,2018-04-17,1,0.01125981605402293,0.0,0.0,0.0,0.01125981605402293
中证500,2018-04-24,1,-0.007819122774328058,0.0,0.0,0.0,-0.007819122774328058
中证500,2018-05-03,1,0.02198757827026321,0.0,0.0,0.0,0.02198757827026321
中证500,2018-05-10,1,-0.01105690357035849,0.0,0.0,0.0,-0.01105690357035849
中证500,2018-05-17,1,0.0031537820274598616,0.0,0.0,0.0,0.0031537820274598616
中证500,2018-05-24,1,-0.039740547540141224,0.0,0.0,0.0,-0.039740547540141224
中证500,2018-05-31,1,-0.002858647277681481,0.0,0.0,0.0,-0.002858647277681481
中证500,2018-06-07,1,-0.026331382602360898,0.0,0.0,0.0,-0.026331382602360898
中证500,2018-06-14,1,-0.07639437043241981,0.0,0.0,0.0,-0.07639437043241981
中证500,2018-06-22,1,0.011170282861638903,0.0,0.0,0.0,0.011170282861638903
中证500,2018-06-29,1,-0.042380255128637634,0.0,0.0,0.0,-0.042380255128637634
中证500,2018-07-06,1,0.041539997958624175,0.0,0.0,0.0,0.041539997958624175
中证500,2018-07-13,1,-0.005560903810199136,0.0,0.0,0.0,-0.005560903810199136
中证500,2018-07-20,1,0.01430655523887725,0.0,0.0,0.0,0.01430655523887725
中证500,2018-07-27,1,-0.06087299425255599,0.0,0.0,0.0,-0.06087299425255599
中证500,2018-08-03,1,0.020439170343323765,0.0,0.0,0.0,0.020439170343323765
中证500,2018-08-10,1,-0.04522006715024929,0.0,0.0,0.0,-0.04522006715024929
中证500,2018-08-17,1,0.010256025883661035,0.0,0.0,0.0,0.010256025883661035
中证500,2018-08-24,1,-0.007722127078142571,0.0,0.0,0.0,-0.007722127078142571
中证500,2018-08-31,1,-0.004785225615911104,0.0,0.0,0.0,-0.004785225615911104
中证500,2018-09-07,1,-0.02539766015969014,0.0,0.0,0.0,-0.02539766015969014
中证500,2018-09-14,1,0.02893740578319859,0.0,0.0,0.0,0.02893740578319859
中证500,2018-09-21,1,-0.033032826800853954,0.0,0.0,0.0,-0.033032826800853954
中证500,2018-10-08,1,-0.09627482250042507,0.0,0.0,0.0,-0.09627482250042507
中证500,2018-10-15,1,0.03190883869354555,0.0,0.0,0.0,0.03190883869354555
中证500,2018-10-22,1,-0.03937329511624399,0.0,0.0,0.0,-0.03937329511624399
中证500,2018-10-29,1,0.0668583769966824,0.0,0.0,0.0,0.0668583769966824
中证500,2018-11-05,1,0.009200982699179905,0.0,0.0,0.0,0.009200982699179905
中证500,2018-11-12,1,0.04218274802585631,0.0,0.0,0.0,0.04218274802585631
中证500,2018-11-19,1,-0.06493189516008147,0.0,0.0,0.0,-0.06493189516008147
中证500,2018-11-26,1,0.033820573056192904,0.0,0.0,0.0,0.033820573056192904
中证500,2018-12-03,1,-0.0345191875388966,0.0,0.0,0.0,-0.0345191875388966
中证500,2018-12-10,1,-0.006574434944980112,0.0,0.0,0.0,-0.006574434944980112
中证500,2018-12-17,1,-0.012914920393012674,0.0,0.0,0.0,-0.012914920393012674
中证500,2018-12-24,1,-0.03339633940936482,0.0,0.0,0.0,-0.03339633940936482
中证500,2019-01-02,1,0.03795051258966664,0.0,0.0,0.0,0.03795051258966664
中证500,2019-01-09,1,0.011217668469048148,0.0,0.0,0.0,0.011217668469048148
中证500,2019-01-16,1,-0.004888306801202669,0.0,0.0,0.0,-0.004888306801202669
中证500,2019-01-23,1,-0.02411207503800117,0.0,0.0,0.0,-0.02411207503800117
中证500,2019-01-30,1,0.07141907389555557,0.0,0.0,0.0,0.07141907389555557
中证500,2019-02-13,1,0.034396253886503914,0.0,0.0,0.0,0.034396253886503914
中证500,2019-02-20,1,0.07504038460714435,0.0,0.0,0.0,0.07504038460714435
中证500,2019-02-27,1,0.07416478672267934,0.0,0.0,0.0,0.07416478672267934
中证500,2019-03-06,1,0.006461930638605118,0.0,0.0,0.0,0.006461930638605118
中证500,2019-03-13,1,0.016761722883170904,0.0,0.0,0.0,0.016761722883170904
中证500,2019-03-20,1,-0.012311926306113885,0.0,0.0,0.0,-0.012311926306113885
中证500,2019-03-27,1,0.07124973384142086,0.0,0.0,0.0,0.07124973384142086
中证500,2019-04-03,1,-0.018654772756869442,0.0,0.0,0.0,-0.018654772756869442
中证500,2019-04-11,1,0.008381102708667543,0.0,0.0,0.0,0.008381102708667543
中证500,2019-04-18,1,-0.0548468703085796,0.0,0.0,0.0,-0.0548468703085796
中证500,2019-04-25,1,-0.08885721509154654,0.0,0.0,0.0,-0.08885721509154654
中证500,2019-05-07,1,-0.0015663328909800711,0.0,0.0,0.0,-0.0015663328909800711
中证500,2019-05-14,1,0.008913305716719888,0.0,0.0,0.0,0.008913305716719888
中证500,2019-05-21,1,-0.010854573072754281,0.0,0.0,0.0,-0.010854573072754281
中证500,2019-05-28,1,-0.032303566347626766,0.0,0.0,0.0,-0.032303566347626766
中证500,2019-06-04,1,0.014196909127686563,0.0,0.0,0.0,0.014196909127686563
中证500,2019-06-12,1,-0.000939654445675786,0.0,0.0,0.0,-0.000939654445675786
中证500,2019-06-19,1,0.021336017057288048,0.0,0.0,0.0,0.021336017057288048
中证500,2019-06-26,1,0.01574379507474921,0.0,0.0,0.0,0.01574379507474921
中证500,2019-07-03,1,-0.03905394467457035,0.0,0.0,0.0,-0.03905394467457035
中证500,2019-07-10,1,0.017595471380263072,0.0,0.0,0.0,0.017595471380263072
中证500,2019-07-17,1,-0.011373296085078755,0.0,0.0,0.0,-0.011373296085078755
中证500,2019-07-24,1,0.006191219836529038,0.0,0.0,0.0,0.006191219836529038
中证500,2019-07-31,1,-0.056461086637297986,0.0,0.0,0.0,-0.056461086637297986
中证500,2019-08-07,1,0.012424454646849714,0.0,0.0,0.0,0.012424454646849714
中证500,2019-08-14,1,0.042460886793741714,0.0,0.0,0.0,0.042460886793741714
中证500,2019-08-21,1,0.009312432414719574,0.0,0.0,0.0,0.009312432414719574
中证500,2019-08-28,1,0.03349708513673377,0.0,0.0,0.0,0.03349708513673377
中证500,2019-09-04,1,0.024349779218458822,0.0,0.0,0.0,0.024349779218458822
中证500,2019-09-11,1,-0.004910595347393132,0.0,0.0,0.0,-0.004910595347393132
中证500,2019-09-19,1,-0.042651015954403904,0.0,0.0,0.0,-0.042651015954403904
中证500,2019-09-26,1,0.015315155807365421,0.0,0.0,0.0,0.015315155807365421
中证500,2019-10-10,1,-0.0032716651209978576,0.0,0.0,0.0,-0.0032716651209978576
中证500,2019-10-17,1,-0.014235016948815793,0.0,0.0,0.0,-0.014235016948815793
中证500,2019-10-24,1,-0.008234760248071682,0.0,0.0,0.0,-0.008234760248071682
中证500,2019-10-31,1,0.01823110492900759,0.0,0.0,0.0,0.01823110492900759
中证500,2019-11-07,1,-0.018965183230911675,0.0,0.0,0.0,-0.018965183230911675
中证500,2019-11-14,1,0.006842273483289141,0.0,0.0,0.0,0.006842273483289141
中证500,2019-11-21,1,-0.011415931350743813,0.0,0.0,0.0,-0.011415931350743813
中证500,2019-11-28,1,0.016022874627244166,0.0,0.0,0.0,0.016022874627244166
中证500,2019-12-05,1,0.008937917706739462,0.0,0.0,0.0,0.008937917706739462
中证500,2019-12-12,1,0.04583798882681567,0.0,0.0,0.0,0.04583798882681567
中证500,2019-12-19,1,-0.004311545402862271,0.0,0.0,0.0,-0.004311545402862271
中证500,2019-12-26,1,0.030943795337929014,0.0,0.0,0.0,0.030943795337929014
中证500,2020-01-03,1,0.01850895060810598,0.0,0.0,0.0,0.01850895060810598
中证500,2020-01-10,1,0.0054413774604351595,0.0,0.0,0.0,0.0054413774604351595
中证500,2020-01-17,1,-0.1087376702570757,0.0,0.0,0.0,-0.1087376702570757
中证500,2020-02-03,1,0.09723879533283109,0.0,0.0,0.0,0.09723879533283109
中证500,2020-02-10,1,0.03823191541877713,0.0,0.0,0.0,0.03823191541877713
中证500,2020-02-17,1,0.04844631455516568,0.0,0.0,0.0,0.04844631455516568
中证500,2020-02-24,1,-0.035640792638953034,0.0,0.0,0.0,-0.035640792638953034
中证500,2020-03-02,1,-0.023088808822541718,0.0,0.0,0.0,-0.023088808822541718
中证500,2020-03-09,1,-0.0589432880549855,0.0,0.0,0.0,-0.0589432880549855
中证500,2020-03-16,1,-0.03869148921849741,0.0,0.0,0.0,-0.03869148921849741
中证500,2020-03-23,1,0.005717246359705941,0.0,0.0,0.0,0.005717246359705941
中证500,2020-03-30,1,0.047653998317252144,0.0,0.0,0.0,0.047653998317252144
中证500,2020-04-07,1,0.004085763052323221,0.0,0.0,0.0,0.004085763052323221
中证500,2020-04-14,1,0.01045458241232522,0.0,0.0,0.0,0.01045458241232522
中证500,2020-04-21,1,-0.021712688159165272,0.0,0.0,0.0,-0.021712688159165272
中证500,2020-04-28,1,0.053530610097841214,0.0,0.0,0.0,0.053530610097841214
中证500,2020-05-08,1,4.175971821251956e-05,0.0,0.0,0.0,4.175971821251956e-05
中证500,2020-05-15,1,-0.03262568696406831,0.0,0.0,0.0,-0.03262568696406831
中证500,2020-05-22,1,0.01465965245494294,0.0,0.0,0.0,0.01465965245494294
中证500,2020-05-29,1,0.03312407284780483,0.0,0.0,0.0,0.03312407284780483
中证500,2020-06-05,1,0.0010867580235685015,0.0,0.0,0.0,0.0010867580235685015
中证500,2020-06-12,1,0.03499246175885129,0.0,0.0,0.0,0.03499246175885129
中证500,2020-06-19,1,0.013351995369050629,0.0,0.0,0.0,0.013351995369050629
中证500,2020-06-30,1,0.08792173821111038,0.0,0.0,0.0,0.08792173821111038
中证500,2020-07-07,1,0.06703730233243421,0.0,0.0,0.0,0.06703730233243421
中证500,2020-07-14,1,-0.03590183511978284,0.0,0.0,0.0,-0.03590183511978284
中证500,2020-07-21,1,-0.03103002748608963,0.0,0.0,0.0,-0.03103002748608963
中证500,2020-07-28,1,0.05315535736187149,0.0,0.0,0.0,0.05315535736187149
中证500,2020-08-04,1,-0.014461659283545925,0.0,0.0,0.0,-0.014461659283545925
中证500,2020-08-11,1,0.02856450305642433,0.0,0.0,0.0,0.02856450305642433
中证500,2020-08-18,1,-0.020156420302235856,0.0,0.0,0.0,-0.020156420302235856
中证500,2020-08-25,1,0.008704932694981515,0.0,0.0,0.0,0.008704932694981515
中证500,2020-09-01,1,-0.02762254748556725,0.0,0.0,0.0,-0.02762254748556725
中证500,2020-09-08,1,-0.021029562765321752,0.0,0.0,0.0,-0.021029562765321752
中证500,2020-09-15,1,-0.004575853021659859,0.0,0.0,0.0,-0.004575853021659859
中证500,2020-09-22,1,-0.02042571929576209,0.0,0.0,0.0,-0.02042571929576209
中证500,2020-09-29,1,0.04488847717928235,0.0,0.0,0.0,0.04488847717928235
中证500,2020-10-14,1,-0.024331745122050497,0.0,0.0,0.0,-0.024331745122050497
中证500,2020-10-21,1,-0.016379501764564153,0.0,0.0,0.0,-0.016379501764564153
中证500,2020-10-28,1,-0.0018956131924431352,0.0,0.0,0.0,-0.0018956131924431352
中证500,2020-11-04,1,0.009696574999679353,0.0,0.0,0.0,0.009696574999679353
中证500,2020-11-11,1,0.007371385995319724,0.0,0.0,0.0,0.007371385995319724
中证500,2020-11-18,1,0.00147610554154598,0.0,0.0,0.0,0.00147610554154598
中证500,2020-11-25,1,0.013323633111141708,0.0,0.0,0.0,0.013323633111141708
中证500,2020-12-02,1,-0.019853985560172704,0.0,0.0,0.0,-0.019853985560172704
中证500,2020-12-09,1,-0.011380608255301072,0.0,0.0,0.0,-0.011380608255301072
中证500,2020-12-16,1,0.011572559434458674,0.0,0.0,0.0,0.011572559434458674
中证500,2020-12-23,1,-0.006079967023907784,0.0,0.0,0.0,-0.006079967023907784
中证500,2020-12-30,1,0.04288710770825843,0.0,0.0,0.0,0.04288710770825843
中证500,2021-01-07,1,-0.015024196558031777,0.0,0.0,0.0,-0.015024196558031777
中证500,2021-01-14,1,0.028356074404997766,0.0,0.0,0.0,0.028356074404997766
中证500,2021-01-21,1,-0.031426198565496555,0.0,0.0,0.0,-0.031426198565496555
中证500,2021-01-28,1,-0.01334345642135304,0.0,0.0,0.0,-0.01334345642135304
中证500,2021-02-04,1,0.0451508108184977,0.0,0.0,0.0,0.0451508108184977
中证500,2021-02-18,1,-0.017444901686285097,0.0,0.0,0.0,-0.017444901686285097
中证500,2021-02-25,1,-0.014949647261565113,0.0,0.0,0.0,-0.014949647261565113
中证500,2021-03-04,1,-0.02939086127907109,0.0,0.0,0.0,-0.02939086127907109
中证500,2021-03-11,1,0.009660708451953326,0.0,0.0,0.0,0.009660708451953326
中证500,2021-03-18,1,-0.018561140988163638,0.0,0.0,0.0,-0.018561140988163638
中证500,2021-03-25,1,0.025051117271709833,0.0,0.0,0.0,0.025051117271709833
中证500,2021-04-01,1,0.003735942683858129,0.0,0.0,0.0,0.003735942683858129
中证500,2021-04-09,1,0.0006866353918717483,0.0,0.0,0.0,0.0006866353918717483
中证500,2021-04-16,1,0.019428701225158163,0.0,0.0,0.0,0.019428701225158163
中证500,2021-04-23,1,0.003551114384566123,0.0,0.0,0.0,0.003551114384566123
中证500,2021-04-30,1,0.004061236163812598,0.0,0.0,0.0,0.004061236163812598
中证500,2021-05-12,1,0.011108637065133209,0.0,0.0,0.0,0.011108637065133209
中证500,2021-05-19,1,0.0066551343404623875,0.0,0.0,0.0,0.0066551343404623875
中证500,2021-05-26,1,0.008029317115782586,0.0,0.0,0.0,0.008029317115782586
中证500,2021-06-02,1,0.0017166983714562711,0.0,0.0,0.0,0.0017166983714562711
中证500,2021-06-09,1,-0.011464387634657625,0.0,0.0,0.0,-0.011464387634657625
中证500,2021-06-17,1,0.02096379022909045,0.0,0.0,0.0,0.02096379022909045
中证500,2021-06-24,1,-0.005655179152226131,0.0,0.0,0.0,-0.005655179152226131
中证500,2021-07-01,1,0.004761287959658578,0.0,0.0,0.0,0.004761287959658578
中证500,2021-07-08,1,0.02722914953361033,0.0,0.0,0.0,0.02722914953361033
中证500,2021-07-15,1,0.013579693064893705,0.0,0.0,0.0,0.013579693064893705
中证500,2021-07-22,1,-0.03809266282884205,0.0,0.0,0.0,-0.03809266282884205
中证500,2021-07-29,1,0.022627975895450403,0.0,0.0,0.0,0.022627975895450403
中证500,2021-08-05,1,0.026529877036906235,0.0,0.0,0.0,0.026529877036906235
中证500,2021-08-12,1,-0.020878904047807012,0.0,0.0,0.0,-0.020878904047807012
中证500,2021-08-19,1,0.024727006820150832,0.0,0.0,0.0,0.024727006820150832
中证500,2021-08-26,1,0.026432677233930724,0.0,0.0,0.0,0.026432677233930724
中证500,2021-09-02,1,0.04248522993673176,0.0,0.0,0.0,0.04248522993673176
中证500,2021-09-09,1,-0.022384131172505373,0.0,0.0,0.0,-0.022384131172505373
中证500,2021-09-16,1,-0.03710920190037781,0.0,0.0,0.0,-0.03710920190037781
中证500,2021-09-27,1,-0.011173418086935505,0.0,0.0,0.0,-0.011173418086935505
中证500,2021-10-11,1,-0.0031549389532710137,0.0,0.0,0.0,-0.0031549389532710137
中证500,2021-10-18,1,0.005077743665199863,0.0,0.0,0.0,0.005077743665199863
中证500,2021-10-25,1,-0.006085312620090821,0.0,0.0,0.0,-0.006085312620090821
中证500,2021-11-01,1,-0.004785603816019668,0.0,0.0,0.0,-0.004785603816019668
中证500,2021-11-08,1,0.0101380822744368,0.0,0.0,0.0,0.0101380822744368
中证500,2021-11-15,1,0.02209852906577847,0.0,0.0,0.0,0.02209852906577847
中证500,2021-11-22,1,-0.004571975184250232,0.0,0.0,0.0,-0.004571975184250232
中证500,2021-11-29,1,0.002569960813636696,0.0,0.0,0.0,0.002569960813636696
中证500,2021-12-06,1,0.015547354726080709,0.0,0.0,0.0,0.015547354726080709
中证500,2021-12-13,1,-0.021359901972384354,0.0,0.0,0.0,-0.021359901972384354
中证500,2021-12-20,1,0.010669861047225115,0.0,0.0,0.0,0.010669861047225115
中证500,2021-12-27,1,0.011235089890343941,0.0,0.0,0.0,0.011235089890343941
中证500,2022-01-04,1,-0.02981048234676631,0.0,0.0,0.0,-0.02981048234676631
中证500,2022-01-11,1,0.0039157867592032325,0.0,0.0,0.0,0.0039157867592032325
中证500,2022-01-18,1,-0.058521658039189184,0.0,0.0,0.0,-0.058521658039189184
中证500,2022-01-25,1,-0.00026245707269934027,0.0,0.0,0.0,-0.00026245707269934027
中证500,2022-02-08,1,0.0026831044512243274,0.0,0.0,0.0,0.0026831044512243274
中证500,2022-02-15,1,0.0036211517866127085,0.0,0.0,0.0,0.0036211517866127085
中证500,2022-02-22,1,0.013158903188911886,0.0,0.0,0.0,0.013158903188911886
中证500,2022-03-01,1,-0.06461265864033372,0.0,0.0,0.0,-0.06461265864033372
中证500,2022-03-08,1,-0.0723045028764101,0.0,0.0,0.0,-0.0723045028764101
中证500,2022-03-15,1,0.06590634000449302,0.0,0.0,0.0,0.06590634000449302
中证500,2022-03-22,1,-0.01652063270374371,0.0,0.0,0.0,-0.01652063270374371
中证500,2022-03-29,1,-0.005034327138509487,0.0,0.0,0.0,-0.005034327138509487
中证500,2022-04-07,1,-0.015285481685549773,0.0,0.0,0.0,-0.015285481685549773
中证500,2022-04-14,1,-0.05985319489626195,0.0,0.0,0.0,-0.05985319489626195
中证500,2022-04-21,1,-0.05921038924962674,0.0,0.0,0.0,-0.05921038924962674
中证500,2022-04-28,1,0.05007234127364901,0.0,0.0,0.0,0.05007234127364901
中证500,2022-05-10,1,0.02218769826136313,0.0,0.0,0.0,0.02218769826136313
中证500,2022-05-17,1,-0.012148533270063488,0.0,0.0,0.0,-0.012148533270063488
中证500,2022-05-24,1,0.04882972946631181,0.0,0.0,0.0,0.04882972946631181
中证500,2022-05-31,1,0.031792626911639976,0.0,0.0,0.0,0.031792626911639976
中证500,2022-06-08,1,0.006952586352473533,0.0,0.0,0.0,0.006952586352473533
中证500,2022-06-15,1,-0.01301536800477876,0.0,0.0,0.0,-0.01301536800477876
中证500,2022-06-22,1,0.031511901313522106,0.0,0.0,0.0,0.031511901313522106
中证500,2022-06-29,1,0.0069419387226834495,0.0,0.0,0.0,0.0069419387226834495
中证500,2022-07-06,1,-0.02337911210475896,0.0,0.0,0.0,-0.02337911210475896
中证500,2022-07-13,1,0.022688079585355014,0.0,0.0,0.0,0.022688079585355014
中证500,2022-07-20,1,-0.012242013755106806,0.0,0.0,0.0,-0.012242013755106806
中证500,2022-07-27,1,-0.03283519392062517,0.0,0.0,0.0,-0.03283519392062517
中证500,2022-08-03,1,0.03228935178003711,0.0,0.0,0.0,0.03228935178003711
中证500,2022-08-10,1,0.02711774326722627,0.0,0.0,0.0,0.02711774326722627
中证500,2022-08-17,1,-0.03217371217371212,0.0,0.0,0.0,-0.03217371217371212
中证500,2022-08-24,1,-0.020499381024666863,0.0,0.0,0.0,-0.020499381024666863
中证500,2022-08-31,1,0.023686796897210094,0.0,0.0,0.0,0.023686796897210094
中证500,2022-09-07,1,-0.030747941779495913,0.0,0.0,0.0,-0.030747941779495913
中证500,2022-09-15,1,-0.023234225089230454,0.0,0.0,0.0,-0.023234225089230454
中证500,2022-09-22,1,-0.03251987549217272,0.0,0.0,0.0,-0.03251987549217272
中证500,2022-09-29,1,0.010128415698178461,0.0,0.0,0.0,0.010128415698178461
中证500,2022-10-13,1,0.02032814552839124,0.0,0.0,0.0,0.02032814552839124
中证500,2022-10-20,1,0.0023769259992674208,0.0,0.0,0.0,0.0023769259992674208
中证500,2022-10-27,1,0.005654871708871356,0.0,0.0,0.0,0.005654871708871356
中证500,2022-11-03,1,0.015505142811403916,0.0,0.0,0.0,0.015505142811403916
中证500,2022-11-10,1,0.0209386340870652,0.0,0.0,0.0,0.0209386340870652
中证500,2022-11-17,1,-0.015624371703706341,0.0,0.0,0.0,-0.015624371703706341
中证500,2022-11-24,1,0.01078909228162428,0.0,0.0,0.0,0.01078909228162428
中证500,2022-12-01,1,2.909749276591711e-05,0.0,0.0,0.0,2.909749276591711e-05
中证500,2022-12-08,1,-0.013643094072689821,0.0,0.0,0.0,-0.013643094072689821
中证500,2022-12-15,1,-0.0529050063259191,0.0,0.0,0.0,-0.0529050063259191
中证500,2022-12-22,1,0.013555837800611314,0.0,0.0,0.0,0.013555837800611314
中证500,2022-12-29,1,0.026533957045788314,0.0,0.0,0.0,0.026533957045788314
中证500,2023-01-06,1,0.0074623886961529,0.0,0.0,0.0,0.0074623886961529
中证500,2023-01-13,1,0.03198248837428164,0.0,0.0,0.0,0.03198248837428164
中证500,2023-01-20,1,0.014758223318504626,0.0,0.0,0.0,0.014758223318504626
中证500,2023-02-03,1,-0.0014880928923073355,0.0,0.0,0.0,-0.0014880928923073355
中证500,2023-02-10,1,-0.015288313533567632,0.0,0.0,0.0,-0.015288313533567632
中证500,2023-02-17,1,0.016582203190106393,0.0,0.0,0.0,0.016582203190106393
中证500,2023-02-24,1,0.007803382517142632,0.0,0.0,0.0,0.007803382517142632
中证500,2023-03-03,1,-0.02901576133902528,0.0,0.0,0.0,-0.02901576133902528
中证500,2023-03-10,1,-0.003500459314412563,0.0,0.0,0.0,-0.003500459314412563
中证500,2023-03-17,1,0.02052665456933167,0.0,0.0,0.0,0.02052665456933167
中证500,2023-03-24,1,0.0047099095101501565,0.0,0.0,0.0,0.0047099095101501565
中证500,2023-03-31,1,0.01115173616916576,0.0,0.0,0.0,0.01115173616916576
中证500,2023-04-10,1,0.007600007487692073,0.0,0.0,0.0,0.007600007487692073
中证500,2023-04-17,1,-0.0387754596515999,0.0,0.0,0.0,-0.0387754596515999
中证500,2023-04-24,1,0.008634546561482326,0.0,0.0,0.0,0.008634546561482326
中证500,2023-05-04,1,-0.01723303722700109,0.0,0.0,0.0,-0.01723303722700109
中证500,2023-05-11,1,-0.0042716919572279854,0.0,0.0,0.0,-0.0042716919572279854
中证500,2023-05-18,1,-0.022843650153879236,0.0,0.0,0.0,-0.022843650153879236
中证500,2023-05-25,1,0.010565797010448907,0.0,0.0,0.0,0.010565797010448907
中证500,2023-06-01,1,-0.014097424423197058,0.0,0.0,0.0,-0.014097424423197058
沪深300,2023-06-08,1,0.027566691709051128,0.0,0.0,0.0,0.027566691709051128
沪深300,2023-06-15,1,-0.029499426824608266,0.0,0.0,0.0,-0.029499426824608266
沪深300,2023-06-26,1,0.021833740189516115,0.0,0.0,0.0,0.021833740189516115
沪深300,2023-07-03,1,-0.012471486405951304,0.0,0.0,0.0,-0.012471486405951304
沪深300,2023-07-10,1,0.005941217325255765,0.0,0.0,0.0,0.005941217325255765
沪深300,2023-07-17,1,-0.016019466431524854,0.0,0.0,0.0,-0.016019466431524854
沪深300,2023-07-24,1,0.05503229773837015,0.0,0.0,0.0,0.05503229773837015
沪深300,2023-07-31,1,-0.0060976976707693975,0.0,0.0,0.0,-0.0060976976707693975
沪深300,2023-08-07,1,-0.03364284550706109,0.0,0.0,0.0,-0.03364284550706109
沪深300,2023-08-14,1,-0.03276788099307282,0.0,0.0,0.0,-0.03276788099307282
沪深300,2023-08-21,1,0.0061830349960854125,0.0,0.0,0.0,0.0061830349960854125
沪深300,2023-08-28,1,0.025670065181126578,0.0,0.0,0.0,0.025670065181126578
沪深300,2023-09-04,1,-0.021151223060834612,0.0,0.0,0.0,-0.021151223060834612
沪深300,2023-09-11,1,-0.010571885102746092,0.0,0.0,0.0,-0.010571885102746092
沪深300,2023-09-18,1,-0.003516904480230454,0.0,0.0,0.0,-0.003516904480230454
沪深300,2023-09-25,1,-0.015471383190652999,0.0,0.0,0.0,-0.015471383190652999
沪深300,2023-10-10,1,-0.004848063918974965,0.0,0.0,0.0,-0.004848063918974965
沪深300,2023-10-17,1,-0.04183931417266562,0.0,0.0,0.0,-0.04183931417266562
沪深300,2023-10-24,1,0.024484318049513343,0.0,0.0,0.0,0.024484318049513343
沪深300,2023-10-31,1,0.013225995168663074,0.0,0.0,0.0,0.013225995168663074
沪深300,2023-11-07,1,-0.010415055141777652,0.0,0.0,0.0,-0.010415055141777652
沪深300,2023-11-14,1,-0.0002763772801125386,0.0,0.0,0.0,-0.0002763772801125386
沪深300,2023-11-21,1,-0.017466846501185573,0.0,0.0,0.0,-0.017466846501185573
沪深300,2023-11-28,1,-0.03531598513011147,0.0,0.0,0.0,-0.03531598513011147
沪深300,2023-12-05,1,0.009586772963768198,0.0,0.0,0.0,0.009586772963768198
沪深300,2023-12-12,1,-0.027068985642581977,0.0,0.0,0.0,-0.027068985642581977
沪深300,2023-12-19,1,-0.0027744118246932903,0.0,0.0,0.0,-0.0027744118246932903
沪深300,2023-12-26,1,0.016094249561626528,0.0,0.0,0.0,0.016094249561626528
沪深300,2024-01-03,1,-0.029947014770742797,0.0,0.0,0.0,-0.029947014770742797
沪深300,2024-01-10,1,-0.01466221968612802,0.0,0.0,0.0,-0.01466221968612802
沪深300,2024-01-17,1,0.014874205656100203,0.0,0.0,0.0,0.014874205656100203
沪深300,2024-01-24,1,-0.018845873345722297,0.0,0.0,0.0,-0.018845873345722297
沪深300,2024-01-31,1,0.03989612328362413,0.0,0.0,0.0,0.03989612328362413
沪深300,2024-02-07,1,0.04277985303397824,0.0,0.0,0.0,0.04277985303397824
沪深300,2024-02-22,1,0.008434982375734146,0.0,0.0,0.0,0.008434982375734146
沪深300,2024-02-29,1,0.003879320151987553,0.0,0.0,0.0,0.003879320151987553
沪深300,2024-03-07,1,0.009207529209115828,0.0,0.0,0.0,0.009207529209115828
沪深300,2024-03-14,1,0.005297258451190778,0.0,0.0,0.0,0.005297258451190778
沪深300,2024-03-21,1,-0.016790977048887434,0.0,0.0,0.0,-0.016790977048887434
沪深300,2024-03-28,1,0.00438800781605031,0.0,0.0,0.0,0.00438800781605031
沪深300,2024-04-08,1,0.003582729378098115,0.0,0.0,0.0,0.003582729378098115
沪深300,2024-04-15,1,-0.0051224542698387054,0.0,0.0,0.0,-0.0051224542698387054
沪深300,2024-04-22,1,0.026341725905576263,0.0,0.0,0.0,0.026341725905576263
沪深300,2024-04-29,1,0.011217165989221511,0.0,0.0,0.0,0.011217165989221511
沪深300,2024-05-09,1,-0.006603794179928735,0.0,0.0,0.0,-0.006603794179928735
沪深300,2024-05-16,1,0.00039281829269643964,0.0,0.0,0.0,0.00039281829269643964
沪深300,2024-05-23,1,-0.013037544723885852,0.0,0.0,0.0,-0.013037544723885852
沪深300,2024-05-30,1,-0.0005731280829978092,0.0,0.0,0.0,-0.0005731280829978092
沪深300,2024-06-06,1,-0.01411928457095124,0.0,0.0,0.0,-0.01411928457095124
沪深300,2024-06-14,1,-0.012963323761199574,0.0,0.0,0.0,-0.012963323761199574
沪深300,2024-06-21,1,-0.009715014789937304,0.0,0.0,0.0,-0.009715014789937304
沪深300,2024-06-28,1,-0.008839689628675207,0.0,0.0,0.0,-0.008839689628675207
沪深300,2024-07-05,1,0.01204875461227739,0.0,0.0,0.0,0.01204875461227739
沪深300,2024-07-12,1,0.019185577698421996,0.0,0.0,0.0,0.019185577698421996
沪深300,2024-07-19,1,-0.036657040649671346,0.0,0.0,0.0,-0.036657040649671346
沪深300,2024-07-26,1,-0.007303573471309388,0.0,0.0,0.0,-0.007303573471309388
沪深300,2024-08-02,1,-0.015589219918508035,0.0,0.0,0.0,-0.015589219918508035
沪深300,2024-08-09,1,0.00420214729726931,0.0,0.0,0.0,0.00420214729726931
沪深300,2024-08-16,1,-0.005511667458744651,0.0,0.0,0.0,-0.005511667458744651
沪深300,2024-08-23,1,-0.0017311905842467556,0.0,0.0,0.0,-0.0017311905842467556
沪深300,2024-08-30,1,-0.027120848550172716,0.0,0.0,0.0,-0.027120848550172716
沪深300,2024-09-06,1,-0.022312655701177464,0.0,0.0,0.0,-0.022312655701177464
沪深300,2024-09-13,1,0.06098282820289591,0.0,0.0,0.0,0.06098282820289591
沪深300,2024-09-24,1,0.2697536628370094,0.0,0.0,0.0,0.2697536628370094
沪深300,2024-10-08,1,-0.09400859942200623,0.0,0.0,0.0,-0.09400859942200623
沪深300,2024-10-15,1,0.026397890036021776,0.0,0.0,0.0,0.026397890036021776
沪深300,2024-10-22,1,-0.008370854367852565,0.0,0.0,0.0,-0.008370854367852565
沪深300,2024-10-29,1,0.03055559094441529,0.0,0.0,0.0,0.03055559094441529
沪深300,2024-11-05,1,0.010179079605495689,0.0,0.0,0.0,0.010179079605495689
沪深300,2024-11-12,1,-0.026641440718205178,0.0,0.0,0.0,-0.026641440718205178
沪深300,2024-11-19,1,-0.03437610796376045,0.0,0.0,0.0,-0.03437610796376045
沪深300,2024-11-26,1,0.029089782249789975,0.0,0.0,0.0,0.029089782249789975
沪深300,2024-12-03,1,0.011070652270179782,0.0,0.0,0.0,0.011070652270179782
沪深300,2024-12-10,1,-0.018422580612867945,0.0,0.0,0.0,-0.018422580612867945
沪深300,2024-12-17,1,0.015721450371363632,0.0,0.0,0.0,0.015721450371363632
沪深300,2024-12-24,1,-0.01224492869676097,0.0,0.0,0.0,-0.01224492869676097
沪深300,2024-12-31,1,-0.03702498913571084,0.0,0.0,0.0,-0.03702498913571084
沪深300,2025-01-08,1,0.0017972036461331165,0.0,0.0,0.0,0.0017972036461331165
沪深300,2025-01-15,1,0.00026079878188522976,0.0,0.0,0.0,0.00026079878188522976
沪深300,2025-01-22,1,0.012064724441798846,0.0,0.0,0.0,0.012064724441798846
沪深300,2025-02-06,1,0.01621461266826829,0.0,0.0,0.0,0.01621461266826829
沪深300,2025-02-13,1,0.006084288911537339,0.0,0.0,0.0,0.006084288911537339
沪深300,2025-02-20,1,0.009982437832472213,0.0,0.0,0.0,0.009982437832472213
沪深300,2025-02-27,1,-0.0029938610727497927,0.0,0.0,0.0,-0.0029938610727497927
沪深300,2025-03-06,1,-0.01128849614785754,0.0,0.0,0.0,-0.01128849614785754
沪深300,2025-03-13,1,0.01621084063217415,0.0,0.0,0.0,0.01621084063217415
沪深300,2025-03-20,1,-0.010711976633903553,0.0,0.0,0.0,-0.010711976633903553
沪深300,2025-03-27,1,-0.018032199084022205,0.0,0.0,0.0,-0.018032199084022205
沪深300,2025-04-03,1,-0.028740126893694096,0.0,0.0,0.0,-0.028740126893694096
沪深300,2025-04-11,1,0.005865853268347099,0.0,0.0,0.0,0.005865853268347099
沪深300,2025-04-18,1,0.0038356324154675825,0.0,0.0,0.0,0.0038356324154675825
沪深300,2025-04-25,1,0.0117877258719985,0.0,0.0,0.0,0.0117877258719985
沪深300,2025-05-07,1,0.029120765835950024,0.0,0.0,0.0,0.029120765835950024
沪深300,2025-05-14,1,-0.006804101227172787,0.0,0.0,0.0,-0.006804101227172787
沪深300,2025-05-21,1,-0.020462774296672204,0.0,0.0,0.0,-0.020462774296672204
沪深300,2025-05-28,1,0.010770963234834285,0.0,0.0,0.0,0.010770963234834285
沪深300,2025-06-05,1,0.003775570203942369,0.0,0.0,0.0,0.003775570203942369
沪深300,2025-06-12,1,-0.0126175427778632,0.0,0.0,0.0,-0.0126175427778632
沪深300,2025-06-19,1,0.026783135445695994,0.0,0.0,0.0,0.026783135445695994
沪深300,2025-06-26,1,0.005587908829656207,0.0,0.0,0.0,0.005587908829656207
沪深300,2025-07-03,1,0.010571890112825333,0.0,0.0,0.0,0.010571890112825333
沪深300,2025-07-10,1,0.006102213954044977,0.0,0.0,0.0,0.006102213954044977
沪深300,2025-07-17,1,0.028392684081507413,0.0,0.0,0.0,0.028392684081507413
沪深300,2025-07-24,1,-0.017702890307155328,0.0,0.0,0.0,-0.017702890307155328
沪深300,2025-07-31,1,0.009588795732642375,0.0,0.0,0.0,0.009588795732642375
沪深300,2025-08-07,1,0.014251446653072986,0.0,0.0,0.0,0.014251446653072986
沪深300,2025-08-14,1,0.0274985563018324,0.0,0.0,0.0,0.0274985563018324
沪深300,2025-08-21,1,0.04097647659669734,0.0,0.0,0.0,0.04097647659669734
沪深300,2025-08-28,1,-0.022082181469517126,0.0,0.0,0.0,-0.022082181469517126
沪深300,2025-09-04,1,0.04188114661150322,0.0,0.0,0.0,0.04188114661150322
沪深300,2025-09-11,1,-0.010976180895904575,0.0,0.0,0.0,-0.010976180895904575
沪深300,2025-09-18,1,0.02120446142935606,0.0,0.0,0.0,0.02120446142935606
沪深300,2025-09-25,1,0.005081103910098861,0.0,0.0,0.0,0.005081103910098861
沪深300,2025-10-10,1,-0.02222304048448842,0.0,0.0,0.0,-0.02222304048448842
沪深300,2025-10-17,1,0.03244185608619876,0.0,0.0,0.0,0.03244185608619876
沪深300,2025-10-24,1,-0.004293364916707398,0.0,0.0,0.0,-0.004293364916707398
沪深300,2025-10-31,1,0.008214331120290908,0.0,0.0,0.0,0.008214331120290908
沪深300,2025-11-07,1,-0.010825448459965137,0.0,0.0,0.0,-0.010825448459965137
沪深300,2025-11-14,1,-0.037710613767085954,0.0,0.0,0.0,-0.037710613767085954
沪深300,2025-11-21,1,0.016402424100897983,0.0,0.0,0.0,0.016402424100897983
沪深300,2025-11-28,1,0.012786469494064034,0.0,0.0,0.0,0.012786469494064034
沪深300,2025-12-05,1,-0.000783066567202173,0.0,0.0,0.0,-0.000783066567202173
沪深300,2025-12-12,1,-0.0027876313865026203,0.0,0.0,0.0,-0.0027876313865026203
沪深300,2025-12-19,1,0.019495729152529062,0.0,0.0,0.0,0.019495729152529062
沪深300,2025-12-26,1,0.02865431027819043,0.0,0.0,0.0,0.02865431027819043
沪深300,2026-01-06,1,-0.00619117496644539,0.0,0.0,0.0,-0.00619117496644539
沪深300,2026-01-13,1,-0.008853126319304572,0.0,0.0,0.0,-0.008853126319304572
沪深300,2026-01-20,1,-0.0027951547824910383,0.0,0.0,0.0,-0.0027951547824910383
沪深300,2026-01-27,1,-0.009686145921214528,0.0,0.0,0.0,-0.009686145921214528
沪深300,2026-02-03,1,0.013774352965917336,0.0,0.0,0.0,0.013774352965917336
沪深300,2026-02-10,1,0.0024532735008360174,0.0,0.0,0.0,0.0024532735008360174
沪深300,2026-02-25,1,-0.02814043400501276,0.0,0.0,0.0,-0.02814043400501276
沪深300,2026-03-04,1,0.022135218636341714,0.0,0.0,0.0,0.022135218636341714
沪深300,2026-03-11,1,-0.009814007864810459,0.0,0.0,0.0,-0.009814007864810459
沪深300,2026-03-18,1,-0.02594492017525618,0.0,0.0,0.0,-0.02594492017525618
沪深300,2026-03-25,1,-0.0025124133052121245,0.0,0.0,0.0,-0.0025124133052121245
沪深300,2026-04-01,1,0.008870830543938002,0.0,0.0,0.0,0.008870830543938002
沪深300,2026-04-09,1,0.03731532865258336,0.0,0.0,0.0,0.03731532865258336
沪深300,2026-04-16,1,0.01049695879542556,0.0,0.0,0.0,0.01049695879542556
沪深300,2026-04-23,1,0.004383316653887359,0.0,0.0,0.0,0.004383316653887359
沪深300,2026-04-30,1,0.029276248047244602,0.0,0.0,0.0,0.029276248047244602
沪深300,2026-05-12,1,-0.01923383959337488,0.0,0.0,0.0,-0.01923383959337488
沪深300,2026-05-19,1,0.01956982245594374,0.0,0.0,0.0,0.01956982245594374
沪深300,2026-05-26,1,-0.006728174863829817,0.0,0.0,0.0,-0.006728174863829817
沪深300,2026-06-02,1,-0.022942033467899692,0.0,0.0,0.0,-0.022942033467899692
沪深300,2026-06-09,1,0.01716436093889584,0.0,0.0,0.0,0.01716436093889584
沪深300,2026-06-16,1,0.012036697698511345,0.0,0.0,0.0,0.012036697698511345
沪深300,2026-06-24,1,0.0032287953518290724,0.0,0.0,0.0,0.0032287953518290724
沪深300,2026-07-01,1,-0.04102658207937926,0.0,0.0,0.0,-0.04102658207937926
沪深300,2026-07-08,1,0.006571296995287579,0.0,0.0,0.0,0.006571296995287579
沪深300,2026-07-15,1,-0.014527511187061082,0.0,0.0,0.0,-0.014527511187061082
沪深300,2015-01-05,1,-0.0351389796624505,0.0,0.0,0.0,-0.0351389796624505
沪深300,2015-01-12,1,-0.045087916028665576,0.0,0.0,0.0,-0.045087916028665576
沪深300,2015-01-19,1,0.07535557171640095,0.0,0.0,0.0,0.07535557171640095
沪深300,2015-01-26,1,-0.07040762308099513,0.0,0.0,0.0,-0.07040762308099513
沪深300,2015-02-02,1,-0.0023971663347206462,0.0,0.0,0.0,-0.0023971663347206462
沪深300,2015-02-09,1,0.045894701606733035,0.0,0.0,0.0,0.045894701606733035
沪深300,2015-02-16,1,0.029084321099134947,0.0,0.0,0.0,0.029084321099134947
沪深300,2015-03-02,1,-0.01763549424368127,0.0,0.0,0.0,-0.01763549424368127
沪深300,2015-03-09,1,0.04746519680587924,0.0,0.0,0.0,0.04746519680587924
沪深300,2015-03-16,1,0.07188713511996458,0.0,0.0,0.0,0.07188713511996458
沪深300,2015-03-23,1,0.029234200893239137,0.0,0.0,0.0,0.029234200893239137
沪深300,2015-03-30,1,0.04203826641684083,0.0,0.0,0.0,0.04203826641684083
沪深300,2015-04-07,1,0.04181650876517584,0.0,0.0,0.0,0.04181650876517584
沪深300,2015-04-14,1,0.04077797655795834,0.0,0.0,0.0,0.04077797655795834
沪深300,2015-04-21,1,0.026563271244122166,0.0,0.0,0.0,0.026563271244122166
沪深300,2015-04-28,1,-0.03975866010384088,0.0,0.0,0.0,-0.03975866010384088
沪深300,2015-05-06,1,0.036261373544197006,0.0,0.0,0.0,0.036261373544197006
沪深300,2015-05-13,1,0.007731368842244457,0.0,0.0,0.0,0.007731368842244457
沪深300,2015-05-20,1,0.08969867000916953,0.0,0.0,0.0,0.08969867000916953
沪深300,2015-05-27,1,-0.007303003224978233,0.0,0.0,0.0,-0.007303003224978233
沪深300,2015-06-03,1,0.0321798588145632,0.0,0.0,0.0,0.0321798588145632
沪深300,2015-06-10,1,-0.032073172339619815,0.0,0.0,0.0,-0.032073172339619815
沪深300,2015-06-17,1,-0.0841261532294314,0.0,0.0,0.0,-0.0841261532294314
沪深300,2015-06-25,1,-0.1271682686995913,0.0,0.0,0.0,-0.1271682686995913
沪深300,2015-07-02,1,-0.05120983446932803,0.0,0.0,0.0,-0.05120983446932803
沪深300,2015-07-09,1,0.025587344103981335,0.0,0.0,0.0,0.025587344103981335
沪深300,2015-07-16,1,0.06340434686893337,0.0,0.0,0.0,0.06340434686893337
沪深300,2015-07-23,1,-0.10242753733994236,0.0,0.0,0.0,-0.10242753733994236
沪深300,2015-07-30,1,0.004308842300041249,0.0,0.0,0.0,0.004308842300041249
沪深300,2015-08-06,1,0.06357503555723709,0.0,0.0,0.0,0.06357503555723709
沪深300,2015-08-13,1,-0.07704897115908393,0.0,0.0,0.0,-0.07704897115908393
沪深300,2015-08-20,1,-0.14776482473514196,0.0,0.0,0.0,-0.14776482473514196
沪深300,2015-08-27,1,0.013990965922561216,0.0,0.0,0.0,0.013990965922561216
沪深300,2015-09-07,1,0.009426271116047102,0.0,0.0,0.0,0.009426271116047102
沪深300,2015-09-14,1,0.008265445136278915,0.0,0.0,0.0,0.008265445136278915
沪深300,2015-09-21,1,-0.019798987380034827,0.0,0.0,0.0,-0.019798987380034827
沪深300,2015-09-28,1,0.0631994449155806,0.0,0.0,0.0,0.0631994449155806
沪深300,2015-10-12,1,0.02508636217293314,0.0,0.0,0.0,0.02508636217293314
沪深300,2015-10-19,1,0.01558494473965677,0.0,0.0,0.0,0.01558494473965677
沪深300,2015-10-26,1,-0.03156639530153871,0.0,0.0,0.0,-0.03156639530153871
沪深300,2015-11-02,1,0.10483147101807866,0.0,0.0,0.0,0.10483147101807866
沪深300,2015-11-09,1,-0.01984714934836662,0.0,0.0,0.0,-0.01984714934836662
沪深300,2015-11-16,1,-0.0028665322398536697,0.0,0.0,0.0,-0.0028665322398536697
沪深300,2015-11-23,1,-0.0498036415565869,0.0,0.0,0.0,-0.0498036415565869
沪深300,2015-11-30,1,0.03398375397108011,0.0,0.0,0.0,0.03398375397108011
沪深300,2015-12-07,1,0.00642963870908253,0.0,0.0,0.0,0.00642963870908253
沪深300,2015-12-14,1,0.0416671157431856,0.0,0.0,0.0,0.0416671157431856
沪深300,2015-12-21,1,-0.03578153938478401,0.0,0.0,0.0,-0.03578153938478401
沪深300,2015-12-28,1,-0.06675823512526735,0.0,0.0,0.0,-0.06675823512526735
沪深300,2016-01-05,1,-0.07562133851522668,0.0,0.0,0.0,-0.07562133851522668
沪深300,2016-01-12,1,0.00230431226696437,0.0,0.0,0.0,0.00230431226696437
沪深300,2016-01-19,1,-0.08768212167092737,0.0,0.0,0.0,-0.08768212167092737
沪深300,2016-01-26,1,0.007080404419641084,0.0,0.0,0.0,0.007080404419641084
沪深300,2016-02-02,1,0.02556621518034108,0.0,0.0,0.0,0.02556621518034108
沪深300,2016-02-16,1,0.017227300266048795,0.0,0.0,0.0,0.017227300266048795
沪深300,2016-02-23,1,-0.05136015226454671,0.0,0.0,0.0,-0.05136015226454671
沪深300,2016-03-01,1,0.060388509190668405,0.0,0.0,0.0,0.060388509190668405
沪深300,2016-03-08,1,-0.010583491812193757,0.0,0.0,0.0,-0.010583491812193757
沪深300,2016-03-15,1,0.049112456826179374,0.0,0.0,0.0,0.049112456826179374
沪深300,2016-03-22,1,-0.028017942891508718,0.0,0.0,0.0,-0.028017942891508718
沪深300,2016-03-29,1,0.03894865424298577,0.0,0.0,0.0,0.03894865424298577
沪深300,2016-04-06,1,0.0011818770663662992,0.0,0.0,0.0,0.0011818770663662992
沪深300,2016-04-13,1,-0.024636810184645697,0.0,0.0,0.0,-0.024636810184645697
沪深300,2016-04-20,1,-0.004750033794085562,0.0,0.0,0.0,-0.004750033794085562
沪深300,2016-04-27,1,0.01516146965179166,0.0,0.0,0.0,0.01516146965179166
沪深300,2016-05-05,1,-0.03851371533827863,0.0,0.0,0.0,-0.03851371533827863
沪深300,2016-05-12,1,-0.008944578562783523,0.0,0.0,0.0,-0.008944578562783523
沪深300,2016-05-19,1,0.0005583673469389261,0.0,0.0,0.0,0.0005583673469389261
沪深300,2016-05-26,1,0.03357798584300653,0.0,0.0,0.0,0.03357798584300653
沪深300,2016-06-02,1,-0.031814593792428236,0.0,0.0,0.0,-0.031814593792428236
沪深300,2016-06-13,1,0.01510921815584676,0.0,0.0,0.0,0.01510921815584676
沪深300,2016-06-20,1,0.0025283759601888445,0.0,0.0,0.0,0.0025283759601888445
沪深300,2016-06-27,1,0.02696969114319958,0.0,0.0,0.0,0.02696969114319958
沪深300,2016-07-04,1,-0.000427497113614117,0.0,0.0,0.0,-0.000427497113614117
沪深300,2016-07-11,1,0.01832155912753297,0.0,0.0,0.0,0.01832155912753297
沪深300,2016-07-18,1,-0.009543166504190737,0.0,0.0,0.0,-0.009543166504190737
沪深300,2016-07-25,1,-0.016738421920894808,0.0,0.0,0.0,-0.016738421920894808
沪深300,2016-08-01,1,0.01805899628873031,0.0,0.0,0.0,0.01805899628873031
沪深300,2016-08-08,1,0.04923659165538119,0.0,0.0,0.0,0.04923659165538119
沪深300,2016-08-15,1,-0.01668817888737606,0.0,0.0,0.0,-0.01668817888737606
沪深300,2016-08-22,1,-0.0086939843382412,0.0,0.0,0.0,-0.0086939843382412
沪深300,2016-08-29,1,0.003597579040927723,0.0,0.0,0.0,0.003597579040927723
沪深300,2016-09-05,1,-0.017194428378638937,0.0,0.0,0.0,-0.017194428378638937
沪深300,2016-09-12,1,0.0012382762214184773,0.0,0.0,0.0,0.0012382762214184773
沪深300,2016-09-21,1,-0.010943966889525591,0.0,0.0,0.0,-0.010943966889525591
沪深300,2016-09-28,1,0.02139348600540414,0.0,0.0,0.0,0.02139348600540414
沪深300,2016-10-12,1,0.0049181669146454166,0.0,0.0,0.0,0.0049181669146454166
沪深300,2016-10-19,1,0.011627626468530883,0.0,0.0,0.0,0.011627626468530883
沪深300,2016-10-26,1,-0.006393823774889951,0.0,0.0,0.0,-0.006393823774889951
沪深300,2016-11-02,1,0.005909970450147739,0.0,0.0,0.0,0.005909970450147739
沪深300,2016-11-09,1,0.02282697842263004,0.0,0.0,0.0,0.02282697842263004
沪深300,2016-11-16,1,0.013161923145331933,0.0,0.0,0.0,0.013161923145331933
沪深300,2016-11-23,1,0.01820860901422572,0.0,0.0,0.0,0.01820860901422572
沪深300,2016-11-30,1,-0.01759468626342553,0.0,0.0,0.0,-0.01759468626342553
沪深300,2016-12-07,1,-0.027850104294037448,0.0,0.0,0.0,-0.027850104294037448
沪深300,2016-12-14,1,-0.011959336480267369,0.0,0.0,0.0,-0.011959336480267369
沪深300,2016-12-21,1,-0.010977852594247772,0.0,0.0,0.0,-0.010977852594247772
沪深300,2016-12-28,1,0.019958266326255636,0.0,0.0,0.0,0.019958266326255636
沪深300,2017-01-05,1,-0.01489700961164453,0.0,0.0,0.0,-0.01489700961164453
沪深300,2017-01-12,1,0.003517581880986942,0.0,0.0,0.0,0.003517581880986942
沪深300,2017-01-19,1,0.017622375942017987,0.0,0.0,0.0,0.017622375942017987
沪深300,2017-01-26,1,0.0024587067143648778,0.0,0.0,0.0,0.0024587067143648778
沪深300,2017-02-09,1,0.013143753919718115,0.0,0.0,0.0,0.013143753919718115
沪深300,2017-02-16,1,0.009413152839494066,0.0,0.0,0.0,0.009413152839494066
沪深300,2017-02-23,1,-0.011003881012979111,0.0,0.0,0.0,-0.011003881012979111
沪深300,2017-03-02,1,-0.0023754766964568796,0.0,0.0,0.0,-0.0023754766964568796
沪深300,2017-03-09,1,0.015923827087722442,0.0,0.0,0.0,0.015923827087722442
沪深300,2017-03-16,1,-0.005609634899799598,0.0,0.0,0.0,-0.005609634899799598
沪深300,2017-03-23,1,-0.00728484855487288,0.0,0.0,0.0,-0.00728484855487288
沪深300,2017-03-30,1,0.01989664684179293,0.0,0.0,0.0,0.01989664684179293
沪深300,2017-04-10,1,-0.00718944179119807,0.0,0.0,0.0,-0.00718944179119807
沪深300,2017-04-17,1,-0.013988746932418472,0.0,0.0,0.0,-0.013988746932418472
沪深300,2017-04-24,1,-0.0013639304512047534,0.0,0.0,0.0,-0.0013639304512047534
沪深300,2017-05-02,1,-0.02161046874726391,0.0,0.0,0.0,-0.02161046874726391
沪深300,2017-05-09,1,0.022705240519846237,0.0,0.0,0.0,0.022705240519846237
沪深300,2017-05-16,1,-0.0013008035232525694,0.0,0.0,0.0,-0.0013008035232525694
沪深300,2017-05-23,1,0.02147953238576128,0.0,0.0,0.0,0.02147953238576128
沪深300,2017-06-01,1,0.018080246101768616,0.0,0.0,0.0,0.018080246101768616
沪深300,2017-06-08,1,-0.009039646389476852,0.0,0.0,0.0,-0.009039646389476852
沪深300,2017-06-15,1,0.017442239407842175,0.0,0.0,0.0,0.017442239407842175
沪深300,2017-06-22,1,0.02186143930658413,0.0,0.0,0.0,0.02186143930658413
沪深300,2017-06-29,1,-0.002379505182851349,0.0,0.0,0.0,-0.002379505182851349
沪深300,2017-07-06,1,0.007327668642933327,0.0,0.0,0.0,0.007327668642933327
沪深300,2017-07-13,1,0.016534126045588016,0.0,0.0,0.0,0.016534126045588016
沪深300,2017-07-20,1,-0.009522716842588319,0.0,0.0,0.0,-0.009522716842588319
沪深300,2017-07-27,1,0.004213146417613167,0.0,0.0,0.0,0.004213146417613167
沪深300,2017-08-03,1,-0.0031948881789138905,0.0,0.0,0.0,-0.0031948881789138905
沪深300,2017-08-10,1,0.001442442248487552,0.0,0.0,0.0,0.001442442248487552
沪深300,2017-08-17,1,0.003592849772121376,0.0,0.0,0.0,0.003592849772121376
沪深300,2017-08-24,1,0.02341317124764042,0.0,0.0,0.0,0.02341317124764042
沪深300,2017-08-31,1,0.002035535531607069,0.0,0.0,0.0,0.002035535531607069
沪深300,2017-09-07,1,2.3499492149525736e-05,0.0,0.0,0.0,2.3499492149525736e-05
沪深300,2017-09-14,1,0.002052240754472523,0.0,0.0,0.0,0.002052240754472523
沪深300,2017-09-21,1,-0.003981426955928402,0.0,0.0,0.0,-0.003981426955928402
沪深300,2017-09-28,1,0.0236518126690628,0.0,0.0,0.0,0.0236518126690628
沪深300,2017-10-12,1,0.004676778389706149,0.0,0.0,0.0,0.004676778389706149
沪深300,2017-10-19,1,0.015855007949125532,0.0,0.0,0.0,0.015855007949125532
沪深300,2017-10-26,1,0.0008889267273972656,0.0,0.0,0.0,0.0008889267273972656
沪深300,2017-11-02,1,0.01970663951385121,0.0,0.0,0.0,0.01970663951385121
沪深300,2017-11-09,1,0.007141980912191315,0.0,0.0,0.0,0.007141980912191315
沪深300,2017-11-16,1,-0.0006358084389564977,0.0,0.0,0.0,-0.0006358084389564977
沪深300,2017-11-23,1,-0.023474063962558467,0.0,0.0,0.0,-0.023474063962558467
沪深300,2017-11-30,1,-0.008746661341454187,0.0,0.0,0.0,-0.008746661341454187
沪深300,2017-12-07,1,0.013872870216012911,0.0,0.0,0.0,0.013872870216012911
沪深300,2017-12-14,1,0.010357289221712973,0.0,0.0,0.0,0.010357289221712973
沪深300,2017-12-21,1,-0.012033383728505043,0.0,0.0,0.0,-0.012033383728505043
沪深300,2017-12-28,1,0.02982159297320175,0.0,0.0,0.0,0.02982159297320175
沪深300,2018-01-05,1,0.020839625490788327,0.0,0.0,0.0,0.020839625490788327
沪深300,2018-01-12,1,0.01429585798816535,0.0,0.0,0.0,0.01429585798816535
沪深300,2018-01-19,1,0.022378307742567882,0.0,0.0,0.0,0.022378307742567882
沪深300,2018-01-26,1,-0.025122680482961735,0.0,0.0,0.0,-0.025122680482961735
沪深300,2018-02-02,1,-0.10080936872985069,0.0,0.0,0.0,-0.10080936872985069
沪深300,2018-02-09,1,0.06000026037259332,0.0,0.0,0.0,0.06000026037259332
沪深300,2018-02-23,1,-0.013419010633515915,0.0,0.0,0.0,-0.013419010633515915
沪深300,2018-03-02,1,0.023007822809140155,0.0,0.0,0.0,0.023007822809140155
沪深300,2018-03-09,1,-0.012765066794520052,0.0,0.0,0.0,-0.012765066794520052
沪深300,2018-03-16,1,-0.03734327313246666,0.0,0.0,0.0,-0.03734327313246666
沪深300,2018-03-23,1,-0.0016491930733890658,0.0,0.0,0.0,-0.0016491930733890658
沪深300,2018-03-30,1,0.007354110555341853,0.0,0.0,0.0,0.007354110555341853
沪深300,2018-04-10,1,-0.045460216899191996,0.0,0.0,0.0,-0.045460216899191996
沪深300,2018-04-17,1,0.025302509710187993,0.0,0.0,0.0,0.025302509710187993
沪深300,2018-04-24,1,-0.013136498338749303,0.0,0.0,0.0,-0.013136498338749303
沪深300,2018-05-03,1,0.026380174004745793,0.0,0.0,0.0,0.026380174004745793
沪深300,2018-05-10,1,-0.007451721781837506,0.0,0.0,0.0,-0.007451721781837506
沪深300,2018-05-17,1,-0.009531450162394539,0.0,0.0,0.0,-0.009531450162394539
沪深300,2018-05-24,1,-0.006490350698418079,0.0,0.0,0.0,-0.006490350698418079
沪深300,2018-05-31,1,0.007529494684907823,0.0,0.0,0.0,0.007529494684907823
沪深300,2018-06-07,1,-0.015045640705714569,0.0,0.0,0.0,-0.015045640705714569
沪深300,2018-06-14,1,-0.043587032281488414,0.0,0.0,0.0,-0.043587032281488414
沪深300,2018-06-22,1,-0.027132921388788978,0.0,0.0,0.0,-0.027132921388788978
沪深300,2018-06-29,1,-0.04154395638824493,0.0,0.0,0.0,-0.04154395638824493
沪深300,2018-07-06,1,0.03790949505515395,0.0,0.0,0.0,0.03790949505515395
沪深300,2018-07-13,1,5.7262453867945595e-05,0.0,0.0,0.0,5.7262453867945595e-05
沪深300,2018-07-20,1,0.008113625107003086,0.0,0.0,0.0,0.008113625107003086
沪深300,2018-07-27,1,-0.05848808512934389,0.0,0.0,0.0,-0.05848808512934389
沪深300,2018-08-03,1,0.027068603556863913,0.0,0.0,0.0,0.027068603556863913
沪深300,2018-08-10,1,-0.05151217907677508,0.0,0.0,0.0,-0.05151217907677508
沪深300,2018-08-17,1,0.02963506542565364,0.0,0.0,0.0,0.02963506542565364
沪深300,2018-08-24,1,0.0027576210481365937,0.0,0.0,0.0,0.0027576210481365937
沪深300,2018-08-31,1,-0.017052031788873934,0.0,0.0,0.0,-0.017052031788873934
沪深300,2018-09-07,1,-0.010846218620714887,0.0,0.0,0.0,-0.010846218620714887
沪深300,2018-09-14,1,0.051941802972774065,0.0,0.0,0.0,0.051941802972774065
沪深300,2018-09-21,1,-0.035065342516763964,0.0,0.0,0.0,-0.035065342516763964
沪深300,2018-10-08,1,-0.04997113251694085,0.0,0.0,0.0,-0.04997113251694085
沪深300,2018-10-15,1,0.046001055510243694,0.0,0.0,0.0,0.046001055510243694
沪深300,2018-10-22,1,-0.05913273215972992,0.0,0.0,0.0,-0.05913273215972992
沪深300,2018-10-29,1,0.060434399669796246,0.0,0.0,0.0,0.060434399669796246
沪深300,2018-11-05,1,-0.017683980826519452,0.0,0.0,0.0,-0.017683980826519452
沪深300,2018-11-12,1,0.027911417285984452,0.0,0.0,0.0,0.027911417285984452
沪深300,2018-11-19,1,-0.04654889819704966,0.0,0.0,0.0,-0.04654889819704966
沪深300,2018-11-26,1,0.0381091543466916,0.0,0.0,0.0,0.0381091543466916
沪深300,2018-12-03,1,-0.035630721108879104,0.0,0.0,0.0,-0.035630721108879104
沪深300,2018-12-10,1,0.00522774392958425,0.0,0.0,0.0,0.00522774392958425
沪深300,2018-12-17,1,-0.03890927495887653,0.0,0.0,0.0,-0.03890927495887653
沪深300,2018-12-24,1,-0.022598907247712186,0.0,0.0,0.0,-0.022598907247712186
沪深300,2019-01-02,1,0.03668581665847204,0.0,0.0,0.0,0.03668581665847204
沪深300,2019-01-09,1,0.01629700371611964,0.0,0.0,0.0,0.01629700371611964
沪深300,2019-01-16,1,0.003963370782925635,0.0,0.0,0.0,0.003963370782925635
沪深300,2019-01-23,1,0.008732748603173857,0.0,0.0,0.0,0.008732748603173857
沪深300,2019-01-30,1,0.07213237893248503,0.0,0.0,0.0,0.07213237893248503
沪深300,2019-02-13,1,0.016161176086169293,0.0,0.0,0.0,0.016161176086169293
沪深300,2019-02-20,1,0.06560387956882097,0.0,0.0,0.0,0.06560387956882097
沪深300,2019-02-27,1,0.04613431419724412,0.0,0.0,0.0,0.04613431419724412
沪深300,2019-03-06,1,-0.032197791631692674,0.0,0.0,0.0,-0.032197791631692674
沪深300,2019-03-13,1,0.02987226752663008,0.0,0.0,0.0,0.02987226752663008
沪深300,2019-03-20,1,-0.02399985399328386,0.0,0.0,0.0,-0.02399985399328386
沪深300,2019-03-27,1,0.07446993233406118,0.0,0.0,0.0,0.07446993233406118
沪深300,2019-04-03,1,-0.006111144260795065,0.0,0.0,0.0,-0.006111144260795065
沪深300,2019-04-11,1,0.018636274946342457,0.0,0.0,0.0,0.018636274946342457
沪深300,2019-04-18,1,-0.03198856603995992,0.0,0.0,0.0,-0.03198856603995992
沪深300,2019-04-25,1,-0.056103525782506325,0.0,0.0,0.0,-0.056103525782506325
沪深300,2019-05-07,1,-0.020297419550779794,0.0,0.0,0.0,-0.020297419550779794
沪深300,2019-05-14,1,0.005933912184683976,0.0,0.0,0.0,0.005933912184683976
沪深300,2019-05-21,1,0.0014944992609318142,0.0,0.0,0.0,0.0014944992609318142
沪深300,2019-05-28,1,-0.02009389313392851,0.0,0.0,0.0,-0.02009389313392851
沪深300,2019-06-04,1,0.025741495691224303,0.0,0.0,0.0,0.025741495691224303
沪深300,2019-06-12,1,0.0067297011730920175,0.0,0.0,0.0,0.0067297011730920175
沪深300,2019-06-19,1,0.021095604342373564,0.0,0.0,0.0,0.021095604342373564
沪深300,2019-06-26,1,0.026144273165486398,0.0,0.0,0.0,0.026144273165486398
沪深300,2019-07-03,1,-0.027427552889023876,0.0,0.0,0.0,-0.027427552889023876
沪深300,2019-07-10,1,0.004727021131633036,0.0,0.0,0.0,0.004727021131633036
沪深300,2019-07-17,1,0.003992493376508532,0.0,0.0,0.0,0.003992493376508532
沪深300,2019-07-24,1,0.004065625957175634,0.0,0.0,0.0,0.004065625957175634
沪深300,2019-07-31,1,-0.055778336323057176,0.0,0.0,0.0,-0.055778336323057176
沪深300,2019-08-07,1,0.016835890794520303,0.0,0.0,0.0,0.016835890794520303
沪深300,2019-08-14,1,0.026982402780795223,0.0,0.0,0.0,0.026982402780795223
沪深300,2019-08-21,1,0.005505373159587101,0.0,0.0,0.0,0.005505373159587101
沪深300,2019-08-28,1,0.02193773701013524,0.0,0.0,0.0,0.02193773701013524
沪深300,2019-09-04,1,0.011348430262480669,0.0,0.0,0.0,0.011348430262480669
沪深300,2019-09-11,1,-0.0014554337039769383,0.0,0.0,0.0,-0.0014554337039769383
沪深300,2019-09-19,1,-0.02121099383851721,0.0,0.0,0.0,-0.02121099383851721
沪深300,2019-09-26,1,0.008721369176858618,0.0,0.0,0.0,0.008721369176858618
沪深300,2019-10-10,1,0.013054115995292603,0.0,0.0,0.0,0.013054115995292603
沪深300,2019-10-17,1,-0.013897310214459169,0.0,0.0,0.0,-0.013897310214459169
沪深300,2019-10-24,1,0.004154319536410878,0.0,0.0,0.0,0.004154319536410878
沪深300,2019-10-31,1,0.027045732295619684,0.0,0.0,0.0,0.027045732295619684
沪深300,2019-11-07,1,-0.02154629284019771,0.0,0.0,0.0,-0.02154629284019771
沪深300,2019-11-14,1,-0.004162975631487265,0.0,0.0,0.0,-0.004162975631487265
沪深300,2019-11-21,1,-0.007018716577539941,0.0,0.0,0.0,-0.007018716577539941
沪深300,2019-11-28,1,0.004417057193899732,0.0,0.0,0.0,0.004417057193899732
沪深300,2019-12-05,1,0.003005650416563199,0.0,0.0,0.0,0.003005650416563199
沪深300,2019-12-12,1,0.03498568498748367,0.0,0.0,0.0,0.03498568498748367
沪深300,2019-12-19,1,-0.0002880448952731207,0.0,0.0,0.0,-0.0002880448952731207
沪深300,2019-12-26,1,0.029550495654484976,0.0,0.0,0.0,0.029550495654484976
沪深300,2020-01-03,1,0.004395699837875355,0.0,0.0,0.0,0.004395699837875355
沪深300,2020-01-10,1,-0.002000874331640423,0.0,0.0,0.0,-0.002000874331640423
沪深300,2020-01-17,1,-0.11227601477791005,0.0,0.0,0.0,-0.11227601477791005
沪深300,2020-02-03,1,0.061721198581483394,0.0,0.0,0.0,0.061721198581483394
沪深300,2020-02-10,1,0.0412179744178387,0.0,0.0,0.0,0.0412179744178387
沪深300,2020-02-17,1,0.013591928229125472,0.0,0.0,0.0,0.013591928229125472
沪深300,2020-02-24,1,-0.015284888841571309,0.0,0.0,0.0,-0.015284888841571309
沪深300,2020-03-02,1,-0.017824541056154275,0.0,0.0,0.0,-0.017824541056154275
沪深300,2020-03-09,1,-0.0673708385766787,0.0,0.0,0.0,-0.0673708385766787
沪深300,2020-03-16,1,-0.052987789175501065,0.0,0.0,0.0,-0.052987789175501065
沪深300,2020-03-23,1,0.04073296679328453,0.0,0.0,0.0,0.04073296679328453
沪深300,2020-03-30,1,0.033725174259888524,0.0,0.0,0.0,0.033725174259888524
沪深300,2020-04-07,1,0.007288007962043208,0.0,0.0,0.0,0.007288007962043208
沪深300,2020-04-14,1,-0.004613534777948902,0.0,0.0,0.0,-0.004613534777948902
沪深300,2020-04-21,1,0.010792925513058105,0.0,0.0,0.0,0.010792925513058105
沪深300,2020-04-28,1,0.029739033293064487,0.0,0.0,0.0,0.029739033293064487
沪深300,2020-05-08,1,-0.012816566673899077,0.0,0.0,0.0,-0.012816566673899077
沪深300,2020-05-15,1,-0.022684406642779376,0.0,0.0,0.0,-0.022684406642779376
沪深300,2020-05-22,1,0.011234133355648046,0.0,0.0,0.0,0.011234133355648046
沪深300,2020-05-29,1,0.034711483261012255,0.0,0.0,0.0,0.034711483261012255
沪深300,2020-06-05,1,0.00045735707591387786,0.0,0.0,0.0,0.00045735707591387786
沪深300,2020-06-12,1,0.023889105388850806,0.0,0.0,0.0,0.023889105388850806
沪深300,2020-06-19,1,0.01591964300962978,0.0,0.0,0.0,0.01591964300962978
沪深300,2020-06-30,1,0.12828413337303934,0.0,0.0,0.0,0.12828413337303934
沪深300,2020-07-07,1,0.02310706600285628,0.0,0.0,0.0,0.02310706600285628
沪深300,2020-07-14,1,-0.02406021607384723,0.0,0.0,0.0,-0.02406021607384723
沪深300,2020-07-21,1,-0.026173300590060955,0.0,0.0,0.0,-0.026173300590060955
沪深300,2020-07-28,1,0.045430864267795634,0.0,0.0,0.0,0.045430864267795634
沪深300,2020-08-04,1,-0.019686754051677302,0.0,0.0,0.0,-0.019686754051677302
沪深300,2020-08-11,1,0.027976538837792386,0.0,0.0,0.0,0.027976538837792386
沪深300,2020-08-18,1,-0.010557351706713014,0.0,0.0,0.0,-0.010557351706713014
沪深300,2020-08-25,1,0.01683554006236898,0.0,0.0,0.0,0.01683554006236898
沪深300,2020-09-01,1,-0.030509363667154177,0.0,0.0,0.0,-0.030509363667154177
沪深300,2020-09-08,1,-0.0012589495120773897,0.0,0.0,0.0,-0.0012589495120773897
沪深300,2020-09-15,1,-0.011244582465958941,0.0,0.0,0.0,-0.011244582465958941
沪深300,2020-09-22,1,-0.009482803251246952,0.0,0.0,0.0,-0.009482803251246952
沪深300,2020-09-29,1,0.046887930659000876,0.0,0.0,0.0,0.046887930659000876
沪深300,2020-10-14,1,-0.002968525722369053,0.0,0.0,0.0,-0.002968525722369053
沪深300,2020-10-21,1,-0.011592316022058013,0.0,0.0,0.0,-0.011592316022058013
沪深300,2020-10-28,1,0.01612532112376952,0.0,0.0,0.0,0.01612532112376952
沪深300,2020-11-04,1,0.018954392291935962,0.0,0.0,0.0,0.018954392291935962
沪深300,2020-11-11,1,-0.002697302697302506,0.0,0.0,0.0,-0.002697302697302506
沪深300,2020-11-18,1,0.003890286957214828,0.0,0.0,0.0,0.003890286957214828
沪深300,2020-11-25,1,0.03185696540208105,0.0,0.0,0.0,0.03185696540208105
沪深300,2020-12-02,1,-0.0245582320598996,0.0,0.0,0.0,-0.0245582320598996
沪深300,2020-12-09,1,0.0022598984360773233,0.0,0.0,0.0,0.0022598984360773233
沪深300,2020-12-16,1,0.010749171859576467,0.0,0.0,0.0,0.010749171859576467
沪深300,2020-12-23,1,0.021287686334659828,0.0,0.0,0.0,0.021287686334659828
沪深300,2020-12-30,1,0.07821131820146232,0.0,0.0,0.0,0.07821131820146232
沪深300,2021-01-07,1,-0.007835085950167131,0.0,0.0,0.0,-0.007835085950167131
沪深300,2021-01-14,1,0.01727642647967431,0.0,0.0,0.0,0.01727642647967431
沪深300,2021-01-21,1,-0.0337522035159219,0.0,0.0,0.0,-0.0337522035159219
沪深300,2021-01-28,1,0.0180039946886259,0.0,0.0,0.0,0.0180039946886259
沪深300,2021-02-04,1,0.053787484357731064,0.0,0.0,0.0,0.053787484357731064
沪深300,2021-02-18,1,-0.05180310589801651,0.0,0.0,0.0,-0.05180310589801651
沪深300,2021-02-25,1,-0.034527457418878416,0.0,0.0,0.0,-0.034527457418878416
沪深300,2021-03-04,1,-0.028876798763802558,0.0,0.0,0.0,-0.028876798763802558
沪深300,2021-03-11,1,0.0026422423374974358,0.0,0.0,0.0,0.0026422423374974358
沪深300,2021-03-18,1,-0.04189607858772382,0.0,0.0,0.0,-0.04189607858772382
沪深300,2021-03-25,1,0.037437453692896305,0.0,0.0,0.0,0.037437453692896305
沪深300,2021-04-01,1,-0.014760956253252688,0.0,0.0,0.0,-0.014760956253252688
沪深300,2021-04-09,1,-0.013734921574312664,0.0,0.0,0.0,-0.013734921574312664
沪深300,2021-04-16,1,0.03408454788187276,0.0,0.0,0.0,0.03408454788187276
沪深300,2021-04-23,1,-0.0023289098326338964,0.0,0.0,0.0,-0.0023289098326338964
沪深300,2021-04-30,1,-0.015407466394976699,0.0,0.0,0.0,-0.015407466394976699
沪深300,2021-05-12,1,0.025318412940698254,0.0,0.0,0.0,0.025318412940698254
沪深300,2021-05-19,1,0.028675997192721958,0.0,0.0,0.0,0.028675997192721958
沪深300,2021-05-26,1,-0.005755000855168113,0.0,0.0,0.0,-0.005755000855168113
沪深300,2021-06-02,1,-0.010117259644194743,0.0,0.0,0.0,-0.010117259644194743
沪深300,2021-06-09,1,-0.025696798403498478,0.0,0.0,0.0,-0.025696798403498478
沪深300,2021-06-17,1,0.010599993335803193,0.0,0.0,0.0,0.010599993335803193
沪深300,2021-06-24,1,0.014292170047537134,0.0,0.0,0.0,0.014292170047537134
沪深300,2021-07-01,1,-0.02703808660601248,0.0,0.0,0.0,-0.02703808660601248
沪深300,2021-07-08,1,0.01242074893971612,0.0,0.0,0.0,0.01242074893971612
沪深300,2021-07-15,1,5.629472033175098e-05,0.0,0.0,0.0,5.629472033175098e-05
沪深300,2021-07-22,1,-0.05851992041539289,0.0,0.0,0.0,-0.05851992041539289
沪深300,2021-07-29,1,0.02028753038490616,0.0,0.0,0.0,0.02028753038490616
沪深300,2021-08-05,1,0.004987198580628904,0.0,0.0,0.0,0.004987198580628904
沪深300,2021-08-12,1,-0.022361185116671956,0.0,0.0,0.0,-0.022361185116671956
沪深300,2021-08-19,1,-0.012449250741442874,0.0,0.0,0.0,-0.012449250741442874
沪深300,2021-08-26,1,0.014120263828174329,0.0,0.0,0.0,0.014120263828174329
沪深300,2021-09-02,1,0.020659587095767096,0.0,0.0,0.0,0.020659587095767096
沪深300,2021-09-09,1,-0.03265788197609265,0.0,0.0,0.0,-0.03265788197609265
沪深300,2021-09-16,1,0.014491336813861055,0.0,0.0,0.0,0.014491336813861055
沪深300,2021-09-27,1,0.012059778118124864,0.0,0.0,0.0,0.012059778118124864
沪深300,2021-10-11,1,-0.012440769095192539,0.0,0.0,0.0,-0.012440769095192539
沪深300,2021-10-18,1,0.02148609783415889,0.0,0.0,0.0,0.02148609783415889
沪深300,2021-10-25,1,-0.01783906882591102,0.0,0.0,0.0,-0.01783906882591102
沪深300,2021-11-01,1,-0.008692025051679542,0.0,0.0,0.0,-0.008692025051679542
沪深300,2021-11-08,1,0.007054193532418429,0.0,0.0,0.0,0.007054193532418429
沪深300,2021-11-15,1,0.006148640621991719,0.0,0.0,0.0,0.006148640621991719
沪深300,2021-11-22,1,-0.012413484243953943,0.0,0.0,0.0,-0.012413484243953943
沪深300,2021-11-29,1,0.008492358938207767,0.0,0.0,0.0,0.008492358938207767
沪深300,2021-12-06,1,0.03907517853420073,0.0,0.0,0.0,0.03907517853420073
沪深300,2021-12-13,1,-0.04000550769109712,0.0,0.0,0.0,-0.04000550769109712
沪深300,2021-12-20,1,0.007970625478954663,0.0,0.0,0.0,0.007970625478954663
沪深300,2021-12-27,1,-0.0003150841986289121,0.0,0.0,0.0,-0.0003150841986289121
沪深300,2022-01-04,1,-0.024401303843001876,0.0,0.0,0.0,-0.024401303843001876
沪深300,2022-01-11,1,0.0032473419943013226,0.0,0.0,0.0,0.0032473419943013226
沪深300,2022-01-18,1,-0.028026218745780263,0.0,0.0,0.0,-0.028026218745780263
沪深300,2022-01-25,1,-0.014893821671707497,0.0,0.0,0.0,-0.014893821671707497
沪深300,2022-02-08,1,-0.0018811960674974815,0.0,0.0,0.0,-0.0018811960674974815
沪深300,2022-02-15,1,-0.005641181713440857,0.0,0.0,0.0,-0.005641181713440857
沪深300,2022-02-22,1,0.009955948099647172,0.0,0.0,0.0,0.009955948099647172
沪深300,2022-03-01,1,-0.07669345778612835,0.0,0.0,0.0,-0.07669345778612835
沪深300,2022-03-08,1,-0.06601506544536373,0.0,0.0,0.0,-0.06601506544536373
沪深300,2022-03-15,1,0.06814833036716128,0.0,0.0,0.0,0.06814833036716128
沪深300,2022-03-22,1,-0.028472728127276414,0.0,0.0,0.0,-0.028472728127276414
沪深300,2022-03-29,1,0.01813194521714312,0.0,0.0,0.0,0.01813194521714312
沪深300,2022-04-07,1,-0.004164785821197059,0.0,0.0,0.0,-0.004164785821197059
沪深300,2022-04-14,1,-0.04669849245032287,0.0,0.0,0.0,-0.04669849245032287
沪深300,2022-04-21,1,-0.01869949422272721,0.0,0.0,0.0,-0.01869949422272721
沪深300,2022-04-28,1,-0.00031623698391525235,0.0,0.0,0.0,-0.00031623698391525235
沪深300,2022-05-10,1,0.021944605305788123,0.0,0.0,0.0,0.021944605305788123
沪深300,2022-05-17,1,-0.011667819136321755,0.0,0.0,0.0,-0.011667819136321755
沪深300,2022-05-24,1,0.033433944154679596,0.0,0.0,0.0,0.033433944154679596
沪深300,2022-05-31,1,0.03135509541686243,0.0,0.0,0.0,0.03135509541686243
沪深300,2022-06-08,1,0.013841855438988748,0.0,0.0,0.0,0.013841855438988748
沪深300,2022-06-15,1,-0.001776439734281654,0.0,0.0,0.0,-0.001776439734281654
沪深300,2022-06-22,1,0.03529698263952308,0.0,0.0,0.0,0.03529698263952308
沪深300,2022-06-29,1,0.0005903161018330216,0.0,0.0,0.0,0.0005903161018330216
沪深300,2022-07-06,1,-0.02317149528590856,0.0,0.0,0.0,-0.02317149528590856
沪深300,2022-07-13,1,-0.008714647364548078,0.0,0.0,0.0,-0.008714647364548078
沪深300,2022-07-20,1,-0.013716793501097224,0.0,0.0,0.0,-0.013716793501097224
沪深300,2022-07-27,1,-0.037410296707249935,0.0,0.0,0.0,-0.037410296707249935
沪深300,2022-08-03,1,0.010513944007592757,0.0,0.0,0.0,0.010513944007592757
沪深300,2022-08-10,1,0.026089241655189666,0.0,0.0,0.0,0.026089241655189666
沪深300,2022-08-17,1,-0.031904499924116037,0.0,0.0,0.0,-0.031904499924116037
沪深300,2022-08-24,1,-0.0008769308400410347,0.0,0.0,0.0,-0.0008769308400410347
沪深300,2022-08-31,1,-0.005849702366359066,0.0,0.0,0.0,-0.005849702366359066
沪深300,2022-09-07,1,-0.006870564096493559,0.0,0.0,0.0,-0.006870564096493559
沪深300,2022-09-15,1,-0.03917936391267207,0.0,0.0,0.0,-0.03917936391267207
沪深300,2022-09-22,1,-0.010906252745946365,0.0,0.0,0.0,-0.010906252745946365
沪深300,2022-09-29,1,-0.01945839451914466,0.0,0.0,0.0,-0.01945839451914466
沪深300,2022-10-13,1,0.0006022378733012701,0.0,0.0,0.0,0.0006022378733012701
沪深300,2022-10-20,1,-0.032967325622581534,0.0,0.0,0.0,-0.032967325622581534
沪深300,2022-10-27,1,0.004615630353002276,0.0,0.0,0.0,0.004615630353002276
沪深300,2022-11-03,1,0.010359384851558406,0.0,0.0,0.0,0.010359384851558406
沪深300,2022-11-10,1,0.036077369502046874,0.0,0.0,0.0,0.036077369502046874
沪深300,2022-11-17,1,-0.016196781069799493,0.0,0.0,0.0,-0.016196781069799493
沪深300,2022-11-24,1,0.03672264500999489,0.0,0.0,0.0,0.03672264500999489
沪深300,2022-12-01,1,0.01653756190994593,0.0,0.0,0.0,0.01653756190994593
沪深300,2022-12-08,1,-0.0018160326128139337,0.0,0.0,0.0,-0.0018160326128139337
沪深300,2022-12-15,1,-0.029342179509563637,0.0,0.0,0.0,-0.029342179509563637
沪深300,2022-12-22,1,0.005388383302528554,0.0,0.0,0.0,0.005388383302528554
沪深300,2022-12-29,1,0.03220110457126579,0.0,0.0,0.0,0.03220110457126579
沪深300,2023-01-06,1,0.02348469814538956,0.0,0.0,0.0,0.02348469814538956
沪深300,2023-01-13,1,0.026298479768700922,0.0,0.0,0.0,0.026298479768700922
沪深300,2023-01-20,1,-0.009541961913462349,0.0,0.0,0.0,-0.009541961913462349
沪深300,2023-02-03,1,-0.008528043306620936,0.0,0.0,0.0,-0.008528043306620936
沪深300,2023-02-10,1,-0.01748528484210876,0.0,0.0,0.0,-0.01748528484210876
沪深300,2023-02-17,1,0.006578246181073055,0.0,0.0,0.0,0.006578246181073055
沪深300,2023-02-24,1,0.017113800618066666,0.0,0.0,0.0,0.017113800618066666
沪深300,2023-03-03,1,-0.03956131750009095,0.0,0.0,0.0,-0.03956131750009095
沪深300,2023-03-10,1,-0.0020972287340500495,0.0,0.0,0.0,-0.0020972287340500495
沪深300,2023-03-17,1,0.01723493364184292,0.0,0.0,0.0,0.01723493364184292
沪深300,2023-03-24,1,0.005929899057622645,0.0,0.0,0.0,0.005929899057622645
沪深300,2023-03-31,1,0.013300649480489701,0.0,0.0,0.0,0.013300649480489701
沪深300,2023-04-10,1,0.010857993427223267,0.0,0.0,0.0,0.010857993427223267
沪深300,2023-04-17,1,-0.0401843166930963,0.0,0.0,0.0,-0.0401843166930963
沪深300,2023-04-24,1,0.011954382017957954,0.0,0.0,0.0,0.011954382017957954
沪深300,2023-05-04,1,-0.009823211959556044,0.0,0.0,0.0,-0.009823211959556044
沪深300,2023-05-11,1,-0.008667739170964195,0.0,0.0,0.0,-0.008667739170964195
沪深300,2023-05-18,1,-0.026685574319969096,0.0,0.0,0.0,-0.026685574319969096
沪深300,2023-05-25,1,-0.011330995974548785,0.0,0.0,0.0,-0.011330995974548785
沪深300,2023-06-01,1,0.003498937447299122,0.0,0.0,0.0,0.003498937447299122
